id,sentiment
12311_10,0.9993442009781229
8348_2,0.013019187939337764
5828_4,0.8834494974315259
7186_2,0.1592088686167883
12128_7,0.9896105787180987
2913_8,0.8805325255493522
4396_1,0.04159181281266886
395_2,0.42959811848687535
10616_1,2.873902829062048e-07
9074_9,0.424571831212762
9252_3,0.1542747553916783
9896_9,0.3241290003676689
574_4,0.1646702596039478
11182_8,0.11008218626086874
11656_4,0.2108595057300733
2322_4,0.5594285041921029
8703_1,0.16119681976367245
7483_1,0.12213629486299342
6007_10,0.9919797060817639
12424_4,0.060875249191082545
4672_1,0.044694392827704384
10841_3,0.006279027590157667
8954_7,0.3592916579630577
7392_1,0.21506617404946077
10288_8,0.9743812445597935
5343_4,0.0018568208906818626
4950_1,2.9805851683410605e-05
9257_4,0.6009677333902574
8689_3,0.2088458741737777
4480_2,0.12078753276281802
9286_10,0.9797152203322931
12245_10,0.9984953811866244
7529_7,0.9850227141207041
4_4,0.007916745123820628
5299_2,0.009831376679724562
12077_8,0.9930198410061727
10701_2,0.0031340288704410127
11579_1,0.00982124612013864
10993_1,0.023437309953159517
8913_1,0.060363426307275404
1350_3,0.10747590227633984
3804_2,0.0017921898093615856
5025_3,0.0481015436236609
5170_8,0.9287615943928783
8225_8,0.9369813897642014
6427_7,0.9468251991764198
3165_3,0.12133370771032911
7902_9,0.9938502219200459
8208_3,0.0011153609779357325
3577_8,0.9367466685837473
4865_1,0.005443554559272784
9063_3,0.21950383418489047
1106_1,0.4898245220598082
1117_9,0.9845521903399005
1050_4,0.4020013150640725
10755_9,0.85380724542723
2729_8,0.8695143688544857
10072_10,0.9292342412184796
2904_7,0.9834483287198992
4584_2,0.9382980170778036
189_4,0.30197027742602006
6302_4,0.49238683921593995
8138_9,0.6871778497423435
1262_1,0.07245600939121022
2199_10,0.9620302041509979
6551_7,0.6453077348078182
8082_7,0.211253214493594
4897_8,0.9753008139269274
7360_1,0.13181875501045445
11012_10,0.9957706913841605
12046_1,0.43459741798377455
2331_2,0.9828860689951033
8961_9,0.9949117913783238
751_7,0.8284765972963274
9884_10,0.8641914263453296
10016_8,0.9880648959809237
8023_10,0.5980625514101622
2628_1,0.0031296066706763145
5832_1,0.017426923576252806
7302_1,0.02592841791719247
4501_3,0.15477779082574292
1121_7,0.6158662758648898
8334_3,0.7053156410144819
9789_10,0.4012886592581471
4230_10,0.9716864577183927
824_4,0.01981395764876903
6803_9,0.9017739201362972
3086_7,0.9950310195724007
1135_8,0.9630475569629823
10136_1,0.024193307445627272
11129_3,0.0038942933425103344
2072_8,0.49447666199114304
9501_7,0.8786043501618853
319_10,0.9436847326982576
1693_7,0.9938565064442967
10886_1,0.002114870126251429
9406_8,0.981436068949738
10376_10,0.13737985511687556
9902_1,0.022902750716234
9938_8,0.5669411487356679
7080_9,0.9611576628386822
11944_8,0.2622608711368159
5249_1,0.0011277145168417388
9599_2,0.25230068635629266
9620_1,0.07388839985305617
11244_1,0.1439326083140033
6841_10,0.9994361712223907
10050_4,0.8934754609321043
10512_9,0.9956259407819987
11327_3,0.0007956413676698413
10681_8,0.9015181852273174
808_3,0.21989330153908224
546_7,0.9993151295928113
10765_1,0.0013794436292865154
7189_9,0.07591728319978451
6005_9,0.8517173053760196
11915_9,0.995544597725099
5740_10,0.9858273594689999
7097_10,0.03131072197591327
9573_10,0.4870150070394213
5084_4,0.4605212634659066
12332_7,0.6020134647846979
8154_1,0.00936208610989316
5610_1,0.08433444128576571
5323_9,0.8035445960173759
11034_8,0.8055445902234908
3977_2,0.2441430885820547
12380_7,0.11963082199738477
1737_8,0.6429660740165518
6030_9,0.5227643794936809
5918_7,0.9024768921865121
7061_9,0.7873218312692832
266_8,0.24704928703637397
1375_10,0.9987018457520171
8648_3,0.015126644940534615
10146_10,0.9907910109805731
4578_10,0.9700879083425508
4685_8,0.9891897411578854
11843_9,0.9705125280882826
5467_10,0.9968520423678018
10140_10,0.8699831693750307
7721_8,0.9989518846066062
11208_10,0.2635942428347822
1063_10,0.9675462636075431
8260_10,0.32597431551832495
3182_9,0.9670837695601188
2797_8,0.7406301639625819
7613_2,0.895999688720717
11624_4,0.04143825840421009
4847_10,0.990784983786586
10684_7,0.9506683342840413
6312_1,0.5905376912481275
4925_3,0.010372701604497856
4125_1,0.001466050997229641
2394_10,0.9999044129141684
12105_10,0.8857310321441804
7812_1,0.0006402296962551595
1061_8,0.8923681721040142
9343_3,0.281151372870005
7696_10,0.999485178493483
9355_10,0.995812694927241
782_9,0.9969801993748083
9882_10,0.9999816260940988
10642_10,0.9993998739403982
7410_2,0.011098706339099013
9591_4,0.016101569013189924
11902_3,0.3736096470265198
3495_7,0.02822218699632433
6733_1,7.660632971051922e-06
4552_1,0.0010896899508661838
6722_1,0.048438258956208895
188_10,0.9371982076774854
5099_10,0.8985287221824614
10313_1,0.037720479914439664
6756_9,0.8367212508951237
6622_2,0.0055620814030566705
4807_10,0.9945916720513832
7173_3,0.45625952828430677
11321_8,0.7945091480320092
7909_9,0.23561182472296732
8012_7,0.2808958493507049
8615_4,0.10586470204458101
8117_10,0.9329547187437925
1892_10,0.9801344524094832
4617_1,0.38452923730520555
1893_8,0.9822473969646739
5435_1,0.007890730950120472
162_3,0.0073582505112227605
6516_10,0.926702095020557
11588_7,0.8785522605010855
2006_1,0.010959691727036834
1594_4,0.1504537284973004
1472_1,9.705857925036832e-05
3647_1,0.6109119694176737
174_7,0.7857916836880346
5539_7,0.004504646757751457
3384_10,0.9928517723935306
3811_4,0.7104231269079595
4079_8,0.4217346852935859
1179_7,0.7174264504783286
3069_9,0.9961692925005311
3769_8,0.7881840877171539
9247_10,0.9480649555110449
10434_1,0.0035731277459236576
1147_10,0.9923350700343234
5344_7,0.9864626515458819
8073_10,0.9869895290288447
7833_3,0.007185868220994289
8370_1,0.03366753738545858
9007_8,0.005938346047726441
6624_7,0.42070251848383555
6683_3,0.04180080440442911
12275_7,0.21598805335098514
11927_8,0.967411225447511
1560_10,0.997445867136363
1325_9,0.7923771628914384
3548_8,0.18568336385218018
607_1,0.0004521449633579478
6702_7,0.6492419077225772
5702_3,0.029921631094489698
11345_8,0.9382360393158161
3428_4,0.21567101776786488
7209_9,0.9995393600041759
8425_8,0.8868963636614219
3087_1,0.005994049320151037
1119_8,0.9077703326024288
5715_3,0.23067215021185564
8645_1,0.034823176963545074
2149_3,0.0023528010868293114
10403_10,0.3566309690187504
5628_1,0.0221562990837825
5570_10,0.9694615196019475
1613_3,0.06897313481748825
1454_4,0.9642552625458851
5094_3,0.05489315251015931
7982_1,0.2526752031008453
6894_2,0.614527843934079
6554_1,0.06970252493153858
4721_3,0.2576145863891215
6904_4,0.029586021428189356
893_8,0.9905433290201004
4605_4,0.47817208629640945
11516_7,0.39032940623442036
11718_7,0.9986097901725844
5956_1,0.0016603642576671043
7455_9,0.9920400448704297
6396_4,0.6649564197706971
1223_8,0.9625765873019513
8556_1,0.018619524053478973
6108_8,0.604990857368638
11690_1,2.5976018718362387e-05
3778_9,0.896049316680953
3627_4,0.2071686759211102
8256_4,0.20723169215813064
533_1,0.00040925114485469125
5235_4,0.04113629517320666
621_2,0.03901169038803747
5365_1,0.6905621845638203
8180_3,0.4030606149537149
7396_7,0.2311552248178782
9776_10,0.9864150382738425
8175_10,0.9699074806101293
3128_1,0.12357722425903057
4606_1,0.05159970553762042
6158_2,0.03948133326130124
3281_10,0.8796188454030351
4723_4,0.02937796082688646
11994_3,0.08551097226876758
7701_1,0.0002471618493177486
103_3,0.3345743313937395
8908_10,0.9732476845814412
8876_1,0.0012348675084289159
7519_9,0.6867652213665557
12456_8,0.41169034298465673
9514_8,0.8111303410322802
8680_8,0.6500612170779051
12402_10,0.9802871353107931
362_2,0.03106402167321769
9825_7,0.7716518685952312
2913_3,0.305598547514946
7164_8,0.7302732539017692
11177_7,0.9460059283609171
5707_10,0.99772783813778
8103_10,0.9546317953986131
6289_1,0.00040485655840233087
11754_1,0.4087834111414119
11640_10,0.9996390107204615
9933_7,0.7906930694445371
185_10,0.9719954928248538
242_10,0.9928052502772804
9369_8,0.8379944391167686
7453_10,0.8820153741071382
7514_7,0.7660525563554192
10860_2,0.010348894808777742
8663_8,0.5150087886054638
9108_1,0.01839487718294087
7941_1,0.008836673534268204
10116_1,0.0005392584268619421
9841_4,0.20764626270929437
4512_9,0.9196983048932249
4853_2,0.11830416900703647
2664_4,0.37665265810807463
9966_10,0.9802344124872675
5167_2,0.04545187873631774
3894_2,0.04981760327014349
3929_8,0.7069514794156111
7165_10,0.9896326623530856
5451_8,0.32040202646725824
2947_4,0.6024808940196451
4611_10,0.9421333297905551
5807_1,0.2445277892216403
9464_8,0.7964262011927369
3124_10,0.6048494978466024
2705_4,0.9628057101417266
12187_8,0.9990650073824039
12319_10,0.925371575947529
9874_3,0.23039598652221555
3406_4,0.6455870029328947
2327_10,0.9990768135717875
605_10,0.9667325327579923
8080_4,0.10148482796577295
3074_10,0.9944143495886664
2499_3,0.04298779851482307
1013_1,0.9102521282720184
11535_1,0.002537478100254864
4118_7,0.8604152786884567
10492_8,0.9985862814360221
2129_4,0.2604584463379143
9814_10,0.07540260518519494
10671_9,0.6289629184949421
5980_10,0.9847984716704383
2755_2,0.1050444286122784
5461_2,0.2796000868643456
11979_1,0.05216951550509713
8810_1,0.015539280302025818
852_7,0.9072684167836391
10961_4,0.05698293546119946
7436_4,0.21115060532144464
11281_3,0.8535936944300692
4208_3,0.09808626435538656
8213_10,0.7699869760532655
9851_2,0.313908792523323
4713_7,0.7290354560633301
9528_1,0.9730229938004311
3595_10,0.9947398469792066
5785_3,0.9314335803943168
10370_3,0.004837908846587686
1980_3,0.7266332996056727
8800_4,0.26691298317147605
4437_3,0.4036588067360735
28_3,0.2118155758655979
12171_1,0.22293374543029496
9359_3,0.18352847205049605
3831_9,0.9992226928813945
10962_7,0.97418654152995
1500_9,0.9279176018638084
11470_10,0.9675648537931547
11843_3,0.02925654176740887
11200_4,0.4413263201772784
1067_1,0.0011904579818847003
3333_1,0.0037048913357153445
4487_4,0.7191013861858999
6428_1,0.03958289246326027
575_7,0.09597437590466847
10904_9,0.7369915645217773
11821_2,0.1964320448039006
11605_1,0.1417814195423719
1111_7,0.6586506689718382
10295_1,0.5432722772071241
1146_4,0.082414090903426
2405_9,0.13764109219863643
11081_10,0.953798783344648
2201_10,0.9903486203154823
4844_1,0.04245948087593645
11007_8,0.9982834991401638
6535_7,0.6396039600406763
2653_4,0.0194399353833095
8245_10,0.9306277750505643
9951_8,0.9904220380836177
6133_8,0.24622925451819835
10006_2,0.003952586533321206
7350_1,0.4334788219076457
4509_9,0.9976257052522963
948_1,6.675649541261974e-05
3987_1,0.046178031452305326
2947_10,0.3112044037516127
6041_3,0.025347889745876172
2946_1,0.04103842700999475
11967_4,0.0030825393476219677
1185_10,0.9996840574948838
10323_2,0.7640272090342541
11706_2,0.00012768722057087631
3663_1,0.013607178454055069
5602_10,0.998669178457814
4870_10,0.8890435221314982
1994_1,0.06925725186763387
10807_7,0.904520028163884
6871_3,0.9402933580639994
1175_2,0.01797000155127078
10919_7,0.9813890928223356
8127_10,0.7854091267580658
12497_4,0.49339327186287624
3274_1,0.5304848283321519
2568_3,0.00638889334213883
840_2,0.08211872815589907
5626_10,0.9999936511056856
7561_10,0.9952285383833093
4600_3,0.35793750784711686
3324_9,0.531753432564688
8899_7,0.6674000416975364
5592_8,0.6569022880038538
12483_4,0.025361487239069072
7874_1,0.0002357929478090366
5878_10,0.7444421289556333
4303_9,0.5077291959441883
9421_1,0.006875575949438226
10269_4,0.04896190119484904
10615_2,0.2581521411438947
2634_10,0.8892359537800375
7522_1,0.006004184850754348
9289_10,0.8471673711826229
4636_10,0.9162831210616947
1241_7,0.3879162171721997
9458_9,0.6455223033862884
11690_10,0.9969028471283757
7176_4,0.4465686969392586
6212_10,0.9886623268612816
6319_1,0.024569896151056498
5229_3,0.2735589616559652
466_9,0.9979681228788874
8693_2,0.735637979881075
2952_10,0.9968432285423445
1128_1,0.07590618377260056
3975_10,0.7240510606689239
11365_10,0.6974276338278701
2074_9,0.7816721565652693
9768_10,0.9999944110780344
4895_1,0.36159005196208166
5726_10,0.9619254240247818
9993_10,0.9953586036377156
11319_2,0.8212275871674718
10561_2,0.21108489245208298
5455_8,0.8082711484094256
10684_3,0.1627727888316482
3652_3,0.07154026101125499
7825_1,0.009991013884754409
8806_1,0.007911758671743025
275_10,0.8023383699410886
2246_1,0.023422384362813985
11968_2,0.0012971080983562942
2528_1,0.435874687887314
8491_8,0.8464861377796022
13_1,0.30239316785944487
4530_8,0.9541442278251411
5207_3,0.04085298777484409
11648_10,0.8330660036587996
8260_1,0.03798885399032784
10730_10,0.9126229155204939
10402_3,0.1981214808426079
8077_1,0.003327229498966888
8598_8,0.7658915935583207
2809_3,0.004793152128178404
12490_10,0.9665536983557239
1447_9,0.9882671608467241
1605_3,0.17593200957002397
2311_4,0.00731592811914416
3235_9,0.8480846086830166
5725_10,0.9879597739318738
9025_10,0.9730078251004597
6049_9,0.7045261375837386
4803_10,0.9889009792574616
191_9,0.9816491170805259
420_3,0.42099299401817725
5238_2,3.089019861123787e-05
1280_9,0.8772563145209634
9408_4,0.08401614341791322
819_1,5.61559881396178e-09
1656_4,0.009393940445838262
9964_3,0.12091672892478066
10404_4,0.4243294519942159
12369_10,0.9948357999682665
6423_1,0.017951733107341147
9942_8,0.5702536021763778
1519_1,0.010722397126273087
100_10,0.9791005978185049
3216_10,0.9366700384190821
3909_10,0.6411045835082546
5034_7,0.9942250954725695
14_8,0.9983748392057671
5891_3,0.05773536451411174
8496_10,0.9997831527084144
7429_1,0.012706288503540854
9457_1,0.000677223469859161
9602_8,0.981140446889775
4198_1,0.025387409373277246
154_2,0.35537207989709396
5070_2,0.01429338391743262
4207_8,0.809036093850952
7758_8,0.9669473609296957
4439_9,0.986571494672251
12042_1,0.0033862472356304
7244_1,0.0015515582904010612
6854_1,0.0009255081607740826
11932_10,0.9209878566510228
4151_10,0.9217257046420511
7265_1,0.06674525503338959
10272_7,0.9750598166613983
4256_4,0.17796022449691629
1225_7,0.8227077964147399
956_10,0.9894526600143803
6389_2,0.006103544919964319
1365_4,0.057755488753743534
4752_7,0.7244678426679318
276_10,0.9962541821008584
8766_9,0.9330110668678194
11225_10,0.7795748423178256
6920_1,0.00020111989776154746
11536_1,0.0046355480607424655
1923_9,0.9883775383099178
11460_10,0.8358623824546421
10054_7,0.9415132658427446
10845_1,0.0003765098717605846
10231_4,0.6163495473693095
9430_8,0.481254791505381
3226_2,0.009879613905652023
4298_3,0.13736623528978656
10635_4,0.05029627026171212
10567_4,0.007066526776784661
5460_10,0.9430067902674976
7310_7,0.7614951334016175
10330_2,0.001962006199654964
5151_9,0.910643867941586
11_3,0.7583312152767882
1448_8,0.3030860237223025
10130_8,0.8376972662725203
2199_3,0.011457972980870494
1761_10,0.9472798648937522
2782_1,0.0073979608818250196
7618_10,0.9868037252167671
85_10,0.7665900632658614
5730_3,0.09208511159216497
3641_1,0.1753953009502078
8190_9,0.988190413149173
9533_10,0.9993810950841084
9508_1,5.290851326583314e-05
237_8,0.9926830372688346
3981_7,0.8430705112509712
7194_9,0.7013539074279492
10584_8,0.6570716928903014
248_2,0.013807663444932136
8358_4,0.0014006206216908709
1218_1,0.0007363413625777003
4191_10,0.14017340950735244
3090_8,0.8894537071533515
11923_2,0.12705915196745435
1640_8,0.9472808693895778
9972_3,0.008664560761936441
11818_4,0.4605521936374233
4350_10,0.9512316353522674
877_10,0.08324073445147964
10017_8,0.9472863895851583
7975_10,0.9986137317465223
8436_1,0.09615517644350016
6024_7,0.5059486917293335
3112_1,0.019390025444845395
951_10,0.9802429821071302
1622_1,0.0012443585505108636
191_3,0.2489379814361753
5669_1,0.04930134808909586
1891_4,0.14662556824787984
12173_9,0.776012147388015
7887_7,0.7344824316990636
3256_10,0.33501342796250194
5419_1,7.633552117110948e-06
7635_1,0.08206947637005577
8297_2,0.05193376988806302
7137_8,0.44639632357104686
7562_3,0.1740000688954836
9944_1,0.0005664999796461064
4288_1,0.00015051952638820524
8087_1,0.2563121398256874
4771_10,0.9899104322805721
10482_10,0.843370083832108
5324_10,0.9961491257262948
3080_1,0.0006340450933068828
10923_7,0.7975248419960662
1753_7,0.9962799018530196
317_10,0.9416869462731533
12474_8,0.7386324771500782
773_8,0.9770230019829383
388_1,0.08618419920240293
12141_2,0.22325661373248634
5667_1,0.32992034317162644
1071_9,0.965862661317798
2897_10,0.9506581786892617
9481_4,0.07135541267537782
12025_1,0.005502839891533243
8879_7,0.8750233729101812
5683_1,0.04478023575426537
7026_1,0.001119769755795231
2439_1,0.3703873991116841
3631_7,0.9119948042596873
1650_9,0.1295632813892045
5378_7,0.9904813508078824
9745_1,1.0596116119408802e-05
11563_8,0.9683387672882056
299_8,0.9534892317475467
9471_2,0.05090337857537572
1866_1,0.11482876387908668
2639_4,0.03639370648031028
5122_1,0.09786530387332469
12341_7,0.7744974466742215
2936_8,0.9955368956313552
8647_10,0.6965535156548526
4255_9,0.9068374311289478
7262_8,0.16080914973588156
8413_10,0.641841629260839
10080_1,0.008367021485828479
3973_1,0.6051462320426028
8752_9,0.9998871138855663
4018_2,0.06098409896228092
7669_1,0.01733266143415902
10421_4,0.08450374688473865
7854_8,0.9868857156901713
162_8,0.7026479308217436
11614_9,0.7702887770309581
11343_8,0.9754713230309076
1708_7,0.16441327611533255
7115_4,0.9376071463386706
10498_10,0.21896812456180265
2944_8,0.980994163801034
10474_3,0.22765534926015682
1263_1,0.07453367948720246
1693_4,0.723405866240803
9600_9,0.6131260377161042
11173_2,0.29894062245787073
3961_2,0.09132305632981033
8011_1,0.10722151799772735
7386_8,0.46606925453533476
8787_8,0.982786100213971
12349_9,0.9495804020638783
1776_4,0.044679387275686766
5885_4,0.8821461071538421
220_4,0.010162768744449604
5547_8,0.9987258018407634
2853_1,0.06982130208720178
2157_2,0.07160641040147991
11667_2,0.0497273711799802
194_7,0.8085408263170757
1633_1,0.0038388018975584796
6897_2,0.044612573620108606
11568_2,0.22065478309901512
9219_1,0.12028421418160573
477_8,0.9703996279982081
8980_3,0.4584094467597174
4612_10,0.4185409192986683
8030_10,0.8954666869709721
1846_8,0.9998876277758948
2786_8,0.9669305122061843
2634_1,0.0012748024774882065
3110_8,0.9158141530934519
11587_8,0.7082251153398259
11262_8,0.8053812020805601
5680_7,0.17539700615703196
4583_4,0.038051856903719844
1451_1,0.0069584774174498674
4244_4,0.04894792976168037
6176_4,0.01854429643404117
8851_10,0.9958155545907601
908_9,0.9327696926149457
7494_9,0.16173115721956413
8061_3,0.06004733157998431
789_1,0.43611058190714935
2374_7,0.9711045763742511
11225_3,0.013205981253295312
4467_4,0.0038186922218653857
8516_10,0.22626557203441908
4121_10,0.9612516827998364
10267_7,0.4809832729424393
6040_8,0.8019170233688627
8338_7,0.8423966897032905
2903_7,0.9951184323938899
6662_9,0.9315056029699893
5333_10,0.9719117516771935
7470_4,0.00903262578582532
8813_1,0.20777056337917615
4514_3,0.9951086483196612
9584_7,0.4205690611602668
11706_8,0.9634721309751061
11538_8,0.9117632187815022
4210_1,0.0014688681690277188
8984_1,0.0013872746527628127
3431_4,0.030859065751847905
4973_10,0.9640148418421336
12260_1,0.009505941291263219
4267_10,0.9746827183889298
9906_9,0.9891653941135361
670_7,0.9171848929719979
6270_3,0.005192661571175845
5164_4,0.04215034294162373
9741_2,0.005670288168994624
3761_8,0.7268082665352265
2651_2,0.0736351374940853
7448_10,0.94359550753571
7184_9,0.9988292831509278
1313_9,0.8847316722737182
10654_8,0.9945624511406664
7151_1,0.0037639229353686075
2320_10,0.8265143172713527
12033_7,0.5192000423346399
6429_1,0.014485870491025073
1420_4,0.9340656886616563
3002_7,0.730519709745276
1299_1,0.0432599322221251
7897_9,0.9117543666801761
1529_4,0.14371182012539974
9760_2,0.07449774055832134
11318_1,1.0180017834973962e-05
2217_3,0.029334855938880782
11641_2,0.05852714917313814
7238_10,0.9936105851411481
7710_8,0.9252475779519723
12011_8,0.815320337932898
4495_7,0.9774234747443875
11144_4,0.6807976006399046
5625_2,0.09040418421457967
2926_7,0.03387509109129067
8538_8,0.7968873556732899
8875_10,0.8482501836313601
10881_10,0.9919446866430598
1662_7,0.9727595799590856
4560_9,0.7344180623176463
6714_4,0.0017131320202559903
9059_10,0.9222715444586451
6631_10,0.7444693497666298
8520_1,0.0013833136122752912
918_4,0.3411282850127012
3102_10,0.9441353231890417
3611_2,0.01639070118225519
8434_10,0.9881277300849128
681_7,0.9994190016170702
7386_4,0.021724260219858973
7566_9,0.23148012976436572
10110_10,0.9690323460097103
10486_10,0.9509621185784026
1492_3,0.2182721575864586
11823_1,0.08598110367018057
2331_9,0.9516948452175017
2200_2,0.02837556706415346
9547_1,0.057630287396137445
785_2,0.0012709509751075716
5101_4,0.05260170551265174
5657_10,0.8319908887286229
6902_7,0.5531603813691898
1490_9,0.5670419564366663
7148_9,0.9511657593992394
7387_8,0.44095595264856463
8277_9,0.9532500408399098
6912_7,0.8627479944932992
170_2,0.862358749288799
7702_10,0.9998153450727558
4393_3,0.008561248073775582
2608_3,0.9340845298706607
4931_8,0.9606340905687928
10589_10,0.9858480394952641
8623_4,0.012191362239996336
6057_2,0.03294775242054757
2704_9,0.9857691440870399
1790_2,0.7108726081987767
12370_1,3.1000080919898245e-05
159_1,0.0014762067454436728
343_9,0.9937963870478279
2128_9,0.9837418766613186
11181_8,0.8178698463608137
11775_10,0.9736333054418301
3514_10,0.9818419809756377
6993_2,0.0038557903527640445
2866_9,0.7686316912677201
1000_9,0.9965553082411254
11772_7,0.23622480964554585
3355_9,0.4945913325876576
8519_8,0.6465762479776351
7879_3,0.1351353087768681
4332_10,0.987626384878616
5403_1,0.007910863391148468
1514_7,0.16116387912460994
7904_1,0.0029197536939716156
10550_2,0.046993991386550936
11442_10,0.9607401417733481
2821_3,0.001317096011209065
5766_1,0.002034274875321885
8061_9,0.9616737099145355
2166_1,0.0015608736694656896
6206_1,0.027394538021262585
11124_2,0.022544584308379925
7625_10,0.8329095372294086
90_9,0.6949181038524133
7959_10,0.9876667060951223
7029_10,0.950076702541133
779_8,0.9966530408202996
1101_4,0.05729222510002907
11189_4,0.2770727176585613
9790_4,0.035629336505062864
10861_1,0.06432653754608302
5902_2,0.14555947004250586
9545_10,0.3693742437255376
3730_1,7.592594764649874e-05
4951_9,0.5731357170476082
3295_1,0.008498895669751084
9495_2,0.09691173639117857
2876_1,0.4295442588191637
2796_1,0.012570139479727876
10338_3,0.17141993925516688
10913_7,0.2771596355154642
4685_2,0.001991884869107108
11586_1,0.039175443999530594
4904_7,0.6424512739855835
7110_7,0.43938887997434595
2086_4,0.15832482719615243
7372_7,0.7216117623046746
135_9,0.9234568808368225
7038_3,0.47411763984922933
1119_2,0.016259943335787917
5057_8,0.4188211013580323
3479_10,0.9992218672554012
6489_8,0.9942680492337818
4910_8,0.9390090054990732
5979_10,0.779069283440104
11304_1,0.02457202268164436
2102_9,0.9938271798194273
8048_1,0.01706953958407855
12153_7,0.732165481076571
4832_8,0.846228842345472
3079_9,0.918406958423714
8254_2,0.0029534680430545416
7981_7,0.8682342262196953
611_1,0.365953078641901
307_10,0.6500152866163099
8861_3,0.0016265223429208424
4635_4,0.5095770751055194
6197_7,0.9675635751863589
6739_3,0.3558238906827091
8588_9,0.9391491934617535
8461_7,0.3996698934691545
10089_1,0.0011196211994858587
2609_7,0.6874863983989075
1418_3,0.4100250930805417
2661_10,0.9001679369765104
1253_9,0.8029153151757149
8815_9,0.9506460917537914
9867_8,0.9847177209430876
2155_1,0.01130577539365451
12259_4,0.29218285697575963
11224_3,0.08754077723306229
4781_1,3.887982724115578e-05
4354_9,0.9966620416011189
9629_9,0.8046798829280664
3629_9,0.9947961213002553
6445_10,0.9921537257462999
9526_10,0.9989266331810717
5138_2,0.06496199052520009
349_10,0.9958040148568107
2099_7,0.44455462092257664
4411_1,0.43985326319641393
8127_3,0.034932941913338476
5225_8,0.9075981619675948
7970_3,0.013413171110093934
5688_7,0.6989104656418583
12099_3,0.012984906992607346
6020_4,0.2889470967037169
3892_8,0.9774231313712155
2098_8,0.9808548407631981
4851_7,0.9671847562506244
10967_10,0.7745324730010252
6230_4,0.39361749020638737
2211_2,0.08016342944176427
11978_10,0.8088998494087872
8802_1,0.0025486634172594423
11010_3,0.004470508219955812
10083_2,0.49109013123074097
5588_10,0.30854649926672556
958_10,0.5159691930854139
6771_4,0.7458047125099233
6767_9,0.9175160863442977
7302_10,0.9930348000202577
5324_3,0.00522294699732358
7737_10,0.99322232581805
8603_10,0.70660756608881
3029_7,0.9941077923871732
8640_2,0.0290671828738838
2139_1,4.370258335151721e-05
6305_10,0.9993415249590342
6884_7,0.9478857841719575
5534_8,0.9154004474420694
7619_8,0.9920284159268526
10057_8,0.922755642490015
972_7,0.988038529433962
6245_8,0.6609547253669604
6627_7,0.9622135435457636
3621_10,0.2255591998268153
2290_4,0.7992105906757592
24_4,0.3814839820023908
5689_1,0.0006350716867226289
6497_4,0.12167925417900528
12405_4,0.9486825472511841
11720_7,0.9993643150407733
10088_1,0.0014632065968851933
9258_9,0.9998744363718054
354_4,0.8459905173457155
4770_10,0.9727957660958563
1035_3,0.4800202103066502
739_1,0.004452708370204835
6267_7,0.9248530919072507
1562_8,0.9333479838141644
1438_1,0.010670684452171881
281_8,0.9938903405155184
1818_1,0.8499756339500082
3943_3,0.10342137814988549
8116_4,0.6577427122894203
6984_1,0.005485450091293051
5330_4,0.003207396336826868
8821_8,0.9782129735937606
10484_10,0.9968585460181297
1886_4,0.028848739644673344
7943_2,0.4934297731662265
6438_7,0.9618610194373318
8931_10,0.7858580599403497
10538_10,0.8509716620894481
534_10,0.9992486227354631
7329_2,0.030874685348800914
6614_2,0.7400649864723914
710_10,0.9037868756732299
3120_4,0.13021917773828945
9046_1,0.0033042530044958087
5638_2,0.33201909256456086
2455_4,0.18461533089335713
2652_3,0.1645913198293115
11006_4,0.7601214918425536
5065_3,0.0022039287716937106
9805_10,0.9254688403355131
7092_8,0.982660160576695
1735_10,0.9136412594692207
3609_1,0.0018227602272743815
1201_10,0.9879683693433803
11024_9,0.9990656861880302
3807_10,0.9902789142190741
4483_10,0.880587877640027
4510_7,0.9608394036401806
8037_1,0.3918640562598502
1760_1,0.025492170905096038
133_8,0.917176196947729
9039_8,0.9582032308861973
8462_4,0.8312016470822574
2468_10,0.955589512517578
7684_3,0.02662024911463731
10350_9,0.9987418463947211
1199_10,0.9989202745483066
8560_1,0.0012266270581816022
6405_3,0.004503577507050051
1295_1,0.006564976839583758
6420_1,0.008379168256840444
12183_9,0.974225049510851
11619_1,0.003975105878222183
1415_9,0.8539987931154907
9414_1,0.0030830761998544816
7640_4,0.10272130353832679
9211_9,0.8413492839216408
557_9,0.7682447433622087
4501_9,0.9642766001968059
8711_10,0.5121754492933455
2402_1,0.7620200668222452
4586_10,0.7497910989150395
176_3,0.03283552725187259
3545_1,0.10272528341224531
8932_1,4.563350743773278e-06
5829_10,0.8997821534786707
3409_10,0.9765793064491541
3636_3,0.5194692036376454
12048_7,0.9871994301853682
10468_10,0.9701175286844561
11546_10,0.9002278883779666
9444_10,0.9995193478233393
6275_1,0.03450743965573493
152_4,0.42799539345685816
4767_9,0.8520807081231255
6751_1,0.004756403705116244
10245_4,0.02462236302079796
5407_8,0.7920528303137758
1923_1,0.046730162168562725
515_9,0.5100400446534908
9988_1,0.20762618154108667
5928_8,0.9622965377884936
10163_4,0.22208561801014395
7969_10,0.9199434961754838
1494_4,0.03329993112153513
11211_10,0.9419695577440803
1957_1,8.669976455474581e-05
8484_7,0.654902763997176
848_2,0.005425251382789631
5177_1,0.06469330130765444
10667_10,0.9013343414013082
3075_1,0.010965294240170096
9443_10,0.599340258747722
1572_8,0.9149279945728523
11285_8,0.48866746477037354
3125_1,0.5674252708570978
9265_9,0.95156272935051
4072_1,0.1839049501991679
6390_2,0.22800083450861117
6496_4,0.6931941422541413
8766_2,0.0024477936690905457
7787_10,0.9653915631893827
5897_10,0.9998667744794555
9027_1,0.06250487800246897
1538_2,0.025671352094739502
1220_3,0.0033702824846872145
8600_3,0.07308867653179835
11432_2,0.36735081858982266
1424_4,0.31278396698063254
7344_10,0.9783319976279025
10842_1,0.17370163581781334
10332_10,0.9631930106629214
4340_4,0.34069041037284364
4868_4,0.24503424809764354
11216_9,0.7415945496021205
12027_10,0.561376640619068
6785_7,0.8872111371805502
8773_8,0.9930177145633777
8119_4,0.523920909726301
10138_10,0.8722198381837627
7197_2,0.0003011240709466069
1536_3,0.09553083262976016
9981_7,0.7830978253339207
4753_1,0.1261609345327949
2795_7,0.009609709021666074
6672_4,0.016905865546371968
10805_7,0.8720247208036251
5866_1,0.047962872706911804
570_1,7.60874269414139e-05
11965_8,0.889584746022187
3288_1,0.05741861200940537
8135_1,0.32630550987900575
10094_9,0.8431321099739092
5845_10,0.9954779956058503
3570_8,0.12598278785368036
1240_1,0.15034617998559735
231_1,0.0027932331311512327
10628_9,0.8003521769245292
3536_1,0.0069084223054130325
1852_10,0.9675730470467478
8202_7,0.6967205132095301
5907_7,0.6902907355082482
1759_10,0.9420560162153756
4492_10,0.872089124262383
4844_7,0.21429670106796758
3189_10,0.8092979869220015
3403_10,0.9655674496154071
5874_2,0.0003659583740046574
7809_10,0.9972587801374159
3632_9,0.9882452428266392
11767_2,0.9475357198338343
9925_3,0.889115717342556
4218_1,0.8859488284216935
12036_7,0.6842140185583939
8973_2,0.01957672466534452
2464_10,0.9480057071460503
4094_1,0.07562058594788214
10592_1,0.006120377446675388
10648_9,0.9767874267764216
3887_10,0.888454607128933
9092_8,0.9376734271696534
10666_10,0.9944501409570117
8389_10,0.6763442693416535
5281_10,0.9712285900016242
6946_1,0.009673142200555776
1132_1,0.007787580601776992
10052_4,0.02095177637763797
768_10,0.9999957617927864
5432_3,0.03588472554629832
7424_3,0.003844156491106663
2366_2,0.48450084232533136
2865_3,0.13717087697134198
7806_2,0.1747263456398197
8878_3,0.16003096777630094
6298_7,0.989053560671833
4517_4,0.018207054459648094
12018_10,0.9892005844609824
3662_1,0.004673540624632566
11393_10,0.828618535057714
2071_10,0.9980106138011711
8217_8,0.9896171504560343
6568_2,0.021438782528250024
3840_10,0.9905986986005757
1666_3,0.4739094007017342
2360_7,0.9204374454299248
5778_4,0.28818224473086457
5341_4,0.3667393300521648
4044_2,0.00036587816548198205
2503_3,0.014704525469132187
4095_10,0.9144897822859286
2092_2,0.02934779856306247
2707_3,0.002235496572306536
573_10,0.6846321218846899
6441_7,0.9376983461789874
7565_3,0.044220389135313426
9499_7,0.6088522139586944
657_10,0.9999169929219281
8840_10,0.9902060901685246
1407_4,0.4236527835808137
12453_2,0.2985672454230461
8273_9,0.9622165413076205
8366_7,0.8003677969554599
10643_9,0.4156284565344617
9998_1,6.404050645258782e-05
1385_1,0.014216641586108539
1354_4,0.1280127144247409
4674_7,0.47511072230057994
3515_4,0.35393838872260025
10426_8,0.9751856711045831
10226_3,0.8527231531984611
10391_4,0.036120956770301575
9968_1,0.0060586418273085784
2893_3,0.002445644376966113
2546_9,0.31800807074913234
37_1,0.009908776865342875
1757_10,0.9965848638389225
1569_8,0.9759761236397082
1466_3,0.02870628862004495
7783_1,6.218726053397427e-05
9506_10,0.9252689127288728
10835_3,0.002561942202621753
2917_9,0.8828809097069108
2495_7,0.9891779434200687
1686_10,0.9854976705497016
2414_7,0.3898443178351722
5318_8,0.98062891353124
8858_8,0.9039822843365183
8112_1,0.002632599107951015
6532_2,0.031017395923754746
2526_10,0.7550791078267163
11089_7,0.9021160371722325
4297_8,0.5307180882053586
3179_9,0.8642934332235057
5832_10,0.9996810199117432
10539_8,0.8133358038281707
9226_10,0.5236820109555038
9878_1,0.5352825523559933
7940_10,0.99973337019227
7195_10,0.9276583866422022
2979_1,0.14630263039150584
3597_10,0.9999956444874216
2931_8,0.745402850054286
8571_10,0.3950197961709154
12148_1,3.0032195704119523e-06
4047_2,7.754888823005992e-05
6164_10,0.9679933510281202
2214_8,0.9791719423392901
5903_1,0.06597453563006414
7931_9,0.5195896315685476
1205_3,0.34183549703113014
5983_10,0.9828284569297937
10424_7,0.613126443943926
11032_7,0.8561639125256807
1303_10,0.9516648848827655
10390_1,0.005495756610097593
8349_2,0.04377304269432665
3605_8,0.8788481180049501
12273_1,0.001477402259545317
60_1,0.04118468683673183
3879_9,0.7491823387538865
12431_4,0.047103649181955164
4499_2,0.028218236171194774
5786_10,0.6954417933551613
5521_4,0.9465621638742634
793_8,0.9911869519628163
7948_3,0.1474408136171422
9022_2,0.022428638334247995
11071_1,0.00172602428101457
4991_3,0.5483556404281973
8226_1,0.1409852512658104
8762_3,0.2112700133460382
6918_4,0.17392358193770607
844_10,0.8868861434499821
11503_8,0.22982467662283132
7406_8,0.9667625636003595
7743_1,0.06513937474371177
514_3,0.04346515839954565
10927_9,0.9787283053571478
3731_7,0.9995448522827031
8870_4,0.6350856654958279
11099_10,0.9994764231626488
8456_10,0.8642277436976861
10944_7,0.00939621430621803
7168_3,0.06364475632776403
3378_10,0.1838467999616065
8203_3,0.7701640917820569
5676_1,5.4113377756167806e-05
5061_9,0.9646693792051692
6238_8,0.5134548780782376
1136_8,0.3936685281454733
6234_3,0.11490549174268985
9510_3,0.5955274408098065
9632_7,0.18485571921386643
4357_1,0.04991588062858925
1176_9,0.9889033312340708
10821_8,0.9995981488969028
4143_4,0.11426477628225232
5074_8,0.68613898436963
11673_1,0.006313307507291822
11072_2,0.0011477808291050782
1816_4,0.5227887219423507
3974_7,0.7341526146111884
796_4,0.09300417822242021
8540_2,0.11567316629233267
10959_8,0.8850024337676703
4576_10,0.18554087983736745
7030_1,0.33149698552428647
3340_10,0.9508335852762115
3223_3,0.008296098909570518
3030_1,0.2133461315031883
4194_1,0.00010289813239043846
11322_1,0.00959949836012106
1785_1,0.03729679264864816
7109_2,0.015533607702823722
4120_1,0.0009495560901281694
3024_7,0.9766831034510441
589_2,0.13039752783878153
2480_10,0.40521556114225793
4878_1,0.0343788914999402
571_1,0.44949293228292875
12156_8,0.9843714055675871
7547_9,0.9918171823712579
6577_10,0.9970036811975439
7101_3,0.07795222883223285
1731_3,0.19247090071524742
10424_1,0.027833346592833572
9056_10,0.9903579259888641
11959_3,0.06641125202711086
6952_4,0.002675115753230673
8709_10,0.8735267075505879
4716_10,0.9910086159704682
2393_10,0.964914103308377
4007_7,0.6074007307490606
1196_2,0.6456461887758848
8483_1,0.014526916252996498
1840_3,0.517501814039746
6108_1,0.037537817337239966
4621_8,0.778307557233542
11332_4,0.9976585700083915
8800_10,0.9999741784933703
886_7,0.9929912962897087
6495_8,0.23926127148160448
6193_10,0.22065443658652015
10297_1,0.006938213772045526
4233_1,0.09162173221472408
3121_10,0.7627677059655402
1681_10,0.8737751958419823
5789_1,0.0854109837642019
6446_10,0.999948956295001
479_9,0.9371039129260538
6401_1,1.7805980722375055e-05
7602_1,0.018896035260372025
10792_1,0.003842746807560274
11436_9,0.9427207026252534
6944_1,0.22163869868585515
6275_9,0.06953893942613973
7314_10,0.9976874049990728
8887_9,0.49774138643572513
1835_8,0.9825186464688698
8403_7,0.4709205082382744
2090_1,0.014545175871085229
12310_1,0.895318327141547
9795_9,0.9819420864530622
4260_1,0.014218867214972265
3214_4,0.23866348298897433
10974_8,0.2900956664458653
3374_10,0.15268644766161735
2251_2,0.20900679280285178
2325_7,0.8395192096179789
28_9,0.9685362555655735
1758_2,0.3252548598272263
1222_8,0.9757481026819215
1229_4,0.32116934789863016
9791_2,0.5896248915913774
3433_4,0.02384080083675504
10847_10,0.9964282027137297
5020_2,0.0005861818709787289
9652_3,0.03381477142433012
1739_10,0.8123317759938916
10441_4,0.7163569849435532
9002_7,0.7297607556137257
4304_8,0.9843456874909984
290_9,0.9702621213338831
1339_8,0.7634867738509193
10899_1,0.20025975028515444
8723_8,0.20553761693631767
12487_7,0.6314859857983269
10384_7,0.5806057080259508
4673_4,0.0009031086991590098
11679_1,0.016397357054046168
3938_2,0.05481020696364226
2253_10,0.9938703549804999
198_7,0.9873224434720914
3346_3,0.18635302706278825
11543_3,0.0027005383701502283
8463_1,0.06654272820071161
1297_2,0.000227995614089333
4689_1,5.161110127655889e-05
4681_1,0.032022910229216016
961_8,0.9725739354916756
9865_2,0.85553897636954
770_3,0.05301684879553052
10495_2,0.18794110651834162
6302_8,0.8467937595226465
6232_4,0.4888107627446418
10098_1,0.020073578676142928
8905_2,0.008916682523033407
8853_10,0.521604291274858
6081_10,0.9967828972215496
12_4,0.23857092692046686
1291_7,0.983022469243219
1679_1,0.2255114794383412
996_7,0.6696874675248005
3343_10,0.9599360532804121
6083_10,0.9991839530575705
98_9,0.9486032036958986
962_4,0.15067446374347754
4857_8,0.9792612384536548
12394_7,0.6188570250595828
1321_10,0.9868384831268967
8994_10,0.9810654223177177
7788_1,0.1843613622399234
9708_8,0.8669477075017328
9523_1,0.20055896078923194
11785_4,0.16148861718277074
5440_1,0.07023259453503633
1091_7,0.9391456585324826
11584_10,0.9642326450273883
5369_3,0.5342168625748417
3165_10,0.580278301434606
3686_10,0.9836396244700297
7069_10,0.3674563274790886
427_3,0.07467438010943243
895_8,0.7824700725198045
4565_8,0.5592558070415931
5139_9,0.9033811154493612
5027_1,0.016680431946100558
503_9,0.9984228732917496
7630_1,4.742499116842345e-06
8552_1,0.724395361455522
4322_3,0.0005301707086553725
3492_3,0.9690556078828894
5301_4,0.04606344683216772
752_4,0.04619647708952013
4307_2,0.006007987733657962
4901_10,0.9855251477785095
233_2,0.85257045651145
10789_8,0.6138740810946096
270_8,0.9946079219055656
11442_1,0.351982506517283
3688_7,0.8579597547911184
9928_7,0.23835964619572944
6563_8,0.9496295080384163
3437_7,0.89200427101629
10495_8,0.9979014367260501
8775_10,0.9997356707374321
12172_3,0.27822848421029217
10085_10,0.8994821682244905
8394_9,0.06683907687295398
2607_10,0.830453311870355
6645_10,0.8772039982478688
301_10,0.9587242172720256
2153_10,0.9924042057480735
1967_3,0.02674723861977976
9604_10,0.9685622178169778
10665_10,0.308924945243722
5409_1,0.006245391580442416
6707_10,0.9992727201184355
3847_7,0.662726885064345
9261_10,0.9939879039619612
3772_1,9.743538839645197e-05
8950_1,0.0015972376295509813
6591_2,0.1224471487983798
2765_9,0.08434557065586729
4166_10,0.9857389437020562
11418_3,0.11223340736216349
7137_3,0.1825198221185471
3710_2,0.0444573749515546
1153_4,0.3955534608346737
4155_8,0.7650502246595097
9221_10,0.8589721613101373
8917_10,0.9622783642924005
6066_4,0.5526409311505353
5366_10,0.9947572033812725
2520_9,0.9014660744924915
11677_2,0.4052373404075482
4032_2,0.0004061451643735124
4041_2,0.0018074441663279014
474_4,0.23937149187872764
6392_2,0.05323517581883426
6545_10,0.9724328160208273
5009_10,0.8671733278608218
3060_10,0.9149604713510362
11033_10,0.9620004481714483
297_10,0.9857486858038625
9099_1,0.015086530652003393
10496_10,0.915429725930164
5619_3,0.8778003850415911
4226_1,0.010249656292716857
10483_8,0.9951438483706759
1966_9,0.9992234064072115
4024_2,0.0026177072163449094
6448_9,0.9847320521459739
4252_1,1.311573541098247e-06
250_10,0.9231866780618098
10753_3,0.09616841719986675
1005_7,0.5435084279169164
4415_9,0.8316942243997083
240_4,0.9916396804585241
108_10,0.8834439414334414
1393_1,0.5750122867675345
4236_2,0.45429269012702045
9208_2,0.11370659074742104
7156_10,0.9509352988137677
6490_1,0.0128589019719817
3518_3,0.012495989228771879
10308_1,3.8682124055842394e-05
8706_2,0.3651538330677102
8674_10,0.9283197663829666
8240_10,0.9592495272998229
11890_10,0.9482005042392017
976_3,0.4505383484449562
5025_8,0.9980763844883058
10206_8,0.9742959805257673
11921_3,0.11275811182658894
8344_7,0.23032760781225095
295_8,0.6696015098309216
2121_1,0.005821130767737882
6978_8,0.9432452405243538
707_3,0.09464026994183664
751_1,0.013275605147747982
1931_10,0.9990513065526555
7197_10,0.9545746650682065
11032_3,0.0010575406350120983
416_10,0.4133210796027874
1384_2,0.018157082457659842
4114_2,0.20541787019487198
9450_10,0.9897992843661764
6877_7,0.958291887136693
5092_9,0.9975296447788764
3402_9,0.9847768196877105
9517_10,0.9984205496421248
8566_2,1.4575579998993347e-05
4493_1,0.018137779857963558
842_1,0.09521674729955805
4926_1,0.07084699344256447
3398_9,0.9888583651277265
8857_10,0.7225636155132289
3696_9,0.9720296763747036
1952_1,0.021572000707724807
5516_3,0.03727682654907558
3297_10,0.9637077027899849
8396_2,0.02395693078608756
1928_4,0.16702589357093042
7216_10,0.9999532709788219
1648_3,0.0007682431052771076
9312_8,0.7852399271916091
4392_2,0.006193476865280188
4740_9,0.29599432156993793
2985_4,0.000861380515910313
6407_10,0.23691437422364797
4015_1,0.13604279849959333
911_10,0.9999255604608507
7898_1,0.038537899093906675
5241_10,0.9274896683696364
4955_4,0.05219530282272446
4199_1,0.0013167935436196817
8319_4,0.8657455943479323
6340_1,0.18322337826883564
2003_1,0.08250958178505208
11213_3,0.3381944733717668
5109_4,0.23492134646066393
9400_1,0.3332856565130671
10719_7,0.8374255400550906
6848_8,0.9778449212122631
11398_1,0.04219868910989594
2606_7,0.8497609705877711
5646_1,0.03971926734742556
4103_10,0.2779511552810818
8906_9,0.879918280695444
6997_10,0.16624566862880621
9990_1,0.10501634241123248
6573_1,0.05871162505494321
8530_10,0.38111242970264947
8382_9,0.7018991285574947
4207_2,0.8756269535359034
8794_10,0.7609477911864302
917_9,0.9994222869861283
10739_9,0.9986434023390148
4286_1,0.005152814238066943
1763_1,0.0611321974114364
5173_10,0.6930615763518075
1764_1,0.015661296415149
3614_3,0.2405617358120866
3880_10,0.48538439083295926
4059_1,0.01930354237193375
8786_8,0.9449755357689575
9553_2,0.25518970994327556
10599_8,0.10806449956248482
1048_4,0.4229375789410589
8136_7,0.9090531993710228
8715_8,0.9085707660613908
7667_7,0.5798155436925542
5647_2,0.0010616076221672153
6267_1,0.0029871695399917905
12444_10,0.9491943805060098
7390_10,0.7151640782853164
7260_7,0.9778796675824436
6170_10,0.9983437758351088
2181_2,0.12472447979354724
6196_7,0.9923084310683771
12058_9,0.4137008198033839
8915_7,0.2673092617750584
6816_10,0.9935788218279176
730_9,0.980951482959461
5808_10,0.9737700343378207
6256_2,0.0022373647750973838
5157_4,0.6259247200101878
7970_10,0.982700324171186
6991_7,0.5015031533149238
7112_4,0.27132651456166834
12136_4,0.5309233449173583
1554_8,0.5918433694808534
8289_4,0.4528548504423622
12452_8,0.7853517740275082
6181_8,0.8475023156658935
6237_8,0.863866007354163
9724_10,0.9900610269948402
7991_1,0.003886669628426512
8185_4,0.45346465127577995
12162_1,0.08904645391660264
8330_9,0.9720150008749436
84_3,0.00261161147075689
4879_4,0.6140591340848667
1173_7,0.9948464045722525
11095_2,0.8054820825816167
9934_8,0.9344140303472708
10791_9,0.8265262971609687
5260_10,0.9645788764606111
3123_3,0.044331875975114815
7500_1,0.07884828617401118
9472_8,0.7833652337778662
6349_9,0.6418188024445983
8706_8,0.88745066072435
12385_4,0.006438946602568721
12409_4,0.3300842223237917
809_10,0.9975286946524641
11380_2,0.23139677761266814
4975_8,0.9436006805239499
5069_3,0.08851207082324743
8132_7,0.7650275676848332
5628_10,0.9982067922560868
12329_8,0.8741308316926694
8217_3,0.030218376318397078
251_2,0.27576240763120496
2901_7,0.9540261986404277
4588_1,0.0022299560572779536
2647_10,0.910353555063395
6020_9,0.9982926819691202
7171_3,0.023826966187291135
5880_10,0.9926642550217765
4842_9,0.9813842177767754
10657_10,0.9933015529088165
11858_7,0.7763200332568811
4656_4,0.3722860901337725
9293_10,0.8810277626811532
10702_10,0.9994183580940843
6277_10,0.9935820083673355
7223_10,0.8408423025264911
11150_8,0.8877515871052454
4768_9,0.9975878005768867
5703_8,0.9380097941705033
9249_9,0.9070018500710604
12051_10,0.9783048921528857
5740_4,0.022955675753388815
4882_3,0.24327809662843983
11575_10,0.8670293599003447
385_1,0.0028821249460992235
1569_3,0.35587604756876373
7449_1,0.02974876112598388
1977_4,0.3411868551467371
6134_7,0.6712482360041733
2384_8,0.9980663114402868
2437_10,0.9671305191074244
643_7,0.8566909407489084
7334_10,0.9966132803706362
12228_9,0.9783083489447714
8579_2,0.006930279013532749
4093_4,0.0024967546680293483
233_8,0.9872100029939821
11852_7,0.6425565074274162
11027_4,0.8515550650890426
5409_7,0.9049972401351051
9332_10,0.9882191237846057
6530_9,0.42182815954206365
7815_1,5.356233857131802e-05
8317_10,0.9963154114549098
5382_9,0.9989462535723775
3183_3,0.742056555232087
4997_8,0.8741773201517272
11553_7,0.8091431582110752
718_3,0.1128037787976802
7128_9,0.9301048021534671
11977_1,0.36505537342876143
10820_3,0.3431851029104444
3539_9,0.9562307472746141
2386_1,0.01639098884938655
9837_4,0.4728209950306932
2941_1,0.17298286217374595
6669_1,0.00280673571548294
10927_1,0.06832542414881795
57_10,0.9979030140818307
12252_2,0.04638019520385202
8926_3,0.041964924995373847
3044_2,0.1631969489295901
9758_10,0.9872609226449515
4584_10,0.967769775477543
1467_1,0.17076747167332137
7846_9,0.9802179458141973
1982_8,0.9810815531434479
5705_1,0.0035668223945846417
9754_7,0.9535251657996869
9594_1,0.003504452312616657
7405_10,0.9997645510445763
8469_2,0.8840859630086108
3713_10,0.9998286490439053
3381_10,0.9166373198556527
1913_10,0.567757752392757
9423_8,0.7427490711668083
115_9,0.39617422074290304
9784_10,0.9186659012639692
1148_4,0.640888829538237
2911_10,0.9542435847461107
11328_9,0.9980281288737682
5087_1,0.5860674500135619
3983_10,0.3129459377407487
5216_1,0.05751741891072913
7961_10,0.8884253231970042
10134_7,0.9346933655043432
9379_2,0.39757215421631703
4715_1,0.0010910130206088133
6501_10,0.998194598545842
4146_4,0.00485263572535412
12159_1,0.17286860460255823
11661_10,0.8524546237112682
7995_2,0.04083259947951798
693_9,0.9627226181728399
1411_10,0.996385413188456
7091_7,0.9033666371975824
2576_1,0.049027100453880625
8207_1,0.003845532901753268
10877_10,0.99927150785528
5444_10,0.8475712768044827
9409_1,0.0006791256450374168
10020_1,0.05228571741934445
2349_8,0.903560601476764
4942_10,0.9974732426415084
2839_1,4.32312949626713e-05
9419_1,0.0006216209139488951
10661_1,0.038685462052877304
5659_10,0.9650309098880264
639_7,0.8448611175238069
5946_7,0.6082085356422212
7231_7,0.9806121274363486
4220_4,0.5254993115977644
3698_4,0.6678804420401304
1060_2,0.19486232074855495
2398_3,0.004823319984780514
11073_3,0.016063192351141585
8336_2,0.0004957963002445285
5975_3,0.10744916363908784
4727_1,0.02452119641745538
1596_8,0.990363710465055
5471_2,0.14507373851846495
11204_10,0.7438184282734835
8810_10,0.3480245599439497
11125_3,0.021727304867410552
9607_10,0.9841112022625226
6517_3,0.08612908458901614
10232_1,0.028861677464049086
7708_10,0.99996873601905
1753_1,0.039506232729919724
10946_7,0.7833352175722939
668_4,0.18797915484229027
3794_4,0.9936897305650787
6867_1,0.6114606069986871
9428_7,0.5691644870519227
12366_9,0.9935244103589225
12056_9,0.9519255674605973
901_1,7.028120540077099e-05
7714_8,0.9505408473562675
6389_8,0.4180548048558059
4148_7,0.4853558587548409
5062_1,0.04713980345998122
6835_1,0.5266186331196577
2901_3,0.27540910830524135
4724_10,0.9952265730338731
764_2,0.37254396845287346
6729_1,0.003268651453887005
8284_4,0.0960811155795465
11928_1,0.17196443506567724
386_1,0.00023442019150164708
35_9,0.9808286482844304
4458_4,0.254272378590845
9627_2,0.26691564547082924
8112_9,0.9326535941386949
6026_8,0.6428262119289017
12188_3,0.255456775411872
3477_3,0.12554027904448797
12242_8,0.6872743865202183
11594_4,0.27230828493013165
11360_10,0.9999908473766111
10299_1,8.375410511658573e-06
3829_10,0.9257368641760507
8324_2,0.00856013033738464
1285_9,0.9290453695680309
11370_10,0.9984836101705168
8051_4,0.24239767369764534
4420_10,0.9977243509583671
3843_7,0.9304290235445559
10520_2,0.13101923089975887
12146_8,0.9487052672166527
1502_10,0.5317072597692768
6227_4,0.0006993149366521875
3191_10,0.9237802860779436
4569_2,0.017769952382978082
7647_8,0.42199180172675244
6372_9,0.9960805128703192
2105_2,0.030178866440841563
4180_1,0.04121979924112937
11212_10,0.7053455112739281
1811_9,0.9995418457973001
2868_3,0.006863078821292854
3773_3,0.006797488213613064
8386_1,0.0414955488157302
1072_8,0.8970264185722842
10588_1,0.4324050242461439
8858_1,0.0021084032505112316
10831_1,0.06257671105745652
11926_8,0.7945637477621469
11521_10,0.996922561648016
4037_10,0.9973294592007558
5119_7,0.9347796355573734
11438_9,0.9996725055966432
8275_2,0.022482176795227314
4879_8,0.8157470912275235
4520_10,0.9967279357245864
2510_7,0.9413918310309803
510_2,0.04344990235571776
1283_1,0.019686981774814594
3733_8,0.96972797064042
7708_1,0.02508874540563597
12219_1,0.4545367153637849
11654_4,0.43206114225694753
3229_7,0.8109815686618059
3579_8,0.5780575091051845
1534_4,0.0010827148469083835
7498_10,0.99843709005848
11392_10,0.7283125420317633
2949_1,0.010706181234754445
407_7,0.9285256333857744
12388_3,0.03140775356932433
7779_3,0.35495097274592957
12409_10,0.532767370048673
199_8,0.9000257134695918
9330_1,0.045499452601412776
6196_2,0.7871576182499145
1576_2,0.019792156943738808
12123_4,0.0473608138626031
871_1,0.28673813736804
867_9,0.9991694466800255
12186_1,0.019257455829161045
11357_1,0.0005411443168161429
9327_4,0.007316231281077615
3092_8,0.9439961352796643
6097_1,0.10624482838500358
4170_4,0.1072968373662795
3724_3,0.587990316723036
4219_1,0.39161309349202267
12233_10,0.998342391462881
12050_9,0.9421027736148612
124_10,0.6483120184882013
9521_9,0.6505842899914923
7991_10,0.9910016395864008
12284_1,0.00041078741616960054
8452_10,0.9318371671971037
986_3,0.06602538132814292
8504_8,0.5563819045430315
9427_7,0.9394632574274381
2359_3,0.511819908571808
7026_10,0.995210774449824
8726_8,0.6727997292813687
4971_1,0.010681888052275419
2990_1,0.031554089470867415
5285_2,0.09541335684365743
9953_10,0.9537468765002968
2170_8,0.9315048852909898
10963_8,0.7203925904249854
9176_8,0.9938249846849428
9639_7,0.9723505376024086
1781_1,0.001021686034923451
1293_10,0.9699056544349886
10225_10,0.9090599650017243
3821_1,0.14687534793598797
1206_10,0.899154207445096
5513_1,0.0007894394410718133
12475_2,0.11108269616714037
11508_9,0.9996687617881403
6358_4,0.12468448063357997
9646_1,0.000115147862453793
7957_9,0.9340651689691384
5183_9,0.844053721867251
8322_10,0.9181599238507164
4171_1,0.9073298352193302
6498_2,0.12193980578768007
11893_1,0.3004405206224819
8209_10,0.9567158189305368
4866_3,0.06982331243585797
1077_3,0.42924076919931337
10916_7,0.8122197816360882
6027_4,0.5995922134647645
9308_7,0.9179060860171262
7130_1,0.00013525617177121766
3326_4,0.012274886422675836
6680_3,0.4510365386444752
1707_8,0.5268148524620063
5106_1,0.010457313851946889
1408_10,0.9767014810388298
6773_8,0.9939115728257488
940_3,0.08101186112448223
10890_10,0.9966331574620818
3678_10,0.9380635390807417
6871_9,0.8162014516088884
10196_8,0.816721811877948
12369_1,0.09564591856310559
4070_10,0.9980316249823026
11755_7,0.9892719528303421
9095_3,0.5218985750137753
10863_1,0.007425268223049899
7109_7,0.6874834680319237
1844_3,0.007893822359326749
8228_2,0.1383696992548962
9631_4,0.08199643340715033
3920_4,0.184512875977566
19_1,0.001652108578838178
3929_2,0.35873327265512484
1506_2,0.00817607899296978
6877_3,0.38022396951835447
12154_7,0.6293432460080522
6572_3,0.4130623841047657
1557_2,0.0024761028623031737
11836_7,0.464732053275119
9380_9,0.6213754556415996
11725_4,0.1362318748350118
6317_9,0.9766509450020961
5022_1,0.13769498599069296
132_1,0.0005554497836254075
9303_8,0.33771182573546393
4739_10,0.6213673813418724
11228_10,0.9995691236420848
7913_1,0.6786398905573259
1304_3,0.0009472855473236688
2725_10,0.9998970020767133
8484_2,0.015584423892876249
1866_9,0.9943605746777537
12446_9,0.9808194242027071
11406_1,0.0017525065220967255
7056_4,0.3432837713957407
8615_10,0.9642209794332024
12284_10,0.2817085674914731
3279_9,0.9974913973075756
9243_1,0.9078331498517958
11_8,0.5458133692317438
427_10,0.9173131093707544
5446_7,0.8972617951444825
846_7,0.8030827214514836
2545_4,0.5170573785344573
8635_10,0.9725596876092395
4410_8,0.9822295904138072
875_10,0.9975487873698556
392_2,0.00574612028515076
8819_3,0.006658964838106565
12202_1,0.024709197150825302
1370_4,0.9748318064512634
340_2,0.01429153550617476
179_1,0.4376273867428365
11332_8,0.9825617355367298
10396_4,0.8680634749785207
8321_1,0.010668988215990423
6384_3,0.018305508636904985
5951_9,0.7141088800908479
8137_1,0.014340621240958086
12009_10,0.9181540914077705
2103_8,0.9802476555538202
11153_2,0.0008547345912645436
4945_10,0.24299172953566536
3193_3,0.002857395959053356
921_9,0.9704090829362367
10446_10,0.948788604026155
9961_9,0.9973146436217145
11420_4,0.013235104210005202
6954_2,0.004140354934734093
8430_2,0.540125484408184
6749_3,0.6621297701348804
5997_7,0.7126659863506448
7611_7,0.4374928748478376
6292_8,0.6897372658307465
11314_1,0.001021049768203434
5143_2,0.040131915491306194
9517_2,0.0934401998322019
8259_2,0.0011246602544917614
5114_8,0.9988120405277012
3574_9,0.9424448516732972
11464_3,0.42982182345279113
11457_10,0.9101193017170549
2496_3,0.0420901141706819
6795_1,0.13998756962548944
1904_2,0.0024047146025285493
11524_2,0.006007987733657962
8223_1,0.23354071202175536
5566_3,0.006144031627565515
3550_7,0.959425155929578
6059_10,0.8344317065680031
4580_10,0.5099591474342738
177_1,0.03025869416225822
8790_8,0.9510502668708961
7784_1,0.003189238141073233
11892_1,0.07808301634491936
6235_10,0.5208980684509985
6493_4,0.010412644933501719
764_8,0.9936034857295356
4052_7,0.12557657721538149
1663_1,0.010128639919644416
10437_1,0.14247613960128133
1009_3,0.7605487534626024
11664_4,0.025937538157991463
8909_10,0.8757923330688653
9200_3,0.9402785263441102
7919_9,0.8913644363295541
8603_1,0.03547286329252355
6976_2,0.1581218324516767
4261_1,0.0053244220472913485
6636_1,0.0012221206475357992
10707_9,0.9991521754726227
1155_7,0.9828949263960598
7050_4,0.4016835030198287
1360_3,0.05940136185142117
8176_7,0.8323569932780954
3301_8,0.8018648535088715
6684_3,0.006260787496712071
2742_3,0.16690456204147538
7159_4,0.23312915060508918
8944_3,0.0048576510942429105
2077_4,0.04386823509397109
7145_10,0.9909439432117455
6216_7,0.9511374957830553
8606_9,0.6553126616900108
10608_10,0.5863832696330089
8441_4,0.36332586869698963
1782_8,0.8115814210965241
10939_8,0.3140340386427907
2702_7,0.9990043997256528
9210_1,0.0006193020936596989
9075_8,0.9650387281209607
3412_3,0.014881749805459362
2859_8,0.9522776516771014
6326_4,0.15823242057713824
94_2,0.08701485143660595
3691_10,0.9229987181014354
2679_9,0.9729578362786695
1568_4,0.11789323193816224
3540_9,0.9287567445362793
3710_10,0.8613583774372986
5691_1,0.12353285531134393
9699_10,0.9622757802507995
9207_4,0.11070993622450391
286_1,0.11966304775555534
10891_1,2.739647751504051e-05
6177_8,0.9414815151537221
9817_2,0.006346149614818524
8871_9,0.6576888351523982
290_1,2.127935535047436e-05
8388_9,0.8608617370535492
9195_7,0.9509037322512282
1164_9,0.9940952960474089
2332_8,0.5173825601602744
5406_7,0.8698851516805601
2476_3,0.5745929839118986
11381_3,0.22129904277513962
6518_10,0.7889430744721646
3474_1,0.4129115779441854
603_8,0.9952942313661386
5448_4,0.003415737079250449
3624_8,0.4973597695226579
11569_1,0.3263566698785581
9353_8,0.9551148759291557
3119_2,0.8343452632642834
382_4,0.09241934054295127
8569_8,0.8274761014496494
2312_10,0.999367317250577
7531_1,0.0012168160951440917
7150_4,0.7948588332870902
5496_8,0.9821106945461198
1979_1,0.06845532514365443
4158_2,0.2528806665764155
4790_7,0.960491018998596
11971_1,0.0320114646385303
197_10,0.9533596727293733
3453_8,0.9550413506518832
915_4,0.03800580386312558
6991_2,0.30877873392662614
7524_9,0.8562982706858939
7474_4,0.4186913376958623
284_2,0.002921669664864004
12483_7,0.8226017476274525
1141_10,0.8735948594930986
7739_1,0.045969364328784276
6488_3,0.36204050742451377
3117_1,0.20091968943847885
6224_8,0.7832662729524604
9737_4,0.4655015396438856
2399_10,0.9949838773212583
1044_8,0.9925607741097708
1153_8,0.7812677252437986
11664_9,0.968431328218693
10015_4,0.8692613084713868
7622_1,0.09300137602181117
8743_10,0.9944210461288663
356_3,0.14781890463482436
838_7,0.8483973441048596
4922_10,0.9997168144172657
3623_10,0.9184653357900991
9424_1,0.1324050337075638
8473_4,0.845091335585443
9996_10,0.9979625311245179
11242_2,0.5495195988088927
11889_10,0.9926039964320841
11131_10,0.9560195574353327
386_10,0.9599441370460319
6534_8,0.9948152907576358
11420_7,0.19944368530681195
3119_9,0.9727041119826065
2708_2,0.04175858654794153
2817_10,0.8697201940288908
9425_7,0.9948000710796966
11019_2,0.5284396822252955
1747_1,0.21595566115012002
4493_9,0.7377463581922336
4728_1,0.12151710387390623
6856_2,0.0021692715369815156
10273_1,0.23508104925236023
4822_8,0.8660233458987375
10475_10,0.79081924913072
2678_3,0.039941253833245
9979_8,0.941064153301369
8090_1,5.319130051216828e-07
10022_4,0.01261845821394615
5137_1,0.00040261714009243155
6787_10,0.9620587899777406
4027_9,0.9999470734458756
208_10,0.7307054548790609
569_7,0.9302759358284198
761_10,0.9652272624222685
2603_9,0.8807382846555825
11692_9,0.9411557941184079
4374_2,0.19432262075502604
5581_10,0.8030361198295596
10601_1,0.48114385843555785
637_3,0.023613799560928524
10238_2,0.7174710441857675
6717_1,0.00527849522170641
9145_10,0.9020805340120325
1047_4,0.8308360786236901
6173_1,0.00011057894466446872
985_10,0.8500982139596543
4964_1,0.0050763626511562635
7104_1,0.0026640968260546625
6293_3,0.8724561517425912
9060_3,0.005507382873762767
1894_4,0.7994078424403693
4650_10,0.9932243429659132
12475_8,0.9350582362374872
7563_9,0.9999939011418633
10996_9,0.9869979327224445
8315_4,0.03415518561481236
710_3,0.021490810395116113
3856_7,0.956839897880748
10613_8,0.8435971443566184
12141_9,0.9541019758888238
4666_1,3.656350891034328e-05
292_3,0.04985970293328455
3316_7,0.7504050924358241
10482_4,0.047632326926111065
9703_1,0.29671450511962716
6905_9,0.9964003611221443
9138_10,0.9813935660421532
10417_2,0.01929630942684122
7977_1,0.006706821225667348
9350_8,0.9173315520900427
4514_10,0.9987024713312792
3964_4,0.6628947366299147
6014_4,0.4218601667626393
10198_2,0.1956409059397953
9059_1,0.013211602032751504
11254_10,0.7613396830357259
2032_7,0.6309173768109833
6895_7,0.20029848975205478
6921_2,0.29293574964274655
9174_8,0.9960803432399669
367_8,0.5195157350192012
11410_7,0.0345384346424493
9387_7,0.7458082994889728
2227_10,0.9855935587646227
334_2,0.03144229854363494
334_9,0.6649453891115517
10893_8,0.9901381144696662
9414_10,0.9259782299555869
9725_1,0.0041702987006732774
10779_9,0.6681928698819579
8654_8,0.5839971796957923
9032_7,0.9929242655413255
9775_4,0.12674955993992332
7687_1,0.0012826991674612087
12206_4,0.41887515857291685
7720_8,0.9502643511650887
6774_9,0.9129165773351356
12469_1,0.009204162634832121
7249_2,0.01269004552688015
5146_3,0.6281540122482996
8629_7,0.020093460218892217
5292_3,0.9945776919125197
8937_7,0.9909760385274384
9221_4,0.6865478155173639
3203_8,0.7607532117365702
6964_2,0.03302624818361456
6120_8,0.876910967994586
6962_9,0.7827626479326079
4139_1,0.0008210022103919285
3957_4,0.045764843619210974
9305_3,0.05110237014375124
6863_1,0.05206171189106465
2164_4,0.8365791168926571
12378_7,0.03362431943559021
10834_10,0.9991773548762647
633_10,0.8492648527500615
10071_8,0.8896062807212588
8167_1,0.0033213021817124883
4232_9,0.9665499279626372
6710_8,0.8648281213702866
6055_1,0.018372416547313163
8169_8,0.9781269498037345
10291_9,0.9247263979449241
8149_10,0.8913749008002106
2499_10,0.9958143445226234
4370_2,0.04499614904852199
4031_1,3.7800390207473345e-05
11372_3,0.18205821658341745
9619_1,0.8932629768178808
8822_4,0.13912293081991262
7096_10,0.9862868040996087
7009_10,0.7369903498670661
2442_10,0.997638718430506
442_10,0.9754790218417804
4783_1,0.02043125958294272
11837_9,0.8514854179612769
5214_8,0.9593584933349221
134_8,0.96537202926447
10948_1,1.863418098330068e-06
3011_7,0.9991940977511959
4339_4,0.4926440343748984
9638_3,0.8449532255202337
7186_7,0.8386241341144678
7702_2,0.13974157216394043
6586_8,0.9775090718840249
2420_8,0.9633238758673361
1911_8,0.38193375721218303
4707_4,0.5086383541226152
3954_10,0.42964983239968224
12071_3,0.8851814733872748
10010_9,0.9879872917776095
8844_2,0.23893684757641448
12312_1,0.13368271550910257
4874_1,0.0906828085221987
7270_7,0.8189511567650871
3497_1,0.005779137910818784
9928_3,0.6255362723899762
11109_1,0.010128704058340116
9016_8,0.32283095668926365
1125_10,0.9882901091970735
9695_8,0.8268815543380525
5756_9,0.060407728830679436
11452_2,0.08873194127313909
8488_4,0.004153221398811694
9825_2,0.014745406751005387
7054_7,0.9313816118293199
4359_10,0.9098429472126225
11411_8,0.7479262683052642
9618_8,0.7177175226264894
12226_4,0.8690958478513751
7752_10,0.8978485218647502
9274_3,0.5376388122746428
12069_10,0.9575386366115015
4591_2,0.25846350372618293
6065_8,0.9268103858104739
2344_10,0.5117362236487342
10299_10,0.9979482577681384
8934_9,0.8798913999231547
5041_8,0.9493646451006924
3885_7,0.3573798625546886
3994_8,0.9330784833212766
11907_9,0.9992046407959483
10181_10,0.9094519090279731
2714_9,0.6632581036653273
1571_8,0.5852787622013563
6621_4,0.02833475278403729
1062_2,0.08473060057778546
379_10,0.9880297438429255
62_8,0.9292722096858436
1926_8,0.9423938232948104
3428_7,0.46656741265588336
2175_8,0.900531980524012
2006_10,0.9992669882770359
8633_7,0.4093763821634537
12158_2,0.00021985824526829555
11572_8,0.9956516784260784
8859_10,0.9680631374658177
10919_2,0.010256072762112406
4131_3,0.1676765808081457
6893_1,0.05933937165089181
9217_1,3.729794150176467e-05
1893_2,0.012915626865396197
1719_2,0.005558427647600702
5107_4,0.3733894798549055
2284_3,0.1506890377208331
1430_10,0.963989064215452
5207_10,0.6455996757381711
2800_8,0.9192238286274536
7550_1,0.46235725976599784
9035_9,0.8029952104106304
11548_10,0.999868209491179
6037_4,0.01776163227450917
518_4,0.053136722366818864
12237_2,0.21091108512872964
10266_7,0.9574505395935006
12032_1,0.0001376469516854242
2494_4,0.002690254706702231
8062_3,0.2518602436853988
4665_1,0.003100131290721151
6082_8,0.9639742371791374
7225_4,0.001115238991171142
9080_1,0.09791466662595139
9606_4,0.34929128219213884
494_2,0.04561183782515759
6274_10,0.9912087575215398
4170_9,0.6567271378056426
9218_10,0.6450826576381217
10377_8,0.6924050786233126
10597_10,0.9711912318280542
958_4,0.15987653339780522
9958_4,0.21217927249900026
129_9,0.9982234531908257
2804_9,0.984981304131953
8935_1,0.03525306991972735
12229_3,0.05357046623816231
5048_4,0.03603523866486427
6509_4,0.119736822953421
1812_8,0.5461585966792198
5695_1,0.23019355987099135
2021_10,0.934488142647698
9892_2,0.13238607193019697
9239_10,0.933250973990641
5398_2,0.1228059427000495
4458_7,0.7579722722783264
11730_8,0.945615472270759
9853_1,0.0004611264967559043
2258_10,0.9976142920973531
9345_10,0.9962846885707007
64_3,0.34351710737196434
10423_9,0.9980132108507187
2220_9,0.6191451315524867
192_10,0.981970197688428
12143_9,0.8648914321556019
2113_7,0.992675733265623
5294_10,0.9988064242449063
7025_9,0.9777080080829046
6300_3,0.5135224159479632
8043_2,0.00936004514962657
6628_1,0.05326474640894263
12138_3,0.2495856138605052
1333_7,0.22929141666630068
10515_3,0.0028519605774243078
11949_9,0.9636274999697302
2854_1,0.0007136608427779981
142_8,0.9191473098434954
3706_1,4.506313506576477e-05
6149_10,0.284172244355038
8429_3,0.3409446137680968
6151_10,0.9999671387106289
4861_8,0.8307297951642094
8764_9,0.29834918833549245
540_1,0.144569566693852
10693_1,0.18755003484815358
2346_4,0.01968304151310003
1532_4,0.8403613628708732
1099_2,0.05525497851516742
3818_10,0.6068713931503421
2617_10,0.8172081718554206
1709_1,0.0029639751552306306
4649_10,0.9775869256342079
4085_10,0.885667121096366
4478_9,0.9925058504521298
1032_10,0.869944275990267
3642_7,0.5726599580247657
5656_8,0.849142982652314
11916_3,0.10054108744449693
6672_10,0.96738679007103
4225_7,0.7697086021933602
996_3,0.03917642010076892
7421_10,0.990786227660732
9431_7,0.47045931535378355
11121_9,0.9922207374587653
5054_8,0.942247464162019
9187_8,0.6884056561267881
9096_7,0.8549725667683421
10318_8,0.910874469806912
5348_2,0.28002530071341136
6666_8,0.9208496539620964
6648_9,0.16572785184421976
1405_10,0.8876246377208873
8981_4,0.9226060619518867
10248_9,0.9258459562002674
4101_8,0.9829970950821795
3076_4,0.1588154485642742
1598_1,0.015691571550469442
8430_10,0.4172754712983302
9999_1,0.2229910222838876
805_1,0.0007167523913176819
7821_7,0.9899175582955626
10849_10,0.9516415603561011
8400_7,0.1512360298219743
4807_4,0.060935265049828484
8353_4,0.04836064650755655
10445_10,0.6749319797421998
7058_2,0.004739357385172586
9715_2,0.41631152042076747
10934_3,0.009666833289006681
8215_10,0.7992293933395874
7268_10,0.7438599045956221
5521_8,0.8833955897443231
8565_1,0.03659616659878871
8197_3,0.00035865354067539097
12004_9,0.9908812159433882
10257_3,0.08538904052252888
6260_2,0.01014849748915956
10481_9,0.9965923644223418
7598_2,0.00684901634136849
8106_10,0.5858456845303098
8049_3,0.10327969034877078
7124_2,0.18441485102642138
3858_1,0.006515350687775674
1445_9,0.7098449504594825
6346_1,0.0007416741232625214
678_7,0.5671144795415308
10247_1,0.10079247805261506
1287_8,0.9373164761869045
11873_1,0.01037053855804504
7198_1,0.002802806383628125
3237_7,0.43141864301855976
2029_8,0.8416278409703813
26_10,0.9992651232230042
9153_1,0.08021832576840864
12004_2,0.17149626554139288
4105_10,0.9899219142182896
1168_10,0.9650940402218064
5312_4,0.1408377109772067
2907_1,0.009987226529328591
7247_9,0.9369169038880757
107_10,0.9125773528271973
412_2,0.6808360217546985
2078_4,0.24520944467027234
7997_9,0.7673761751319449
12397_10,0.9036132984162262
10052_7,0.9373989864492254
6559_7,0.34285324627565855
12143_4,0.4324700538371451
3496_7,0.7371888617416208
3569_10,0.8930089632046875
9270_10,0.18605729806502636
2811_3,0.8588667417060748
9673_7,0.3506829268756167
325_1,0.05634124930424566
11741_3,0.013587514842598607
10562_7,0.9201614624038323
5687_9,0.3474198397251725
4601_4,0.06987767113400763
5698_8,0.7068059083502587
11257_4,0.24025287843872295
4391_1,0.05177803521353083
4703_10,0.9997795271945449
12191_3,0.004136429160590464
113_8,0.8189826839685937
9831_1,0.23041645538357022
7388_7,0.9996588051757646
1661_10,0.9264779756951863
3703_2,0.010133709787411732
6077_2,0.5922982932368409
935_4,0.42785696009395174
7617_7,0.9998862067168341
7387_3,0.43504960330663894
7889_7,0.506643076448821
803_3,0.05387460926686403
9557_9,0.9986662099259468
4299_10,0.9479577408704383
6785_3,0.0685166478901178
5185_7,0.9844522709478496
9590_1,0.510560669488465
10811_9,0.9995946076974631
34_1,0.012209626991060565
12221_2,0.009229742015652836
6436_10,0.9980194456023602
8299_2,0.03397349574770063
7242_9,0.9916600946608108
3247_10,0.5933627526460982
8466_3,0.01626359329246317
5784_9,0.8601781544520535
794_7,0.9961686747494837
4986_3,0.006499875759006753
7786_7,0.9755687350718515
9324_10,0.9416376384046198
2095_9,0.9723908139729998
10798_1,1.766533167424165e-05
4193_1,0.17791675488444125
12063_10,0.9781425753059911
3976_7,0.8798330099296218
8657_1,0.0025491962436797887
2850_4,0.050058911094991054
4522_7,0.9575756107638657
6028_1,0.13265799564513173
6000_4,0.008043484354892303
8712_1,0.109709998787698
3969_8,0.4656308031467658
4245_4,0.09256678890833968
3873_7,0.07638555804866468
68_9,0.9997665246818271
890_9,0.8902031375170417
5922_1,0.002048405488982293
2582_2,0.0009931845420696446
5704_4,0.0710372730890061
9307_8,0.9493175237831235
4114_8,0.96858255315419
5540_7,0.9461860062582765
157_10,0.9684279216889151
748_1,0.0652463577329812
7045_1,0.0003247547644479191
9526_3,0.02535744682601519
6519_2,0.02477854524976714
11254_4,0.3656706082972756
9498_1,0.0003596610651684828
7192_8,0.9648546246980411
2388_1,0.023835501192209445
12002_8,0.9257114934789998
8394_1,0.013771331261303086
10656_8,0.9057409422024979
7261_9,0.9992131600200985
10434_8,0.9961735684426215
139_9,0.8223747352520147
4538_1,0.00047269763128324313
4038_2,0.00017187382456498518
12228_4,0.17452578445659356
3619_8,0.9827789782345601
10411_3,0.025032084650998352
7278_1,0.014911002673829407
2304_3,0.01741290688923832
5636_3,0.5995956438412319
8833_9,0.9726730548769881
504_1,0.04732541657692054
12313_1,0.0024071431583440597
11161_1,0.005241045474977352
72_4,0.2544486877100615
4976_1,0.17951806184568678
10018_8,0.5180396078609247
12142_8,0.8905957220671564
4821_8,0.5735702998382007
9058_2,0.09904959734465728
6347_1,0.005795935213321149
3346_8,0.8311337336096074
1481_10,0.9072011451358366
10178_1,0.031444528034704176
2851_8,0.8717307146341441
12095_3,3.1743991258005085e-05
11978_3,0.369769883771377
7172_9,0.9981670106911413
8450_1,0.003087397167446983
7464_1,0.8481686103406466
12327_1,0.5586194497452031
5622_4,0.37279626914399067
9170_3,0.2177962458969457
10955_10,0.8722657746901317
6161_2,0.4655325633152278
11222_10,0.9860080948883596
3844_7,0.9835777847278342
11443_3,0.14408314650190826
4004_7,0.7991756765515771
11015_10,0.998295972959233
3860_1,0.2496443541211388
11600_2,0.19008159572696307
6849_8,0.3608844016100605
1966_1,0.004593322965623576
4828_8,0.25191285126010865
675_8,0.77829923294972
9068_7,0.40591027064701163
5924_8,0.976330087622236
10733_10,0.9715221845549897
8369_7,0.9952254105269649
5213_4,0.2858058162272071
2558_4,0.09414904191524649
47_10,0.9986567538223511
2601_10,0.10235861445666587
7360_9,0.8600128097156128
1289_1,0.032872284270637805
9875_4,0.19122106929734994
2449_1,0.014428702148249957
10020_8,0.9980991988411653
6761_3,0.7177592908754811
7544_10,0.9595519498219933
4380_3,0.03425440630111484
3946_10,0.9053366594084472
6968_10,0.45091671312347453
3006_2,0.17197598582947593
11942_1,0.00028324402303336573
2715_9,0.995610569704516
6065_4,0.935570310072829
6866_1,0.3018384632473237
6620_10,0.9897539512712351
3177_1,0.006459313808594524
4051_10,0.526202198270513
880_3,0.00622183952683878
6504_1,0.05843423693611523
12193_3,0.009434306139254405
8570_3,0.0144703865166108
8025_1,0.00028873789857565053
12316_1,0.01288369357750893
10842_10,0.997709305779377
2066_10,0.9912374253240996
4416_10,0.6602131659332358
5327_1,0.002157927418117187
3500_1,0.1956048245138331
4072_7,0.9778992805440471
5833_7,0.941303409741706
2989_8,0.6569881488451406
1905_8,0.3912756079266802
5421_1,0.000984765416995608
1479_8,0.8510454000100027
5092_1,0.0010495205767414072
4840_1,0.6090641182384409
54_10,0.9857650373947869
9203_9,0.04636710556359064
3949_2,0.0023389508687939103
3615_1,7.84929939604673e-05
8748_10,0.9122862958577233
108_2,0.05299026619771827
2280_4,0.3794994728392696
6454_3,0.22803488614437575
4071_1,0.0008298282971185307
2022_9,0.991149569866521
2600_1,0.0002809955916419113
2482_10,0.964802185786506
7347_9,0.9990882631483902
7190_4,0.8210618163111084
7174_7,0.9447750974254263
5823_3,0.02078525931987091
8051_10,0.6524567101315146
7503_2,0.06370863679882383
2341_1,0.025505208571577124
516_9,0.5901564519448228
8309_4,0.0727769924535784
10789_4,0.7795644743010951
11286_1,0.09894974095328755
4770_1,0.06345381143689195
7262_4,0.5435728633938834
11636_9,0.11612022230918688
2340_1,0.004394275402026433
3407_3,0.00011347765757716743
2922_9,0.8932629396876774
9708_2,0.028223320126149583
2362_3,0.10986040433964665
3729_8,0.9755654721938565
2265_9,0.9936217114714184
1439_1,0.0029124729156866746
8020_2,0.13765337640974076
5581_2,0.3012171536522411
6503_1,0.06533166750027383
10101_9,0.8798802766190611
7853_8,0.953044356904807
6229_1,8.424877679532106e-05
1351_7,0.9514789204470182
2764_10,0.9313492249254081
4617_10,0.6185389136183205
1265_2,0.23710399166152904
11424_4,0.36087057749638085
219_8,0.686089840081751
2241_10,0.977784125188583
8400_2,0.13724311230700828
4399_1,0.005104717982141162
9110_4,0.04651181850765118
294_1,0.2674466283698537
4646_4,0.0455624458186765
8267_3,0.3473771380123537
8829_4,0.7262878267047062
3174_7,0.8748268247467157
6557_4,0.10436572431325314
8286_4,0.5187129633885658
2611_8,0.8206603448433117
3422_4,0.3987326672109786
4632_4,0.41277173297754716
6448_4,0.08735330261758102
11485_3,0.4107425854929046
8526_7,0.7014326518066918
10172_9,0.8475486058167911
5043_2,0.03931435598603287
7865_1,0.23042449019120317
6343_8,0.9372865299100911
9225_9,0.9995294891023537
2764_4,0.19254476167855558
8446_10,0.09948128175613338
3329_9,0.9975403599966298
9142_8,0.9091949732476399
9567_1,0.0035668223945846417
7933_8,0.9875731649112591
5655_10,0.5146616762510166
12076_10,0.9970259610987973
6455_7,0.9473127959315988
7202_10,0.7875790940075412
7747_10,0.996364898673736
9072_10,0.3827758488747957
11374_10,0.9822545696610712
3032_9,0.9139610071558403
3065_10,0.9453671035904185
1216_10,0.6412846387429033
732_8,0.8195430974334372
7586_4,0.030820551702861635
12012_10,0.899276297933097
5280_4,0.017600712039971267
2687_4,0.4646073657372235
7659_3,0.011645039308290096
2813_4,0.1438649398325453
6992_9,0.5571458462833783
5468_10,0.9729769121767262
10035_1,0.007039033562898664
10283_10,0.7801673361076311
5439_8,0.7589942348070282
8930_2,0.024921297388261123
8681_7,0.20638596584807598
8521_1,1.8319020076166027e-06
4213_1,0.39718039358137297
9751_1,0.0001247933362982276
935_10,0.9845286567361861
5082_1,0.0032576313499362254
1802_1,0.0010980609359594682
11455_10,0.9870512380282097
1794_9,0.9333030795906584
3708_10,0.9842756682387374
6174_8,0.9637444500916171
2210_8,0.7453480908683604
6259_7,0.7158526780761898
12471_8,0.9632502959244928
3260_10,0.9923043857890576
4717_1,0.0006694491939182934
8673_2,0.09629885992398168
6362_3,0.1892394260462646
7986_1,0.02129318368541226
10555_3,0.2686946337520954
10468_2,0.15200394613284574
5354_10,0.8002657616593167
5760_2,0.09294274157279167
1380_2,0.11586027006222217
12054_9,0.9954525623006325
3794_10,0.3541681176705047
7842_1,0.21359299754514363
2236_7,0.9814529099484148
8449_1,8.742816834991488e-05
9993_2,0.04391836856530925
6947_1,0.006222987695659415
11369_10,0.816958492934122
8186_4,0.37546266840403975
7017_2,0.8988447933912537
725_8,0.4656735844796743
9298_8,0.8752134520730632
1695_7,0.9934239501827759
7762_1,0.2866259886234783
3466_10,0.899821341797936
1794_4,0.11427470238385519
3804_10,0.7746505210697211
7642_3,0.16604022524244508
9538_10,0.14766034794469765
10107_2,0.0013787211170891067
4755_8,0.9880605210466932
9679_1,0.00036439247047165486
11300_1,0.004353644592409922
8747_3,0.27718127274593424
4145_1,0.009494172630458673
8066_7,0.8321753384869216
6306_10,0.9257956644176872
6021_10,0.9991128409998098
4860_10,0.898568916415796
4608_2,0.02852850713682968
2380_1,0.021478447992297988
9709_8,0.9566660023195773
8057_4,0.3217391835594965
8624_1,0.00021078513258329028
6117_10,0.999992203048429
3641_9,0.7325001094566487
8710_3,0.30999916848297726
9158_10,0.9575522568478252
1129_2,0.12100711296337054
8320_4,0.19389334340949083
10219_4,0.021568909741911328
6625_1,0.09732690363559586
1988_1,0.16435770067716182
5032_1,0.015298715676170754
1042_7,0.7836257071163104
1895_4,0.010546809872437345
10057_1,0.15167592119417395
9898_10,0.9998821046674696
3809_2,0.015742115488193206
7994_2,0.026272303684618453
2751_4,0.5798724354696932
3102_1,0.17077263372891716
12393_7,0.7014637396010595
4521_7,0.5887192309366892
11169_8,0.9998728632637032
7227_4,0.9774967706992741
4956_9,0.024413770601032427
7592_9,0.8193341813733753
656_7,0.9040093469028827
11534_3,0.09890943989375361
774_8,0.9998264732032418
7756_1,0.01026717887128104
2720_8,0.9702706679744846
11227_10,0.9656910177198268
10462_3,0.2027018064362312
4041_10,0.9353688021131514
7327_1,9.265653920077436e-05
4056_8,0.9973622120739423
11684_10,0.9946273616485447
5544_8,0.9881814314921958
3799_8,0.942204530240362
3593_10,0.9762256361986209
4602_4,0.8334836966077993
2123_2,0.0022853380494648424
9773_10,0.9968027142169638
10956_4,0.02841885095720425
5139_3,0.15361007029863888
8804_10,0.9996687203306657
1784_2,0.09397874124346232
11022_1,0.03624806366942953
9366_1,3.024355988323983e-06
12113_7,0.709447206787822
2375_7,0.6668905120712244
3911_10,0.9990726198628601
10834_2,2.4657035346512702e-05
9319_1,0.002635130485764489
3923_3,0.14362039960587422
4630_10,0.9812665053707772
2625_10,0.9897818843276533
10159_7,0.9722850150690018
2339_1,0.12718620369929662
8577_3,0.15353222970667824
4062_7,0.9967622835635086
6677_2,0.008574510212234454
7818_8,0.8144522832228709
4939_2,0.5167146753999303
6937_4,0.135451466850567
1286_1,0.016547303300549588
878_2,0.05932347999303908
2357_7,0.8637784565071089
3397_3,0.9561596679147831
11214_10,0.9721354604487565
8045_1,0.019111431296863077
2943_1,0.1295339319850003
1518_10,0.30306005006332365
2792_9,0.980129949600723
6437_7,0.8011479168161513
8734_7,0.9503976775440678
6165_2,0.0446240387486834
11956_2,0.027665195408448015
7021_1,0.5731600884084556
3369_1,0.790971822365246
5829_2,0.021282583647020663
11742_9,0.9985249400179074
11370_1,0.018618145617553254
1502_1,0.031304906840325906
9933_1,0.1986130819771869
4619_10,0.983115582579435
6842_1,0.9388981273339053
2770_10,0.30716229117739197
2343_4,0.06125144227323969
3071_8,0.9786101171895466
3046_8,0.7134432711642255
8354_4,0.12232648675961272
5632_10,0.9694775220759965
3901_4,0.42637673768848183
6950_10,0.999426384830159
2431_9,0.92117993233243
10614_9,0.9986134788579984
41_4,0.0975310386429704
5039_3,0.0768781103277051
2827_1,0.05774134232135608
2860_8,0.3068091095629152
6868_9,0.9816384107222544
4597_3,0.2929903429071814
8795_10,0.983675670074344
11941_7,0.5271082482400278
12442_1,0.027106965773184652
9736_7,0.8769779955636686
1102_9,0.7839928584953554
4291_7,0.9686638468262954
4523_1,0.005295358290323026
5349_1,0.217201284325858
3363_7,0.9703280173515312
11393_3,0.26157953538954065
1647_1,0.3622230674346419
6143_4,0.2896596554595983
1863_1,0.0026462353154694763
10099_9,0.5433324262188528
4163_8,0.8633928210687022
9357_8,0.9953909156087474
10941_10,0.6850224838716099
6883_10,0.9815674719615894
11090_4,0.8239692459214439
3480_1,0.00213374918688637
10795_1,0.7472215713908857
5865_1,0.0008222501901683861
2484_8,0.8162880731519764
3023_4,0.030335967881507785
2818_2,0.0004492203196493821
719_7,0.8624110752459243
5297_4,0.32712011027767823
12194_10,0.9477372205800088
2929_8,0.6103233283447008
7911_2,0.0005528006232508063
10619_9,0.8901871063537777
5192_9,0.8263143544465862
2170_1,0.7421571095854972
4659_10,0.12631486549763893
8536_7,0.997673318719884
11119_1,0.06283789273790959
7887_3,0.6293732009344871
11742_1,0.3433271070200939
5867_7,0.8502205389848816
7538_7,0.1625522251007994
1834_9,0.9685144384720673
6499_8,0.0007130954232989294
2073_10,0.770327300491102
3881_10,0.9933516794207123
802_7,0.802260063861149
1733_1,0.0032245015332863065
11527_1,0.038387573592138624
4316_2,0.004496446268915948
9812_1,0.27746389453961323
8911_10,0.8827950878658771
7687_10,0.9972722338256661
4240_10,0.9508479308745705
1778_1,0.00044973277991902796
11822_1,0.0051537058315473915
7820_1,2.0205764781768876e-05
235_4,0.039371655351123906
8373_7,0.7539076152728382
92_1,0.0018750633782791566
716_10,0.4380863260635356
4028_7,0.9906112871680259
5533_7,0.9828341151342868
2605_9,0.9779657580259054
6665_1,0.0043063686433489606
178_10,0.9997325961964452
9886_2,0.4622233215537633
11779_10,0.5605628068584234
5124_4,0.10824319095046941
1956_2,0.5031990003057705
2933_1,0.1329986708953297
8737_1,0.010343374761419812
8755_9,0.989683916448781
5032_8,0.9900031173069574
9246_10,0.9973608300118804
9610_1,0.04573134720456165
7011_2,0.5635680978504943
1602_1,0.06901065272866502
3367_1,1.4829371241795235e-07
2756_8,0.7501536057376582
12042_9,0.9979465679582632
2641_3,0.0028721589669659896
9202_10,0.9953561182967887
1953_2,0.45705901788572756
5303_1,0.00023297409089890355
975_7,0.9330971488122204
2447_4,0.04772480119615977
294_8,0.8065407820421062
11643_7,0.7244536776094973
8743_1,0.00028880151770102586
2661_4,0.24741573624386676
8638_10,0.8440881083457221
4793_10,0.8582683804585378
7461_8,0.39446146677613614
830_4,0.017806079458989727
5770_7,0.6133313508675882
1989_1,0.06153237698124371
5514_3,3.137947472577371e-05
5842_3,0.0017789173875799131
11813_1,0.0963097629448372
7811_10,0.6955975794167361
7707_4,0.09804206920531572
1205_10,0.9951118496683037
10326_10,0.698621116729358
4881_9,0.8370211385544529
8244_10,0.9980458859880952
7647_1,0.0241944088125711
4376_10,0.9842361221560275
6744_2,0.6305267527525762
6769_7,0.961603302355749
494_10,0.8586018168400062
6188_4,0.03162366619045074
5859_1,0.006969151386878068
6801_3,0.13490852473186024
10990_8,0.99683078045036
6057_8,0.7244291253237524
3017_1,0.1293658140157723
7617_1,0.22046024528459462
8340_7,0.945329784931748
746_7,0.27457024402186503
9290_10,0.4088881137920392
1525_10,0.555536697468871
11044_7,0.9143627898110966
9367_10,0.9045284142060895
5705_10,0.9386552713480903
11375_10,0.9546619817373996
11320_1,0.08567927898175652
754_9,0.37456085640488324
7040_10,0.9784945732596507
10740_4,0.04278805100005604
8839_10,0.9663807482425746
11614_4,0.02444602137766751
10867_9,0.9983075893102142
12406_10,0.8425203993427537
12081_10,0.9911108391473583
8763_10,0.9183274109840398
4103_1,0.028547737677418954
5600_1,0.07370744940398681
5345_2,3.0129969431701847e-07
10679_8,0.9050139111016494
11709_1,0.08589700567434566
6872_4,0.002012085460451153
9096_3,0.9503183078897066
3417_9,0.9598128537740661
5154_3,0.6331727641547054
6071_10,0.9456208924428084
5685_9,0.9381629145019531
7937_10,0.9977610404345267
3628_1,1.2983109626480009e-05
7374_2,0.025731326405670146
1862_8,0.6900143849683134
6602_1,0.007661288298539176
1401_10,0.9048970818318925
12157_3,0.5294508867359381
5636_8,0.9658619278547117
2049_10,0.9975497648329883
9402_8,0.7237124482524323
12455_10,0.9714037888126632
11062_2,0.0017775639270118078
9163_10,0.855431140054331
2879_7,0.8159155933216088
2840_9,0.6598635621426154
9893_8,0.9727191190561133
11857_1,0.06790415866498718
7776_10,0.9971056103293547
10365_7,0.9611548268916601
6186_7,0.9476455681938863
7071_1,0.0005048100805403079
5132_1,0.005557265309082156
8971_4,0.8487805172761753
3415_1,0.11805977745817382
3622_1,0.0005935756794782671
7446_10,0.836732400816127
4644_9,0.5705191163200726
3923_10,0.7722992735584389
3503_8,0.8229576491977351
8685_7,0.6948464627651613
1683_2,0.005689161084607218
3417_4,0.9645993347475948
10443_3,0.18189758723987146
4620_3,0.9781426656421038
5658_1,0.1842786417209468
4185_1,0.01424984631451251
3727_10,0.9872985163021006
5334_1,0.003703316921289185
7113_7,0.02496959921739569
8713_1,0.002874814266000425
2865_7,0.6021912509396006
2956_4,0.07022475905570669
2455_8,0.9832698479884122
97_7,0.8784811227407526
6789_10,0.9991954575381096
8639_8,0.8332099067790899
1563_8,0.9775602024603935
3169_9,0.9249424842919038
7627_10,0.7470057690788121
1649_10,0.9949731560085318
2287_10,0.9981342675340319
9479_1,0.06175108996764116
7705_1,0.01283850220078358
10803_2,0.23982163490022942
6076_9,0.95833281664934
4263_3,0.38897536337266314
4726_10,0.9375017311304759
11738_9,0.9848491523325633
9250_9,0.9992074086123972
2638_1,0.0022513556826583643
11357_7,0.10629679989700602
12135_3,0.014185473611521188
7296_10,0.9298056643626698
10674_7,0.9407755533616019
7674_9,0.9877858596967806
5575_1,0.00048175649277692686
8120_7,0.9995733880935534
1617_1,0.04093311674917364
7090_3,0.022331432155648024
3793_4,0.3499291825794347
2658_10,0.8274334002635072
9942_3,0.5396446431229126
9520_9,0.8808456063681569
10638_1,0.020220262253334956
9066_10,0.9946910249811628
3408_4,0.001132726124550965
7526_1,0.15918731598925723
10821_3,0.13233275395238162
5887_10,0.9431120363576216
12470_3,0.22149744789219905
4033_8,0.9249045048349911
1949_10,0.9644380297668298
9859_4,0.28659569036839155
11183_9,0.9998070115784433
8533_4,0.2887342183671291
10236_10,0.37171611022549195
6111_3,0.5231836979780123
5475_8,0.9853539491981516
3342_3,0.044331875975114815
8335_1,0.7464049173922266
4812_9,0.9920835239349383
2306_4,0.0621760719578186
4596_7,0.3860708822653052
10431_2,0.002046828872426688
5077_9,0.9228929460575467
1301_9,0.8852833157101723
8979_9,0.7942312214072823
4226_9,0.9998704513332575
5544_3,0.009124545556959034
7954_2,0.00897979120627825
3935_4,0.9875638490641077
7076_4,0.03053023075804115
10208_10,0.9825763708031222
3737_3,0.019947052717349794
1689_8,0.7876833581068663
6585_9,0.8859152582675804
6096_3,0.23345089508869718
11052_4,0.6203576056240131
7783_10,0.9925539630050088
5157_10,0.5546660255861608
5465_10,0.5590490391841512
11361_10,0.8951212479495654
7560_3,0.6906152016296846
9781_4,0.022121801231153485
11681_10,0.9708720818658483
6127_7,0.29197495838238685
1799_9,0.78712847692554
10849_2,0.003744705645009658
4274_7,0.8345159723824268
15_10,0.9236724563278901
11338_1,0.005313576266864731
5750_2,0.16270544603847797
9335_8,0.9130679000182232
8359_7,0.31906769687648995
9527_7,0.9970527297579626
1336_1,0.015904373977764084
9893_3,0.8097738652302485
11229_9,0.9957555059740961
5948_9,0.8231017532487931
9733_4,0.0395300560402129
6377_8,0.9636084140653783
1427_10,0.9896610727486258
9023_3,0.004178889655670182
2151_2,0.006004438046077422
1744_1,0.012382536858278951
6367_10,0.9908199686116456
9143_8,0.9197232907889219
6176_8,0.9953542639043466
11388_10,0.9842905654783612
1493_10,0.5940574600593821
6615_1,8.996258506500453e-05
4654_2,0.004942711170391817
599_9,0.9920930956689401
7256_10,0.9964441127147561
11993_1,0.6566424765169181
992_7,0.9938868428742889
8871_2,0.0027484338146655076
11483_1,0.01360226613212035
3322_1,0.18488216271181943
9827_4,0.30352745191282565
8063_3,0.04166370504499263
7397_3,0.18958261455343664
3040_4,0.07811496143984982
11682_2,0.02106530928357627
8738_10,0.9468190745015175
9905_4,0.032519761150130964
6437_1,0.7147502698206291
4319_9,0.9795771787726401
5353_4,0.296197094187593
12207_9,0.6062391734029376
6166_7,0.9780372393779847
12243_4,0.27210690620646194
1219_1,0.002284692049216117
10292_10,0.97693400961568
10132_10,0.9537224594836248
6898_10,0.8832875103643281
8469_8,0.3526554017946324
10393_1,0.18532981649540395
7509_1,0.0844377075460279
9468_9,0.9841835679752555
9002_1,0.0049861046841356334
891_9,0.7988774026103226
5156_4,0.802719195619318
2321_1,0.0006211672533613628
11859_8,0.6493959593834892
12262_7,0.9103654060298817
6198_4,0.6472153463752086
5699_1,0.2540974059703687
4252_10,0.5536203551330229
10618_10,0.9586913178304454
3226_10,0.9998333811968245
7227_7,0.993792103842516
11047_7,0.9621851042923977
9569_7,0.7366767582671778
8933_4,0.5360605020657339
4513_8,0.5582156472052209
1271_9,0.9624731365013905
6327_2,0.1434011570061771
10012_9,0.2935625742814319
10090_3,0.12291170559942882
8564_1,0.0005994075755148009
10905_8,0.9986439503207323
6828_2,0.06890864416472668
1730_1,0.0069264825549071
3404_3,0.40889914279392464
12428_1,0.0074206968324038005
5180_1,0.21093917295102574
10554_9,0.9234493886691901
527_2,0.6839262030198456
10296_8,0.9898899463670138
543_4,0.17790779833475662
10235_3,0.6652345044293749
3743_4,0.45211807395745857
8792_3,0.06477539400747459
3597_1,0.09772328914378796
12320_1,0.16082229844935056
11672_8,0.9864582002307316
7237_4,0.24330654707702754
3726_7,0.32007484169687817
6643_2,0.08114736837586817
2743_10,0.9588996814841366
10184_9,0.983739133556524
1929_1,0.1514889608604674
666_7,0.6790793601109367
4548_4,0.03808202726810532
4153_4,0.12723902458259986
7356_4,0.5875387070657242
8843_10,0.9912733223167742
7552_8,0.9983992983415099
6494_8,0.9747158825324305
3547_7,0.9127389045951213
810_1,0.24966198864842246
7672_9,0.9190233808149229
4945_3,0.0161630287982938
12427_8,0.9287436597317288
749_7,0.978742776171364
10706_10,0.971274644176553
10969_1,0.00772509613256516
340_9,0.9730348035329185
2154_8,0.99915840029427
3715_1,0.0065883674165125574
2388_10,0.9963532727713882
5905_2,0.06960007076577067
3774_10,0.9633790277107063
3070_1,0.11982944467226497
4789_10,0.9814911833059383
1509_2,0.00041835547710938344
2350_8,0.9384512116930891
11137_1,2.1433696134005176e-05
10987_1,4.309526638931062e-05
5815_1,0.5448970980417847
7272_10,0.9983077937586787
4651_10,0.9932243429659132
4184_1,0.0038814435363080445
9636_10,0.5021264061088416
8592_10,0.8591870913238518
3068_3,0.22029153262098197
8899_4,0.03331202421552257
10018_1,0.009968524145100991
5821_10,0.9767974397841791
3232_4,0.07251779792348653
10795_10,0.060372344082727035
7461_3,0.01066952851772282
10874_7,0.29628408903586595
9672_10,0.9988562843841138
1908_10,0.6678801833237783
4014_9,0.9137260541844082
10488_3,0.015646902124894422
2501_7,0.9986472043122578
12339_3,0.43087043577880774
2698_10,0.985741343938743
1674_1,0.16276795131508204
10366_8,0.20907128837297828
12059_10,0.9428684716634544
8285_4,0.05862898726607277
4120_8,0.9001217870711002
4238_7,0.86769344457752
10516_1,0.01646996380494508
2478_9,0.5201819715704827
7807_2,0.007359586027063621
10704_1,0.005352324086449801
791_4,0.08264604022757023
2514_4,0.8016379282388066
3095_10,0.9415111224671283
1770_10,0.9999121857148523
11115_2,0.07556231011158748
10797_1,0.45372285929068357
11347_1,0.0006489647192823695
7077_10,0.9988171416813826
403_1,0.1099769025859252
5852_7,0.42570266302004794
8451_8,0.897743611537702
7013_1,0.0006756246267240902
10346_9,0.999948039849273
3055_7,0.867002579276106
4687_1,0.041452644245512225
8467_10,0.9816430103394225
11363_10,0.9872709723134877
277_9,0.9998428696944311
1715_2,0.1245606684051842
9249_1,0.0007256342763066132
1895_10,0.6809475993687817
5505_3,0.019747588614697872
1323_9,0.9987169619674786
4200_10,0.9254369167263045
682_4,0.7084362771299002
12020_4,0.17667662265748618
5824_10,0.7319928091667074
4475_10,0.9993385339179474
891_1,0.3795934631908771
2713_8,0.9975182017963452
2084_9,0.6212767736393574
1535_3,0.3991754180190482
7862_8,0.979762810331529
8055_9,0.8896935434751791
6604_7,0.9236806528855668
7714_1,0.08457417941772104
5606_7,0.8252882170125756
7277_10,0.9988401173102861
3197_1,0.00021534803474661728
406_7,0.5258579275756785
6948_9,0.941026855399764
4196_8,0.28374854265153115
1723_10,0.9999219166297336
11625_4,0.9438083549555394
1259_1,0.005788543573929123
5283_10,0.986543978903713
8407_4,0.06213117889547916
5561_8,0.8658650922742507
7653_3,0.2601667760432549
8646_1,0.08014577437334536
8053_8,0.5870525242909577
1879_7,0.3257934853836474
1645_2,0.14855015510617545
12222_7,0.1463405781795875
3966_1,0.060378774260631575
4754_1,0.009881864532164166
8920_9,0.767611466256059
11920_9,0.999136720268707
4747_2,0.03622876185935859
2108_8,0.2629070392745467
9017_7,0.7870446278691348
994_7,0.6937455634885429
11155_10,0.7294209208852652
6249_9,0.9256508567200383
5926_9,0.9027722606453971
12486_1,0.8219031241691666
4918_8,0.08751865797769635
1357_9,0.7930442481514516
6051_2,0.023081641075711992
4589_10,0.14668006180386903
12401_4,0.06788416374459968
4083_8,0.9674419705458233
10373_10,0.9809272064173523
7467_8,0.7800343101343103
2220_1,0.0001369052251679707
6882_7,0.632656473215754
10551_10,0.9890465935549563
4043_10,0.9735212737901516
11078_8,0.7165465519970714
4280_9,0.992444974585805
8594_10,0.9993957943416258
10652_9,0.8986213648950501
2206_10,0.9998367922075806
9014_2,0.007519285124780821
10215_4,0.06366195865498675
3549_2,0.0018584775183118018
10445_1,0.0003349047236192286
10819_9,0.769236343643597
10691_1,0.020878998299406135
3855_10,0.9955222503239434
7809_2,0.21817943846054272
3022_7,0.5685050501240372
694_8,0.5764043027727395
13_9,0.992331753458906
10972_10,0.9352396127589109
9187_1,0.18809053408375753
12354_3,0.803879708003921
4793_1,0.020405479876654226
10696_1,0.12807620962222252
12446_1,0.0002779079002905543
1488_10,0.8965553354443394
904_10,0.23632185903542233
11057_1,0.2753161537465764
2132_8,0.2198223320567695
1406_10,0.998498600810026
11366_3,0.2299367514398803
9957_4,0.506614207259252
12096_1,0.0004817428872110844
3827_3,0.017378465202626495
11686_2,0.0019396383419656024
4387_9,0.9999973394977357
9955_9,0.708972334560276
12103_10,0.9949419707656154
11506_10,0.9958871609084823
793_1,0.23877272163459232
8001_1,1.5581216245670674e-05
8823_4,0.6420710521865615
1787_7,0.9003739169415622
5484_10,0.9347230710914294
3557_9,0.995061089007161
615_8,0.806706359100518
410_2,0.5134114470017663
5800_2,0.025358063906881008
3143_4,0.010312132420464254
11359_2,0.5150178014803702
7016_10,0.9969078294521883
3711_2,0.003640006676128907
8580_10,0.7441793085365515
5615_9,0.990729921081565
9202_2,8.032454241115302e-05
4776_2,0.11080683160098292
8436_10,0.9977669678111234
2097_8,0.8656846120328315
6935_4,0.6432888857210326
2656_1,0.0014776661541588867
11446_7,0.9173864403754962
5392_4,0.20436438375989868
6451_9,0.8578041517285948
11054_8,0.9222378910196641
8677_8,0.7975969381540567
8761_3,0.33989062118385693
9297_1,0.0026634197257798023
12480_2,0.052948025800371924
11736_9,0.9165294355521393
4156_8,0.9181742772009314
1955_10,0.9951344087817345
12350_1,0.5471478895433695
5439_1,0.001981430870749948
1342_10,0.871864290407648
7271_1,0.00843572635369977
1868_4,0.1862505396193666
4497_9,0.7342300157194723
1729_10,0.7776045870047346
4593_8,0.7032097523041831
11296_7,0.8448956731501257
9573_4,0.6597603926271094
11678_2,0.01609783673467783
6790_9,0.9824333243536435
12298_2,3.1172151494041086e-06
9839_3,0.2808579339341105
1348_1,0.07567773498805316
7004_8,0.4373594536828053
10414_10,0.9915390557747948
3826_3,0.009615866294522697
9313_4,0.6645254141093281
10543_3,0.0885344184485543
6909_9,0.9324023016556352
11377_10,0.9997128866312242
2591_9,0.9991582330408038
11355_2,0.010245337614397455
9274_8,0.9818512694429469
4521_4,0.23133630480257808
12208_9,0.8383846351759565
4948_2,0.012481677400993178
3732_1,0.023164969781652483
12096_10,0.9592498049383562
7135_3,0.36227711211514296
10310_8,0.7025416636431011
1959_1,1.4829371241795235e-07
10383_1,0.024777120615301348
106_9,0.9535447508859776
7085_7,0.9359649725733676
11070_8,0.9998252386854489
6850_10,0.994061149005449
12476_4,0.16351696214164424
1917_10,0.9911087609144527
1341_3,0.20850298225595928
4062_1,0.034416152405278004
5594_4,0.3282741442811329
11963_1,0.06622398169990344
2777_9,0.9567459721693059
9871_7,0.6155316134417775
949_8,0.4609246373769347
7436_10,0.9098453935926532
738_10,0.4363441099466717
4893_1,0.019620940627626867
6100_10,0.8575671994038078
10219_9,0.029975004330640712
4004_2,0.03721658781779732
5945_10,0.9972903512807898
10183_9,0.975109152340273
3465_10,0.9686753746592175
4408_1,4.412181756118419e-05
5810_7,0.8668936566018409
188_3,0.22289495055230357
7835_1,0.05764222301351417
1648_9,0.6219356522963941
7971_8,0.9264328889867082
11809_1,0.25564473471816146
5352_10,0.40050512501448576
1476_8,0.9994823702050974
602_10,0.989564893093969
9669_2,0.07411125068134244
93_9,0.9751630706465512
10787_10,0.9181274684972156
10958_8,0.9248041543646747
6608_1,0.0030002451146719793
7058_10,0.9932424507539633
4401_10,0.8545293933050844
9315_8,0.49193032670967546
9670_3,0.7593094289392225
10537_3,0.005544741128003931
1033_2,0.04084872725265509
12085_10,0.5700400462416823
9373_7,0.8276998059211793
8302_2,0.001618404909980629
10138_2,0.004333831508383486
6814_10,0.996490858687947
9778_1,0.003408023835699232
5149_7,0.9291184168607588
6191_3,0.8872737958833982
7466_3,0.1532257283062717
10051_2,0.00011004399507407182
5262_2,0.5932241018001088
2906_1,0.0015000267684886703
8625_9,0.08933194141216498
2118_4,0.030340545958539925
11547_3,0.247697268159007
11384_7,0.9590990868695606
123_10,0.9831113378632386
11115_7,0.5974409720759899
9348_10,0.878983225824876
568_9,0.847822777197999
7731_9,0.9922831465636712
6548_8,0.9216500387088324
9235_4,0.6221691337380237
430_10,0.9832526790428431
10790_1,0.005234611332550306
10691_10,0.9506704810610113
2324_9,0.993756401934226
11031_1,0.22013460897354237
5465_4,0.2622689576018601
5545_4,0.7623523779868292
5546_10,0.9551077254386308
9010_2,0.6775154622065865
7205_10,0.9990041364468328
7580_10,0.9773815316318621
2052_3,0.03883712578874496
6284_7,0.8652569186994722
12001_3,0.0005074473181897433
3458_9,0.9996802484644204
9013_2,0.1299393496269816
5839_4,0.27817860862754046
10809_10,0.9793579356991207
3077_2,0.034028103727581686
11373_3,0.08481857861682882
7083_9,0.9991678438454081
10846_10,0.9691829062442728
11815_10,0.9993334117249371
4730_1,0.41201646378981016
3320_7,0.6059571749003388
4782_10,0.8912427481681627
3410_3,0.017346559649554186
5142_10,0.9380695191795733
3947_1,0.32630819430286806
3016_8,0.1568489389524286
12114_4,0.37300029441124644
11039_8,0.8740565234213725
5902_7,0.9586472899991061
5351_8,0.9701430579491146
1654_10,0.9882120421327633
5731_4,0.015293854157754022
10985_9,0.9970540998233783
8724_1,0.0031917994402007937
9854_3,0.398093078557835
2054_1,4.358153273166487e-06
11385_4,0.14139546482354448
5919_4,0.09874017171380915
9898_1,0.07989861889749023
11874_8,0.28019902959777343
4496_3,0.5819831019085835
5231_1,0.0025119011305475797
10070_3,0.6012298596876164
2345_8,0.982639814298518
9311_10,0.8965425293868011
1036_10,0.8225293784042859
6603_4,0.03697664050057997
2138_9,0.9628919350796024
10546_10,0.9864632466709239
3217_10,0.3539784981398967
12188_10,0.9876395147366016
5986_2,0.2671876683720897
352_10,0.9933694651194935
8557_3,0.3865090847878527
10453_10,0.9866401554359796
4397_4,0.11110589467997037
673_2,0.49109013123074097
10305_10,0.998545272392434
11985_1,0.002042167260776808
3457_1,0.030880077289249224
500_1,0.002114455615449975
10637_9,0.9322390201640026
8144_10,0.9980222145036783
8485_1,0.00041969977501039846
1632_7,0.30843416801291496
2404_8,0.9971946243724157
11489_10,0.9996868718410159
7590_1,0.05038804156650095
12460_2,0.5160160884663207
11729_10,0.5900883040659911
2796_7,0.8433539304102874
8015_2,0.003302127281740411
8258_4,0.0017932334778737098
2272_3,0.016120310463324208
7178_10,0.9127992588156828
8476_8,0.9870692696087187
3411_4,0.1547016296931635
8319_10,0.9957926325585982
11799_10,0.9839118206919961
8585_4,0.9809962728276705
4640_10,0.9990615837582016
12199_1,0.00537219285421915
8380_7,0.700318864356298
8712_10,0.9779983984519147
12482_9,0.9630444572039265
4813_1,0.004665146751000838
119_9,0.7892174338207959
7850_10,0.9063548847755737
5536_1,0.03377877741950696
10576_1,0.009634037059575556
2803_1,0.06447135613866829
11788_4,0.024560801326950637
6681_3,0.4510365386444752
2503_10,0.9971206065357494
88_3,0.6130119019891328
7389_4,0.45347496340425575
8793_9,0.9320265956703286
4911_7,0.8885269204516948
6495_4,0.10633896709785289
10670_1,0.10011714008896845
2203_10,0.9841537236920209
7588_10,0.7730410453273778
7095_7,0.989727652422327
6748_8,0.8148777229690204
10348_1,0.006427065506931646
2568_8,0.6735426068119359
10292_2,0.17026117728037488
1112_3,0.09978873304797341
5322_7,0.6205354685020463
4291_4,0.010604331947796692
1212_7,0.7691624711393186
7963_10,0.9777286463928555
6156_1,0.2744530905796216
713_1,0.021193358099493843
11606_8,0.9862974746502127
10975_10,0.9936582781940353
4638_10,0.9994463316028093
800_8,0.9252557407470108
1389_3,0.129310503925648
10045_1,0.00018226941202175405
3529_1,0.7970488529104922
1921_2,0.0011483471395943544
4824_8,0.4867993661508835
10688_10,0.977286468951833
84_10,0.9938176945978052
225_3,0.35450663451513886
9756_10,0.977789621917106
7601_8,0.8522395318196162
6342_3,0.7004532356404083
7711_1,0.016500608188853554
12133_7,0.9384483123161789
8026_3,0.4041974601161287
4551_10,0.9976133547961874
545_4,0.0949237826835536
343_1,0.18641652997267485
10788_4,0.9098959831858829
8711_2,0.06859880015989499
5493_10,0.9993146527592939
9358_1,0.5326506594710292
2185_3,0.012751970699760536
9720_2,0.003873162740179659
4481_8,0.9721491306583094
6528_2,0.03515682473400171
11928_8,0.9257958595743467
6591_7,0.9733344047503852
10876_1,0.18547307788948103
11253_10,0.875078004816981
2190_3,0.2498881807213308
4281_3,0.008258759375385527
7971_3,0.12857749257041756
11649_2,0.017246352091504578
5199_3,0.21019779038270342
12258_3,0.5681939685286416
5922_8,0.9962441783048055
11136_1,0.0018078563987988993
7941_10,0.5627087828185161
1412_7,0.9991981011718574
11053_3,0.5924037025911334
5586_10,0.9988956089967131
5762_9,0.21463149857217648
8328_3,0.4181528948841723
10354_4,0.2345926674138875
3563_8,0.9558964443985478
8246_2,0.18132132279060556
7740_10,0.764014138461658
4972_1,0.24185247172143293
832_4,0.5926102683557339
11386_10,0.8960635429868677
1273_3,0.06321976546240189
5085_2,0.4138131706867869
11414_4,0.12993607365965293
885_8,0.9727639964239868
3943_10,0.7200810075833416
898_9,0.8948996409772603
8168_10,0.9898944700713862
9779_10,0.7266751372673039
830_7,0.9155594236982908
77_10,0.9907634733723995
648_8,0.972088042696439
10629_10,0.8761894806309459
89_10,0.9657008081033235
11955_9,0.8731323647813407
7883_9,0.930361006530785
243_4,0.08020542576280272
5148_2,0.019065928429059586
1056_3,0.9051928861019312
5206_10,0.8905133006928242
8777_10,0.5758619392423396
2969_2,0.00317788442379484
6729_8,0.9886931144717193
11860_1,0.2008948491941661
6307_4,0.8042155723203562
11589_1,0.039140604113793574
8016_1,0.0025494090635749997
3461_8,0.9812536007484024
8767_1,0.003456344735339954
7692_10,0.6515414179747032
12281_8,0.7331349569127712
7763_1,0.6390027422127091
5301_9,0.9945490925789149
5112_10,0.9728317518467491
10757_10,0.9337382628259666
1066_8,0.974339211516513
5413_10,0.9861794658133328
2733_3,0.23106299785790496
8534_10,0.9106282749038318
5915_8,0.8527021813497612
10566_3,0.04178700322247563
10900_7,0.9639583632906413
3120_10,0.7333586478804031
4394_1,0.012210010442503944
3090_1,0.0004187130073995956
4379_10,0.9991636358604798
5259_7,0.26102584928655753
10792_8,0.9949434734049983
2599_1,0.017938564004647398
1912_2,0.017896990014849786
2517_1,0.8434349339967169
2946_8,0.9904668794446287
3020_8,0.7173573852249562
1850_4,0.43243567460435917
9463_2,0.045151158237561106
1721_10,0.98686586364743
7952_7,0.9220006165014065
1806_9,0.9009764190979702
11403_9,0.39131246835185374
2013_7,0.7721456549069737
5556_10,0.9990021246685563
1746_3,0.018380107057823555
11125_7,0.670303540271729
9270_4,0.3170993038862138
7343_10,0.9918610620793864
12465_10,0.5619844523780549
8550_9,0.7328176099168369
6213_8,0.6440213106131552
10861_10,0.981008269533633
4109_7,0.7573936815807016
8652_1,9.351070171254001e-05
11546_1,0.0024836490017118473
9133_7,0.6288789899202034
5964_3,0.0002533934050291081
1575_1,0.3088996024307865
1337_4,0.8429983543930919
7610_1,0.002495052555329014
49_10,0.9994990755856776
6505_2,0.005043205538613548
7177_10,0.6472989030908463
5947_7,0.8438586335906597
1723_3,0.007071079232471998
9055_7,0.34152435352899696
7972_1,0.016217068060450857
5340_8,0.1523393499295863
6938_8,0.015433115226280797
12400_8,0.7410075038147277
552_9,0.5709046808897338
11844_9,0.9880677165715214
1080_1,0.0383251335868128
3078_10,0.9996219967335431
8713_9,0.7024027231085398
7300_1,0.022171481285681277
12464_1,5.636950197537952e-07
3812_10,0.35813835721641163
3313_4,0.8437397855769694
6880_4,0.04628546343112294
5478_9,0.9424892090375638
10951_7,0.7057462353115034
3327_8,0.9628755649236451
6332_10,0.9750372670170924
4385_8,0.8371909425141074
2387_10,0.9825436528418593
5756_3,0.05257045830717567
4020_7,0.7980341185467142
6190_8,0.9974025338507405
517_8,0.888741764491684
9018_3,0.4858273192581375
9449_10,0.997964422014616
10715_3,0.017333944829351643
8195_8,0.7854776112555403
9605_10,0.9830252432794646
4309_9,0.8661956878490058
1783_4,0.31712875429143317
1658_10,0.7408702895428076
1403_7,0.9103388741701477
4268_1,0.006153925844628472
4822_1,0.02242840225542487
717_4,0.1175476099622396
7768_10,0.9535617664083285
7803_2,0.005051725633725013
7190_8,0.7557736679174735
11035_1,0.0002983916920582093
6288_10,0.5242759349132456
10690_1,0.0012261881956434422
714_10,0.9978904649418001
9210_10,0.48309590539225417
12462_1,5.057268948984898e-05
9325_1,0.023136684310976256
8370_8,0.9989398198019875
10583_1,0.16145812275359703
4016_10,0.9993177458702497
6465_4,0.8079467728522369
1512_9,0.8331749143340441
4769_8,0.9995150809506578
11160_7,0.6150745299130036
2175_1,1.1985614402368965e-05
12261_7,0.9612371163917302
685_8,0.7579884839766944
9208_10,0.4607220310458977
6296_1,0.021500764899137652
8210_4,0.10755521818805874
11237_4,0.21055927457526433
8139_10,0.9991015650577697
6996_3,0.2782649861550421
5168_1,0.1136369876843777
5528_3,0.03915891883059269
6635_1,0.43326656478860465
1670_8,0.9318767048506854
7099_4,0.9791381863727521
2239_1,0.9857707350114246
7313_4,0.18807280843460192
3304_2,0.12578994004482186
10505_1,0.003066895037314653
9681_10,0.9980775002470271
7569_4,0.3893306744272886
9926_4,0.016800818184488562
8339_8,0.9994052673229863
8553_10,0.9623350359580585
387_1,0.19302401067928482
4715_9,0.27067465101813576
11447_1,0.23074996125323494
7425_1,0.6000571408738298
10514_1,0.043080613077449835
6979_10,0.7436913863596976
3104_1,0.00025359314039609556
6833_4,0.648867434054428
5931_3,0.03674793030478871
12103_2,0.0010146013710392763
9413_1,0.013044127917614237
2730_7,0.5609085718098186
7293_10,0.9680287089262543
8479_9,0.9975135741175121
9099_7,0.9294038569054281
2061_4,0.3957047915647691
4680_7,0.4527473246433934
4067_1,0.0710394651486879
4663_2,0.012824368337468701
3069_1,0.004168048668829973
8739_7,0.9790054272218224
8279_2,0.603962994529321
11078_1,0.0545057070652152
7917_1,0.05160036118835958
7636_8,0.9689478127196938
5071_8,0.29966526405527044
1720_10,0.9574943120542442
885_3,0.1744459711207406
734_1,0.002481381679595622
6309_9,0.9811929548807408
4346_3,0.030565956003128905
4087_10,0.9995682114503931
678_1,0.0008487156031475431
8348_8,0.9211622990191335
3572_2,0.09964855966336185
10285_1,0.8381366523365716
11126_4,0.36285455396327865
8071_2,0.3783755920074961
8150_10,0.9986694883597672
4652_4,0.23885376092577618
3674_8,0.9838647814402178
1046_9,0.9761855326190098
1986_8,0.9393622652647486
2516_1,0.9859833428464586
11758_1,8.332328476692711e-05
4747_8,0.9043484497930071
10426_4,0.08700026659872091
4331_1,0.005893752105010552
9146_3,0.19215832163107144
312_10,0.9371261618249385
4160_9,0.9913765021782056
5277_3,0.0097456748052928
4896_7,0.7438612188981034
4327_9,0.8334302303459936
4136_3,0.23345089508869718
2324_2,0.2351887702753039
10407_10,0.9209582683031305
5081_10,0.9955449346121105
2892_2,0.3774603318494269
367_3,0.11410472770457186
6523_3,0.006468363385860917
9037_7,0.2775977536424747
8790_1,0.00015509864497916304
1839_8,0.8257760060911017
4149_3,0.00972825751473439
7950_3,0.0003281619526468345
1686_2,0.01240198665381248
7855_1,0.01121357958987184
2844_10,0.9433150625123946
4006_1,0.11599719682674652
1077_10,0.9437827144940852
9294_3,0.7530611161931297
8866_1,0.017735632920169754
8414_3,0.4490334495650292
11736_3,0.016472481681232772
11683_9,0.7111152504284521
6399_10,0.9063968600604649
4876_2,0.008704151154935938
8818_10,0.9866252594951375
8874_3,0.5572003337434525
2595_7,0.9526001984785248
9287_1,0.2617999504635548
11446_3,0.09123409224771487
10016_3,0.2955941361333828
10381_8,0.9313954962975931
2222_1,0.856659289899804
10875_7,0.4161076542473195
5708_8,0.9217556811694129
2727_9,0.4505973251488089
823_1,0.12547987423370505
3616_2,0.045203902251076414
10522_1,0.0038106769483382055
5340_3,0.3182747443582671
4218_9,0.9939850627923681
6551_4,0.39172724775793705
4506_7,0.4983486665284567
487_3,0.00605919815125804
3215_2,0.04888288967108199
3884_10,0.9995601906677198
8163_1,0.07257498860776064
4878_9,0.6029655779360725
10428_10,0.9537302098841756
6394_10,0.9977674019506813
5318_2,0.07310958711004151
4829_3,0.5700420402576151
9175_8,0.9888216786983807
10213_7,0.19197497472981917
1484_10,0.9990351730037426
9646_10,0.9588559046717654
755_1,0.0010973446430468166
4988_1,0.006431060009568406
10640_3,0.19538527088670404
2780_4,0.00618696261660446
5867_2,0.07207767121562851
9212_10,0.9982245489908971
8554_4,0.22124956412674943
4703_3,0.3147349740638147
8779_8,0.9670693006673076
953_10,0.804979565117978
10349_8,0.9912383146799664
3280_10,0.9181201831615468
3646_8,0.999969981461705
6054_1,0.0017119849209649145
4894_3,0.41209763599504273
11235_10,0.8664553436827678
513_8,0.9992627258509466
4166_1,0.030157998493779505
742_8,0.057090872983750075
7671_10,0.9594369584591023
2835_4,0.5067941533958772
8556_10,0.9870633596447128
4764_7,0.7763329894946633
1626_3,0.0008903564399512633
6883_4,0.08028227039298697
1014_4,0.2862118406884562
9419_10,0.8454703564424415
7918_8,0.39104080997052615
8912_2,0.12214062201889622
7996_3,0.6600231460017765
5045_2,0.07223739487035133
9612_2,0.21127853502644353
1658_2,0.1412349702409892
4373_2,0.012158762792039328
11771_7,0.2566108669171246
5458_4,0.23338407233878203
10492_1,8.453881843156473e-05
5551_8,0.5161419015325833
811_1,0.03972393198361554
12209_9,0.4326439799834328
1514_1,0.009892890638202265
6684_9,0.9967697266937056
4604_7,0.9171147760971251
3350_1,0.009338814292372877
3336_7,0.9450470081363562
9645_4,0.12668963781081363
1664_9,0.9475431807810893
5109_8,0.8910689051614283
9294_8,0.9804640722669994
7439_3,0.0014824715985698957
9098_10,0.8369915317196739
10353_2,0.02403217238371001
2356_4,0.7292794567756822
884_1,0.2910756062090274
704_2,3.3854630743687475e-05
9429_4,0.4895717399545015
11563_1,1.4641299996153003e-05
10345_7,0.9686814622475718
12301_4,0.5328957823665424
1021_7,0.18821717994982773
6353_1,0.02895425097192705
2608_7,0.9859836505336304
10508_1,0.04303238781663285
263_1,0.002478822731185336
10127_10,0.8704190528859441
11517_4,0.36926414957381964
4758_4,0.3179180556771027
2210_4,0.07904269351634306
12396_1,0.0006436242783493469
9405_7,0.6494127641682677
5945_2,0.34908147725610467
1931_3,0.13852032904363024
3972_9,0.926211059023034
7949_3,0.2047332521759753
1958_10,0.9939331143688991
5834_7,0.954603979574098
11040_1,0.004847556325757946
9453_1,0.03055136684294201
5841_10,0.9558367398703949
1144_10,0.9970132710487982
5678_2,0.33741380725687553
11361_3,0.0003158661352717995
5999_1,0.001518136650321042
11810_4,0.7435052388539287
10502_1,0.056938667735773246
11821_10,0.9282923542764138
8270_10,0.859850254111953
4627_4,0.7875216752332443
5588_2,0.07200431047198218
4877_1,0.009555062160438924
2289_8,0.8866637334401184
2582_10,0.9115202649002163
8749_1,0.7182722044842926
1653_1,0.006930396958747312
7060_3,0.6607927546348884
4299_1,0.02152990814706415
7198_10,0.6423632180701018
5597_9,0.8781971667377112
11592_10,0.9991450111882956
1516_1,0.04867141428114072
1428_10,0.9013730241384588
9349_7,0.22966098853438932
4182_10,0.9600342568977318
522_10,0.9159751057524167
1942_9,0.9995140483954279
2570_8,0.9736772066047295
1188_2,0.2799006894107799
7454_10,0.999958053751006
6859_8,0.7888366382590466
4278_9,0.9911446646932929
3538_8,0.29331377305389955
6499_1,0.10895377596801992
7715_1,0.008511809995302938
5847_1,0.11537666785698258
2109_10,0.9892948216463364
7570_2,0.09048004018064949
3725_1,0.0013177234180911375
8736_2,0.4828916061943676
2007_10,0.9993054928077446
9738_10,0.7371374316050479
2763_7,0.8920070155735158
9081_2,0.7848170406415115
6647_10,0.9926663953491223
11207_1,0.15479907124893202
5182_3,0.0046071628970146584
2171_10,0.9226872981240201
9091_1,0.9723758303398572
3970_3,0.003065735914886597
7432_9,0.49501590014237623
2169_2,0.001541564354249093
720_1,0.02075753099918214
866_2,1.3274887030502292e-05
567_3,0.8696490306626176
11812_8,0.8670743948905003
11195_9,0.7164937628107336
5877_10,0.997740186457478
5526_9,0.9411489022258177
792_8,0.7801581486487152
8673_9,0.9957617168921261
5163_1,0.021811680708620183
4722_8,0.9770001505464353
11423_8,0.8430724975256678
3239_8,0.9200465903444015
2235_4,0.9224206799644481
5799_3,0.1520470301297082
8592_2,0.14555300858097436
5229_10,0.7334710736184871
9285_10,0.9964109382872725
6092_1,0.6470044763927256
8940_10,0.7540443920619448
12220_8,0.10958877585073486
4417_10,0.9977243509583671
10462_10,0.9603888737593759
3241_9,0.7265985856371983
8744_10,0.9997098365563821
1016_3,0.05592175400286746
7382_10,0.8704773233429823
8458_8,0.2921101960688757
629_4,0.22334281486458402
1971_3,0.23473288248431368
4471_4,0.5722883695781911
7890_2,0.023582733213760313
10164_4,0.49022788420445
2176_8,0.6398885984495702
2500_2,0.5611466423034602
1155_2,0.035070574524919615
7102_8,0.46406110076615653
3618_10,0.99241407395414
4940_3,0.0067706184773862225
10263_3,0.21253084955788548
12495_10,0.6364702358433955
7170_9,0.914034982498653
7322_3,0.9881873393242612
2938_10,0.47082476052753086
8128_8,0.9607985753004035
4900_1,0.20321284836602588
5672_7,0.3935760268031651
3387_10,0.9965486720610782
806_1,0.09796427071360397
7385_2,0.0001300467930809734
3043_4,0.0003950737013529446
6845_10,0.9853159175142029
979_3,0.28715647811235395
6853_3,0.18258474888773504
4871_4,0.25076364133930207
12172_8,0.6878913413562101
4105_2,0.023816590944091616
3171_4,0.30969927725538454
8686_10,0.8157129133733788
10187_1,0.0012911216738125807
5305_7,0.9384166839873906
1728_10,0.7748929614675094
11284_4,0.3833673086416271
443_2,0.1869841071448341
8542_9,0.986789154305069
7634_2,0.36817971031359065
2598_1,0.29483113261828553
124_2,0.11110347172550664
10145_8,0.9617932284505603
63_1,2.2331220476049578e-07
5522_3,0.7954672174345045
1264_9,0.849673154317063
12181_10,0.9498360280161976
6508_1,0.06296769352284846
2146_3,0.3029500266662675
5449_4,0.06446403369807524
2660_9,0.9846552754137169
6594_4,0.028348143500432757
6285_8,0.8141288309692625
12200_10,0.6136644206373776
6710_1,0.8280577763975473
10399_10,0.8848436564817026
6703_1,0.00902399485758938
5795_8,0.9471983527276993
3427_4,0.0038498598361936497
11306_10,0.9785898322213058
6641_3,0.0011882141914793295
9364_9,0.7576298777343927
6963_8,0.024436643060780854
6896_10,0.8280654489278534
10154_10,0.9299220235967763
4690_10,0.9925132203587473
8125_8,0.9913422969663042
4978_1,0.2301070018381012
4999_3,0.0005887128348481695
8921_8,0.5571754943147912
6089_3,0.1551114577171323
12279_9,0.8910099926494824
1209_7,0.998445060639276
2083_7,0.9578808751833068
10162_10,0.9704718402669029
1266_4,0.451734701046105
10892_8,0.955275891827364
4864_4,0.11604804980426771
10743_7,0.9647309611473843
6427_1,0.0025613662945644694
8633_1,0.3092921474358867
6158_10,0.8304828170218634
4952_3,0.003645079985773479
7508_10,0.8924721006044922
637_9,0.8472646222461492
6734_2,0.950623682294147
10685_1,0.0917107015589602
6269_4,0.20379488496842457
9073_8,0.22115109217964246
9551_2,6.315588092904202e-05
5499_2,0.008602756901818942
3573_4,0.08872527149634438
12089_1,0.051000532870514856
3962_1,0.12587055045152928
2169_7,0.6217722076531963
959_8,0.6545733641096696
10514_9,0.3092452255405821
4430_7,0.7385613553247741
10802_1,0.5686509174312913
280_10,0.9103120165221072
8041_3,0.3088597118453457
9040_9,0.9780698033711115
10653_1,0.37617898023664936
10783_7,0.9292144359408818
4711_1,1.7103381950241863e-05
1523_4,0.6120906494316524
3903_1,0.0005865022199087976
4216_8,0.6942509410629987
10108_1,0.08654310825113279
4098_4,0.01712740130767884
9433_7,0.6685232782002052
11013_10,0.9933729220817005
3968_10,0.5210277197980453
7916_3,0.11758720357536392
5859_9,0.7138885033362369
11194_7,0.8057291561430758
9376_3,0.014588915878712585
1808_4,0.06684248233163431
12029_3,0.09092872499071877
5854_4,0.02614942739159847
6573_9,0.9732202480920272
6747_8,0.963626280303915
4366_1,0.06092450869630869
5868_7,0.8920913747837963
7712_3,0.05995627795826586
11617_1,0.00019419647329270515
5362_10,0.749361043631563
1950_1,0.010818552914213575
9724_1,0.0421712425746668
7537_8,0.9320761222430715
6950_1,0.008776250944946183
6035_8,0.9953850888013628
11191_4,0.8151540450411746
4759_9,0.9988335460013102
1228_7,0.27188892162102196
10380_1,0.3178278971679031
271_7,0.8248146328734761
7826_9,0.8615041472132987
4336_2,0.11508232238620415
4209_2,0.17787642529010114
4898_7,0.4517962876054525
2987_1,6.370654673680301e-06
9976_4,0.4741645497092225
7521_10,0.936825646740622
5680_2,0.05303441149099744
4310_10,0.9430405617058281
4484_10,0.6659201711744623
5748_9,0.9783349953452958
6798_3,0.03626197749800697
9598_10,0.9871961205643194
4834_2,0.01834956800679529
2505_10,0.9995933831413809
1984_8,0.858099798915923
476_1,0.9481456095714422
11578_1,0.05105473812208836
2223_3,0.46346400198339016
8215_3,0.36976951032040917
3108_1,0.005249958649405739
4371_1,1.8152697275159983e-05
12399_4,0.07944213033186377
4913_1,0.0007305713986248151
8431_8,0.7578450334391641
3445_10,0.990591365566666
8268_10,0.9425046270248327
4271_10,0.9077777340247554
2136_3,0.0324024517168775
2479_1,0.19012484432030471
11798_2,0.03563871651613713
2893_10,0.9868791182597106
7754_3,0.20147245198273095
7568_10,0.9798279279584238
6221_8,0.9966792397609658
1687_10,0.9781129136282053
4744_1,0.001036313519067116
3730_10,0.9833765047351445
7543_10,0.9543728745652313
4449_1,0.018234614589607727
2802_8,0.8643986590343005
2834_2,0.0005237233231241524
11243_2,0.5749711944904474
6638_10,0.9008322796631415
3299_1,0.01932040384735599
1378_10,0.6463207267063678
1867_9,0.9270637022206644
3371_1,0.007001301835024888
1340_10,0.9443826727084187
1810_10,0.831962887885417
11773_10,0.1747873392698534
2111_1,0.10375541046957057
2234_4,0.7660107930151674
4958_7,0.9409193951262752
3514_1,0.023691821471471742
8488_9,0.9828077539412918
1650_4,0.012543053163568175
6538_3,0.0888807821261253
9930_9,0.9958824758005228
10594_1,0.008297464731603007
6248_8,0.701214751169011
1384_9,0.8808943352215877
11526_3,0.3274766417929868
9847_10,0.9979517624670586
8994_1,0.0012142637332228825
11595_1,0.01331327873572139
9840_7,0.8353441316310383
1027_9,0.9832676603888361
11691_2,0.004408682910649697
1154_10,0.456530116994071
4599_4,0.017228972334861117
2126_1,0.0005846198038072707
10719_3,0.017672183697556874
11925_2,0.047892927029565144
1938_2,0.010546294419224575
7233_7,0.6082602826022476
1747_8,0.9828436623597252
4994_8,0.9396592154695895
10696_10,0.5499502930365844
7348_10,0.9983965107838831
9121_8,0.9103409632155791
902_10,0.9487390591641864
8046_1,0.0001649457041875015
3604_7,0.321649784779221
4886_8,0.9124819290390426
2821_10,0.9999111450498261
10180_8,0.7044529726123111
11376_10,0.9900441604853816
11195_2,0.021129944330835097
5625_9,0.9998154316280885
9284_9,0.9967805559450829
6747_1,0.14332566122955318
3910_9,0.11699512594924627
11412_7,0.9805280206734768
2456_10,0.9784347970735083
6105_10,0.9996900650540073
5732_10,0.6872566389574115
1960_9,0.12511357576244753
6363_7,0.9167268957685752
9596_10,0.9095956254597037
8605_3,0.02521772239673751
174_2,0.0012120350803309957
8251_1,0.018854547922750566
8567_10,0.6203080188466257
7007_3,0.012107637680692951
2418_8,0.9962293692528107
12030_8,0.7894720762275886
7626_7,0.7991105693689434
6070_3,0.18319016950171743
802_1,4.8644931661697284e-05
10801_10,0.9281395621563469
8559_1,0.05164144410072026
2495_2,0.10448693239055085
10777_9,0.9958985061315787
2958_7,0.8426503679216985
3701_10,0.9681062834443761
2754_9,0.6984847254135208
1210_1,0.22542756412043688
7830_10,0.9955964446013947
4523_9,0.9357946197960593
12408_4,0.4377596711026186
5748_1,0.006808054046891802
3982_2,0.009445533193834491
9658_8,0.9986590746185361
73_10,0.9446481257041696
3952_1,0.316822498642739
4064_8,0.8943263568331626
9835_4,0.44875098458791074
12463_1,0.0026287259376369335
905_10,0.990749836300316
5634_8,0.9947201629323015
800_3,0.010483982080033824
11576_10,0.9996615636281618
8546_4,0.1374764595637949
8456_1,0.15399091200066045
163_1,0.04058456547691079
7616_3,0.0037020152667838688
17_3,0.5194273980417595
620_2,0.006617708604719751
4250_4,0.10880000694650398
4403_1,8.826420231549524e-05
7107_3,0.32637204742039205
9691_9,0.979602969774229
4069_8,0.9835119352958612
3747_7,0.9853726516211619
7930_10,0.999018390163214
1088_3,0.358133113959737
3683_1,0.2702799404605873
11138_1,0.06852661035619605
1825_10,0.9661826066381395
9888_3,0.006604298146183347
8079_10,0.6161449507884663
1508_2,0.0009494871683234084
2471_4,0.06159861949110102
5238_7,0.4799020870529279
4947_9,0.9273893250986055
1791_10,0.4472700008894878
5824_4,0.021753601349081948
10408_2,0.13032256961927471
6053_8,0.8473896647666478
6811_4,0.025801920138126107
6398_4,0.06305970646679118
137_7,0.7710899713015982
3920_9,0.6231912891071332
8179_2,0.7253633017326631
10602_8,0.2529519407464682
10509_8,0.9611530631210407
7346_3,0.13238505529504765
2663_1,0.038574512854069036
1342_2,0.17183826657969778
5714_4,0.00017963076547421953
9669_10,0.9391940733090154
6038_3,0.1132373401062972
11957_10,0.6495734059563618
750_2,0.025825546867767724
12386_10,0.06539768883070561
7178_1,0.01337353161631763
8070_8,0.7352084587959179
8993_1,0.017135104317702318
1178_4,0.12433422806631708
10457_8,0.9955687987078423
5287_1,0.017341645429167545
3098_8,0.8517564412175639
3505_8,0.9967736022596404
10271_1,0.8493589932089013
4354_3,0.011245745686663412
4817_1,0.012878256982550509
11313_1,0.18465132719963456
9023_10,0.7222820002389485
8404_1,5.111079029523523e-05
11847_1,0.006891180063885137
5374_9,0.9983738767950125
1009_8,0.998448883186135
4197_1,0.01169243827614876
10803_9,0.29229210693162583
6609_9,0.8602919591246596
519_1,0.0029367568106634483
7675_3,0.14912702977414788
10204_10,0.9385506079645095
10565_1,0.004553873080101668
1641_1,0.011083316019429855
11170_10,0.998032164001336
451_2,0.009084164235251335
4526_7,0.7384172919811901
5639_9,0.8862538802417269
5642_1,0.051886088602197546
9159_3,0.8977825095033805
11173_10,0.81946477986121
10772_10,0.9086998720980586
11172_10,0.8917204329558481
10213_4,0.24751599003194763
11256_9,0.9942459762802066
5863_1,0.000953371164537682
5125_1,0.7087293929116717
5624_10,0.7810517931626376
10355_10,0.6180253975159772
6623_1,0.00018990767011184905
3674_1,0.08347202242504732
540_8,0.6423567584483646
5202_10,0.7111432471130704
9644_10,0.9856889319156993
4780_1,0.17473772133226406
2002_9,0.09503265784538478
7228_10,0.9879681820067967
4036_2,0.0007917064855407938
9925_9,0.9237116751762955
1137_10,0.9759197640987064
5679_1,0.13679992215501313
9162_2,0.008084098847352325
2849_3,6.843952165684363e-05
3546_4,0.0005221845126231791
7164_1,0.008603134674227745
1749_10,0.3576241188924853
11988_2,0.016129896967783122
365_10,0.9995257490476115
7340_10,0.893491654772346
1543_3,0.014346789926212668
6008_2,0.2079864900159447
2230_4,0.10847735101037476
10105_3,0.06699871938561684
5443_1,0.03987150577713577
5024_1,0.15824449101532478
5630_8,0.9801496194265646
7603_10,0.9842491169892896
12205_10,0.4160074845619363
5910_7,0.9870237275639441
7006_8,0.8986231368904275
3287_10,0.31570473116571984
3136_1,0.037459579395993564
6547_4,0.8346222939506807
9329_1,0.021482442581496806
1679_10,0.9953120149884488
1659_7,0.9349028105391044
2015_1,0.003455654791240164
5236_1,0.010051879561535521
2201_2,0.019938132746757785
6026_3,0.8495625722849917
12093_8,0.9431769887252399
11394_10,0.7913588758720539
9512_1,0.054616025864806426
8401_3,0.20116383937375462
5239_8,0.9778878477395289
5018_10,0.9483536819982258
38_8,0.9905452057254576
2968_7,0.11774024500386494
5359_3,0.046230911050892644
10419_4,0.8798610378235538
1551_4,0.8043697201148797
11346_1,0.29365750859543277
809_1,0.007548506056034753
9823_4,0.165253262164524
10125_8,0.988823151668293
8819_10,0.9231226990493286
9038_4,0.3516613218896844
1968_1,0.0569288682320729
6642_2,0.03329799293184041
9015_10,0.9906152631562761
12198_2,0.03755350394435127
2758_9,0.9673241249021254
9206_3,0.0026455819567613222
4370_7,0.4417398831197207
1985_2,0.3562736429737294
3031_7,0.9598883086292759
10172_1,0.04239337638700129
4527_1,0.002160988235693551
5458_9,0.9769585199065451
6534_1,0.009137048231016194
4347_1,0.0054928861675375105
11152_10,0.8166690742462748
9238_3,0.14101681812933792
6161_8,0.9812638171977173
2299_1,0.18318803747848458
1133_1,0.8879092608422787
11774_3,0.0983204277864851
1095_2,0.08144993680411412
11311_10,0.6081561951632556
1126_1,0.0002956767775509846
2385_9,0.9912702939877815
10710_10,0.9437875530674619
10106_1,0.0018620991263654384
3363_1,0.0311256361312971
11480_10,0.9969567076667599
5183_1,3.8394181732055476e-06
7100_7,0.2444034098573991
752_10,0.9982977386790983
11958_8,0.21169460285135866
2518_1,0.01498651438011916
4744_9,0.7505124611111869
53_7,0.5356305160796495
12289_1,0.4473329955439011
9239_4,0.6251927445985603
8758_10,0.41451998212960967
9050_9,0.6053119648798951
10390_7,0.978729921058139
11780_8,0.16785928388923876
9518_1,0.019837774790585693
3442_1,0.0013637461712052528
6316_9,0.9637754398885927
2826_9,0.996266701718599
5908_10,0.9928909158549201
3720_7,0.9778549148979063
8481_1,2.0208405267143423e-06
1188_10,0.9988520127880933
2784_10,0.17035876901430458
12352_3,0.7129563187846837
1771_10,0.8582626581404056
5255_1,0.31197452889735133
328_4,0.5505601816138257
313_10,0.8142195683114118
10530_1,0.0010712265197678702
4866_7,0.8225867606730171
8936_1,0.002286021536152787
10029_10,0.8045028962598857
12383_10,0.7915842343026633
1922_1,0.13263088116836164
3012_7,0.85007877046161
11593_3,0.14039572329610073
8661_1,0.08745281647385318
10457_1,0.0010299386153452665
8074_4,0.9899306359943734
11993_10,0.6138675709015465
6_7,0.9826167575407013
2542_9,0.9595050424719053
11454_3,0.1462163685327047
6776_4,0.7075338283322399
9466_1,0.7548308808108253
11100_4,0.00563745141316943
6429_10,0.9454671223025902
11218_3,0.5491405473262464
8310_1,0.1538258953243053
7432_4,0.12863810378977195
10115_1,0.04871293595399205
11127_7,0.9834060878997031
3306_2,0.10625842330184981
6998_7,0.40556564711012344
12166_2,0.003491550064362281
7792_10,0.7320740477342612
9250_1,0.00123301863344592
3351_7,0.763466872802877
3350_8,0.7966716296246891
2393_3,0.26022591210026114
5473_3,0.1801445128837551
73_4,0.13538918638964467
1504_1,0.00014991650801836123
10317_10,0.9945994047154838
5795_1,0.02277274325232336
1511_9,0.17000651678450324
2537_2,0.081050266585773
8010_4,0.10777447577574521
1616_3,0.39622679539117295
4332_2,8.754332868348285e-05
8499_1,0.06467906705705762
1636_8,0.2932431023745261
7752_3,0.05458603912703507
5848_7,0.8633950467778762
5370_2,0.14923273367545076
10600_10,0.7032114032049279
5501_3,0.13668963164318668
9948_7,0.36791184832674745
10683_4,0.057633254783507566
10013_4,0.43881011213771437
11704_2,3.3308178148273314e-06
431_9,0.8125814228330475
11855_10,0.9461050214772504
2671_7,0.8569447439806601
5831_2,0.06209748428413949
7920_10,0.9688272012236385
276_1,0.4264263232429575
6245_2,0.04587791095310755
89_3,0.016836476405591536
7871_1,0.0024596315478416686
1707_1,0.06955452732421835
6640_1,0.003383056252404628
723_10,0.9835618360329821
11391_1,0.09937288556311644
3534_3,1.2360457602782858e-06
10449_10,0.8550823912733618
180_10,0.9988891088918422
5128_1,0.016084614321397513
471_10,0.9311744551589366
2341_10,0.9776190622115436
3204_7,0.9171212838875932
1818_10,0.9972757664104477
4489_10,0.9067048813578348
12034_10,0.300283956457505
11264_10,0.9967445256205584
8077_7,0.27217091438492164
12206_10,0.923055234406939
11549_3,0.03058520468341665
8993_10,0.8241400418184892
1937_4,0.1824136622470976
7778_3,0.010547739440533487
9714_9,0.6690512822309953
7219_4,0.01462602522917405
6518_4,0.012577371564420032
8421_10,0.9534958122210915
10563_2,0.03248107538091438
2527_9,0.5111889771370666
11147_10,0.9962541754886157
832_7,0.586502833025734
8972_7,0.4651980844445298
2311_9,0.969577111195961
6794_1,0.01728617508839182
1769_10,0.9999616213829595
11130_1,1.5557793465663769e-06
8331_3,0.0829521969517176
5564_10,0.5592087408729242
2594_10,0.9957080846969978
11037_1,0.5326859313777195
6679_9,0.5847898841097038
419_4,0.5614654032930982
2635_10,0.11074691137363074
4436_4,0.4507805017817245
10972_1,0.07985624571010455
708_3,0.23429940583452902
9113_1,0.05507854060488655
1438_9,0.9979276474702568
2048_4,0.0015157784750680979
4488_10,0.8699350033774521
7889_3,0.5415939632079871
11498_9,0.9924142249941923
8780_1,0.06323893773295185
2036_7,0.7326009708278312
1861_1,0.0005135007580792031
581_4,0.1128236319942984
9253_10,0.9970736902012266
977_4,0.04682836682559688
5693_7,0.9474212526980267
6515_9,0.8769271709091562
9378_1,0.01904559914428218
6695_2,0.2554258666289755
8507_1,0.005288979532599714
829_2,0.04757395256305604
11023_8,0.9973133580861228
70_1,0.07959768159555508
3669_8,0.6073425738190769
10033_8,0.8931245368093095
9158_4,0.16599452357829858
817_1,0.040969873877983176
4679_1,0.04674829270107721
8133_4,0.19766571966665514
3531_1,0.0035507976589181224
10742_1,0.036160432546033495
5579_3,0.04028267523773885
9041_1,0.08356424181992474
4938_1,0.016809560331918452
4246_9,0.05103103451618439
4275_9,0.1858944508190936
6819_3,0.16758206096976103
6327_7,0.42710709040782857
6101_10,0.7678035822922853
11852_2,0.015938644921106034
10252_10,0.7060427463731336
4348_8,0.6103639870287216
5328_4,0.022230954320691176
11964_9,0.9140892924288132
8634_1,0.2501088195936351
3702_8,0.9945135747733401
1677_2,0.02700877172138339
5907_1,0.023606276999014637
8432_10,0.5940129362547903
3570_3,0.7215993618842083
9624_10,0.8232666585039441
11466_4,0.48792419946914567
9062_10,0.9964213385250236
12336_1,0.00026562933293177376
3476_1,0.0403854661206315
7033_2,0.0004372790754931781
2660_3,0.29627098841734606
741_1,0.014124003328826372
11490_1,0.009366478367812937
6580_7,0.8704439237137447
1807_3,0.3207736715289219
4785_1,0.0007227855435040302
6319_10,0.14395555999084386
4437_8,0.9657090866968889
3533_10,0.9913756373217049
12119_3,0.754732372654748
151_8,0.9343462520588127
7829_7,0.406911084144648
5497_1,0.11852906028460752
7477_10,0.7000939066632401
5879_10,0.9924304995560422
8068_10,0.9670714479876164
7989_3,0.5487115213267235
8480_10,0.959127201263179
10352_10,0.8569492844542306
120_2,0.0064911219626588015
10135_3,0.16633049684149404
8091_1,0.0007295528339308993
8505_8,0.4372081560408942
3282_1,0.7697914352414604
11570_10,0.9996183927269265
11052_8,0.9767898199965899
5549_10,0.9957142257282975
3891_8,0.9993166095303062
3537_9,0.9865856030022327
8503_3,0.2650454316732013
3995_4,0.2392369521428267
10979_3,0.012751970699760536
11681_1,0.27950985394900885
536_7,0.14976157683816768
11739_8,0.9950624157017355
6951_10,0.916386460445919
6210_2,0.2417753891802896
1449_4,0.21080641878566825
11860_10,0.9819952825649129
11149_8,0.9978462364936772
4021_7,0.9116322719955864
5104_3,0.6456548066968693
2989_3,0.009041785851244023
10112_10,0.9995455142999408
6718_1,0.0062704155648297035
7654_4,0.7217994295225214
9481_10,0.9800610911739341
7984_2,0.0005030068281144855
1348_8,0.9611425667280793
11079_8,0.37287278075947744
9554_10,0.8752203853467759
8617_8,0.9923450812860376
315_8,0.9748310503226345
6085_8,0.9887142833490691
1823_9,0.9999931082580145
3208_10,0.9971190595651206
924_4,0.5647662582773934
6479_10,0.9783610971506641
7017_10,0.47578136433006724
8595_4,0.4684971486134694
4532_10,0.9827316398603532
5145_4,0.6007228672692544
2358_7,0.9209128986043902
11151_4,0.5421087124185263
10238_7,0.9635398767139282
564_9,0.21972780366718658
4054_10,0.9935155159574459
8852_9,0.9920853833661251
10137_10,0.9946479690053145
7014_3,0.017010925331068412
1533_4,7.664810096423961e-07
8257_2,0.4775420117177336
8719_8,0.5916527546227345
5041_1,0.00048478003683970764
1469_9,0.9175105274041867
11726_3,0.010603256674371729
2002_1,0.013166200760313856
12293_3,0.07497916319053198
3672_1,0.00013242985993213338
11110_10,0.9456095656027146
3931_1,0.8339063427456531
6972_1,0.1100553554717206
10186_1,0.012731117888291602
9265_3,0.4368374947193179
7412_3,0.039349948745007086
5427_2,0.019125231117078142
5006_4,0.2670032225615385
3199_1,0.0016018886100773273
6256_8,0.16316245076838276
418_9,0.9600669162877908
8834_9,0.9857987498709025
5093_10,0.9988633715863448
3190_2,0.007967501863318214
12360_4,0.0005928339735825652
9477_1,0.05843734398792966
6085_1,0.001466050997229641
7773_10,0.9719251389682257
255_4,0.6235105104287709
1661_1,0.00036511357686196865
1627_10,0.9902987330474202
9204_2,0.038506552504679846
3704_8,0.26690422814803094
11898_9,0.9893002391783184
1137_1,0.00014940586086407295
101_9,0.49021559292167155
1142_1,7.443747508313329e-06
5314_8,0.9971940320474223
10932_4,0.0016740014908311022
9639_2,0.0944156259981282
12125_7,0.9990444566128726
10998_1,0.0006857871336737381
5186_7,0.24053317689173545
10340_1,0.9950900903662285
7419_8,0.9193432568615812
6929_3,0.11622917384930032
7238_4,0.06134087536435568
10869_7,0.6576709777018134
4106_1,0.0006057618548638681
6589_2,0.32684681613561134
9619_7,0.289628808980263
7116_4,0.5760577833619208
8889_1,0.00011175957375367125
3901_9,0.9981846289872252
7052_7,0.7283145107008477
6439_1,0.0005839784474467422
5309_1,0.7682893964556878
4515_3,0.08758028872389896
3029_4,0.3937868361456923
10310_1,9.505706031131861e-05
12350_10,0.9940321715832469
532_8,0.0256297950211697
11145_8,0.9626715481280457
75_10,0.9727482509360399
6137_3,0.00042254362795448154
1637_2,0.05865502974250783
12327_10,0.9768068133557387
2177_7,0.6975194658199059
1879_1,0.09729956748187585
8745_2,0.00011084966205890391
3099_8,0.8097473891639904
7354_4,0.009389333409026352
10103_1,0.00026664390876787145
3296_10,0.9721288899477588
8494_9,0.998874720134541
3423_4,0.5816407264301018
7609_8,0.20118873619303357
4265_10,0.9055121222461553
1872_7,0.9703693609116225
10987_10,0.7560072992950825
2849_7,0.7575522666354775
628_1,0.08142185658502023
1391_1,0.019003741322770773
7456_1,0.013197461073092784
12150_1,0.046546408874314556
7718_9,0.9968575319435744
5787_3,0.135291438144714
12162_8,0.9043079251255222
11670_7,0.23318737695567684
1784_8,0.41625074187824884
7483_8,0.8244488410897571
9564_9,0.6095224154827008
10832_9,0.8819365174247522
12230_1,0.012075176424322594
2291_8,0.9991689364352991
8416_3,0.7500385066382768
9486_10,0.9994482602558111
8153_10,0.9769941576106222
5164_10,0.8310926281462916
6347_8,0.9931161093013258
7773_2,0.0382154296854875
12215_1,0.0028478029953901895
10039_8,0.8772258896794718
9803_9,0.9255577132311574
1589_1,0.24939519206148825
1615_9,0.9909802263288572
119_3,0.004384958324151713
623_8,0.9975115891565927
10427_1,0.2032832938994145
11697_4,0.08021135676393293
6168_2,0.0012372673990116705
2658_3,0.01782922875010776
1841_4,0.002672708671646454
10572_1,0.3465112026602389
6964_8,0.041022224940567495
5172_1,0.17671532104603904
989_7,0.8532782741415594
159_10,0.9981253771359108
5240_1,6.848416477774468e-05
11777_1,0.007029570385634575
8350_3,0.06198986200173187
2565_1,0.19735360547107317
7694_10,0.9799688012913876
7759_1,0.00022917618774415019
3003_4,0.4693347411801378
7128_2,0.0009434148324528292
8147_4,0.020092885727835595
6595_9,0.9418341884581023
8949_3,0.2707558950803655
9848_4,0.0014244271860385676
7496_8,0.9613903412223871
11857_10,0.8500154748893612
3237_1,0.019011599018855234
5404_1,0.08857729365827413
10699_8,0.755251681695758
6138_4,0.07141007442737671
909_4,0.7102383611793618
11833_10,0.9985338391034844
11817_10,0.999964518524618
171_2,0.04832675317664383
2517_7,0.18185070455544758
10307_7,0.586952691628469
370_2,0.027733021746291307
5995_8,0.8941555511270829
4612_1,0.018340286712173363
6561_8,0.7639588213139937
7454_1,0.0013546616031452241
2951_2,0.006074961376450604
8860_1,0.005931537957680747
411_3,0.04090258422657534
664_3,0.0002094528060634934
4345_10,0.8380988113820113
4452_1,0.4474800931455686
2833_2,0.00019587108484426147
10374_3,0.21181316730537408
9322_1,0.12842904484373507
9923_3,0.0006531439825903397
8687_3,0.05929260979388648
7567_9,0.8313149182088897
137_3,0.0018368182851663166
7872_1,0.0019151577363359631
6968_4,0.02707146647819208
1540_10,0.9790165125949433
9157_10,0.948724404983912
4102_10,0.9991767729326071
6645_1,0.8885650339946224
7630_10,0.4787397369498445
3958_9,0.9157214823292289
11437_9,0.9673020162039042
6982_1,0.22908400252161557
4870_2,0.5579737059609626
3545_7,0.9779625368901085
204_1,0.0005615145648672953
6844_10,0.8973997419304303
4736_1,0.32653078597359536
9120_9,0.9926674605151241
1608_1,0.08569750563475632
1251_10,0.9978894896678062
12315_10,0.9734840766407271
11754_10,0.999270391901095
2399_3,0.8515587224603223
11499_8,0.9114725118972997
3870_10,0.8665915657273873
5503_10,0.9958089030567825
4045_10,0.4068806629652281
3063_1,0.050943685000748605
10914_7,0.43246686709615045
8509_10,0.707990606077415
5872_1,0.01446607459705872
5729_4,0.006950342689536949
10865_2,0.008539812717569277
10218_4,0.21407257510559308
2096_4,0.2900436495063582
11344_1,0.10843055909674812
10623_2,0.04890579541345565
11241_10,0.8404064175292965
7254_2,0.44835059038593245
7892_1,0.0015170353944718431
3472_8,0.5607153937257975
11637_4,0.8037044392109746
11853_9,0.990045263756022
1096_7,0.981437734382006
8508_3,0.6711052976578131
9400_10,0.9972692161939336
1128_10,0.6510968431985293
5989_10,0.9695070802911231
8021_1,0.00045956541366864876
7860_10,0.9803876865076977
1131_10,0.45812424247298333
5589_1,0.007512512304841474
5662_8,0.997400321981046
2161_7,0.8823384550510341
323_10,0.9405952967947872
2431_1,0.7694090629218373
10147_7,0.9961030667779249
2956_7,0.46506234117970086
12005_3,0.4083248624570167
477_2,0.8657364155762932
202_9,0.9956371132207851
5710_10,0.9991833756166576
2262_7,0.9600692763455229
7103_8,0.2886051348667862
10237_3,0.17419441145472458
12151_1,0.2892778364107075
7485_2,0.060904978937094865
2438_10,0.9994329276258652
4069_2,0.010321277353550618
5593_2,0.013331835189958199
11163_1,0.028106678525399362
6754_10,0.9996027976516313
9147_2,0.020530562213168457
9614_10,0.990021827202756
4427_7,0.7809791665114393
1382_1,0.03932825626967397
11132_7,0.6458368801613853
6371_3,0.10078724273355878
11221_4,0.12909366876938827
10071_2,0.7609934238416755
4936_2,0.08249742357661378
1797_3,0.5319263422946162
6692_4,0.6305235616540169
5816_1,0.14221385224962124
6163_2,0.010112603443697469
2042_8,0.9739164296243934
856_3,0.0328218697332993
1233_10,0.9999413320930213
9537_10,0.9951586976801493
9504_9,0.7008715103799105
788_10,0.9707345739585953
3399_8,0.9617546349571335
7142_4,0.027094565091929715
10371_4,0.5499662063388555
760_7,0.8530323235599213
3614_10,0.9799059333188982
3314_1,0.1773719690316735
3447_10,0.7503893844887466
12240_10,0.10455083604387293
10083_10,0.9786102655196985
9936_10,0.951726659566384
7651_10,0.9005000223375371
1470_1,0.0018984805731384789
2703_7,0.6597773523271583
5637_10,0.9981880995012883
6102_1,0.1324687941918298
8991_8,0.921399936198692
9606_10,0.9647260648840204
10568_4,0.006775929393177385
7126_10,0.7764871564297338
4203_10,0.9831817357523485
4486_2,0.017862748302798048
3408_9,0.9736360411009937
2867_8,0.9934998056107046
7338_8,0.9836803672091041
8065_4,0.014955207994746306
2510_3,0.0002497584117170456
2110_7,0.6264071773392136
4097_4,0.16102066155081562
7484_8,0.15600290135455294
5789_10,0.9675446117740312
8070_2,0.00013295091487961616
867_2,0.02265636240413899
1364_3,0.26780564288733755
10654_2,0.0005424241990403061
12417_4,0.47842163505174595
10470_10,0.9988233896201488
6544_10,0.2700042965355074
8904_8,0.688807747581797
10282_2,0.03224336151151088
497_9,0.7963162854975685
2659_10,0.7007611106914852
9609_7,0.9737837839889736
3010_3,0.6261687405605928
9134_1,0.0067452928517933485
8990_1,0.038739157524943404
6960_4,0.417646602366373
9566_9,0.3267100690874523
7923_4,0.003871196225215864
4542_10,0.9894225055183207
7185_3,0.000734900164690234
1918_10,0.9988898837233751
2316_8,0.15397956210460612
5846_10,0.6827873768267595
1023_10,0.9622927723972097
7141_7,0.1286790176553151
3724_10,0.9999238154462522
3617_2,0.0033512193438854313
7095_1,0.0016308000651538447
12201_10,0.9953275693007183
10309_2,0.0288526648103114
5584_8,0.9850004448073835
2063_10,0.9565386132225965
10874_1,0.008853256905521184
4084_2,0.015855912600562138
2765_1,0.007116420828171254
11390_3,0.3021001714790811
4676_1,0.34425187880375985
2130_7,0.12388388181273742
12032_7,0.0966348278336296
9671_3,0.001130830419140559
816_7,0.9031131739338535
11320_8,0.48082188139696863
1458_8,0.996985004414323
1938_7,0.7910636229807577
2861_8,0.6043616399669319
5768_9,0.9973588482236105
5049_9,0.9739851179501088
8083_1,0.23744875805149887
4825_1,0.0005839784474467422
1740_9,0.982648590750071
3034_10,0.5847958592979456
9977_7,0.18040538038103482
8459_10,0.8613084904584478
1103_10,0.39978840388396986
3783_10,0.9817307862245606
754_2,0.20060931813599653
5580_10,0.9810725334622113
3472_2,0.2773011599307256
2640_3,0.17836671320706968
5400_2,0.08652386036629708
5881_10,0.9981123026511045
10970_4,0.9666294484698806
8842_1,0.013400367023434908
5336_8,0.43914848493460656
1398_1,0.266699191025309
12310_10,0.9804319066489766
6012_8,0.8574503853828207
1508_7,0.1062440641515108
2981_8,0.9928602494792069
576_8,0.9841210972074241
9683_7,0.2951367145811812
10336_1,0.05818154574912798
3345_3,0.19009588652275725
7683_7,0.8298507843307804
6366_9,0.9462514722871559
6741_9,0.9984454347562741
11396_2,0.6186862052531422
4964_10,0.8744390170996085
12285_10,0.9748317259007268
11018_9,0.6499364963251528
3902_9,0.9047550639897176
4147_8,0.5069961982201521
1748_10,0.820211698335724
10084_3,0.03969875952280528
3265_7,0.8457695570356067
6160_1,0.08497204259983507
2984_10,0.993246375028508
1305_1,0.0001356234383507162
9075_4,0.9091249209112312
11710_7,0.9618661358891257
2443_10,0.999209874292202
938_10,0.7263662084671901
1392_7,0.293759026694997
10406_8,0.4208298837184308
4302_7,0.9906622637609561
2836_8,0.8102451084132151
2365_3,0.14087562928214253
98_1,0.5968246563498768
8325_10,0.9996408194109179
300_9,0.9521070598546392
7667_1,0.7805174939443318
4313_10,0.9362213144623789
12450_3,0.22824017037057076
8582_1,0.3906203037128584
11325_9,0.4049495931560209
8482_1,0.22844472142748642
7304_8,0.9950645914985302
9439_1,0.0002844534456460505
2656_10,0.8793785041812602
4306_3,0.08615807799939869
10079_1,5.344992779339475e-06
11172_1,0.004113049570658933
6095_9,0.9996997870650706
5698_1,0.10382898510308854
35_1,0.9645772212111452
6043_3,0.07748989940127694
2261_1,0.0016632751025458848
4784_10,0.9596696586224683
10936_7,0.47962149822932215
5316_10,0.9790589949957964
8361_8,0.7231349997712113
10373_2,0.3753799467843368
500_10,0.7863448035169981
371_4,0.029747760715235494
3434_4,0.017635716312756875
3654_2,0.007754270659802452
11280_2,0.22596844600620944
6542_9,0.9318101281033822
10313_10,0.9998493851432543
7267_1,0.14024586764317465
11897_3,0.48324334742066843
7321_2,0.005912817388943228
1516_7,0.166993910709623
1640_1,0.008544593715019847
9456_10,0.4557041223840745
2769_10,0.6479424148450171
6280_7,0.9893866641645552
12399_10,0.9990055193882407
6206_7,0.8737578831597071
8836_4,0.15382264688073596
5254_9,0.9661171758152824
10903_1,0.013384173633498513
3966_10,0.8260517290617663
4048_10,0.999379830157308
1528_9,0.877653736261213
6219_10,0.9285660961058764
8280_4,0.2196881142252168
7974_10,0.9168896135198703
6956_8,0.9242705625499115
5975_10,0.9987493701984733
6759_10,0.5582974874805758
963_2,0.17475591385959874
12158_10,0.7637695677519631
148_1,0.19014102529149296
8831_1,0.375036192720514
11556_9,0.36386979415984744
9038_10,0.3317232718290856
4421_10,0.9968310188656718
5236_8,0.8444988522987509
3753_10,0.783819238007773
9334_3,0.48805877330792824
2444_4,0.0007940550580479275
2890_3,0.06706599741537057
9132_9,0.8988994826963714
11413_10,0.959094289876997
3424_4,0.3935965671612901
1258_3,0.07188530653243512
5277_10,0.8305876754530537
706_10,0.9999617950153472
3527_10,0.9953905181997577
4081_9,0.741460911946664
3895_2,0.3480691178048016
11528_2,0.00260569428349712
7285_9,0.980025692939016
12339_7,0.6183705179821708
729_1,0.11594431428766694
6291_1,0.09591474242635953
12296_9,0.36386979415984744
5913_10,0.9999773248224271
7770_10,0.9968604897013642
9546_2,0.04773164710605221
2383_4,0.919127250321386
6802_7,0.9968504750995224
5445_2,0.003692075168922895
687_3,0.01108825327796436
9982_8,0.9826290436460546
11830_10,0.47386837691078926
4271_1,0.003413926395773591
7279_10,0.9889661128915139
1599_7,0.2673646378769875
10880_10,0.9917031767278559
2838_10,0.7385868004341188
4234_9,0.9636226368660517
7674_2,0.05586138002358937
6156_8,0.999999751273727
11657_4,0.0378360137637307
11738_2,0.028479264895025246
11962_8,0.9401324400734078
10966_8,0.7153959627218623
6421_1,0.0007051292294904031
1476_3,0.20808056816660173
7022_8,0.9997142413257419
11500_8,0.9053784551859062
6263_2,1.1847943990311968e-06
8989_9,0.8893933769350119
2395_9,0.9199148911605626
9311_1,0.6103924224225553
6386_4,0.01367058262554916
91_4,0.705428716118753
3759_3,0.06521553409368457
11766_2,0.722917414570248
11290_7,0.7739100640839263
5627_3,0.0007319804286842218
3278_1,0.03830237116974719
9682_9,0.7683871549957807
11894_1,0.008492545551512526
10387_9,0.9996335075745979
884_8,0.9990913849471874
8408_2,0.10980771667942577
5772_2,0.2568318700497918
11422_1,0.16658654898616695
9709_1,0.0795738629806125
701_8,0.7067844276843749
2721_8,0.8831783451319141
4875_3,0.4295715123607996
6356_1,0.0006889425681430889
7446_3,0.19001272999334953
2440_4,0.747115315200833
9732_1,0.03754304836829163
9109_10,0.9634180305815951
7578_2,0.9839285280125599
11017_8,0.24521000742607915
12498_1,0.0028855199496922715
4942_2,0.3412122888717975
4939_10,0.9702391512101759
8451_4,0.6780551355807558
6274_1,0.09105936127884746
11635_4,0.09017737656106385
8931_1,0.014816827039825944
109_4,0.5702345351593077
11744_7,0.9589148680823458
5351_4,0.6275697904690111
1120_9,0.9954057713468842
10494_2,0.006579155944698475
5317_10,0.834939308077148
6139_2,0.2386648217854939
12322_8,0.8179637432505364
11239_3,0.034803372584013205
4815_7,0.2535632072391917
11979_10,0.05318791642907113
254_10,0.6243172902001932
10286_3,0.04115571966485947
6457_10,0.9973339353032921
4662_8,0.9612559651577729
6298_4,0.014087068353862274
2704_4,0.9423536453112081
11313_10,0.8827556636370236
187_10,0.998476959487632
1166_1,0.0057376490765299335
12126_3,0.004922502359279863
1813_9,0.5632647149960701
6282_10,0.9961324339777436
10525_7,0.9843143438089393
8887_1,0.03830128370479892
11605_7,0.33117082725377683
6533_1,0.00025068411635240665
1210_8,0.9547964201078858
11904_8,0.7552089744133914
10659_10,0.9883168847770597
7004_4,0.001857997091646254
10260_10,0.925697907159883
11997_7,0.78054166625823
7850_4,0.7786572653008524
2085_3,0.3664319757674716
11839_1,0.004747593160964831
419_9,0.9983560838631769
4157_10,0.8596519192197145
8253_8,0.934884269976126
11268_2,0.0027334086027583494
12119_10,0.7948921181307383
10259_10,0.24822314789570687
978_1,0.17945662130250026
6848_4,0.5525485315192762
9368_4,0.01073772127029439
7863_9,0.7653614654655683
4157_3,0.09639077483127056
4184_10,0.8406229592902147
2888_1,0.0005295231729168754
8073_4,0.08003112148072154
1755_1,0.2817625531651457
7688_2,0.47224448768277405
5966_7,0.9132586452546697
10673_9,0.979584399529181
4110_7,0.4033794197177254
699_9,0.8899883722461878
9240_2,0.063150825974558
3651_10,0.9967686709232387
3933_7,0.6774030780725001
2960_7,0.9911514972686135
10664_1,0.0016382065292536003
358_9,0.9460081956168799
11200_10,0.9544446846732995
4471_8,0.999946494240206
11661_2,0.11002572748718041
12304_1,0.0064123959074937256
2442_4,0.9280094185585183
7134_9,0.9498951217111584
4214_2,0.19865270211567956
4869_8,0.7054603896700805
6372_1,0.5650986456694368
10236_4,0.40641588889183267
12189_1,0.7910271955333048
9715_8,0.9341039586644457
5751_10,0.930865349395004
166_7,0.3367267102507792
11889_2,0.5121714122032113
5098_1,0.4289820811100246
8126_7,0.996350340877832
9302_7,0.7133490677880308
10430_10,0.9785843827262587
445_9,0.999383409788799
4550_10,0.9216345207458678
10995_10,0.9870910155334096
7154_1,0.002343728425079258
3983_3,0.023951026053917187
1446_9,0.8751566654644976
865_10,0.7433349322641518
3012_1,0.013633488109579208
3562_3,0.16238396940474192
2551_1,0.002375497187578175
6440_1,0.023311569648231757
10241_10,0.9924415322817821
1542_7,0.2823685614486369
1405_2,0.00392766033700869
11835_10,0.9625998206173799
4023_3,0.02467655653025609
1287_1,0.00019074641089128936
11059_2,0.3401972195624278
2583_8,0.5304719641292592
1550_2,0.05153050652056131
11382_3,0.037994755275442875
5567_10,0.9750795601866775
11033_1,0.0005026612697710407
5543_1,0.0022229586833876006
8631_10,0.7677079773281092
10871_1,0.00042208518569557816
6955_9,0.9987524263650125
6254_4,0.7025336049522768
2179_4,0.08590907565272525
7559_8,0.9872328851394964
12431_8,0.880148112436247
279_10,0.9176357012103614
2127_8,0.9797565427810342
3803_10,0.8079906445819209
12200_1,0.0036448889728228928
3480_9,0.538231290025861
5156_8,0.6383934344011736
1718_2,0.00045916612094514745
12145_9,0.9900159539605456
1560_4,0.18918924555268193
11646_1,0.00017169035625915798
10378_4,0.06835173034536926
8281_3,0.00024058606372251738
10393_9,0.08029785931420728
1402_4,0.47408111490957494
3958_4,0.0022739464861086726
3676_1,0.00016482508462963978
3709_1,0.002662156260381137
10668_7,0.8431412166967743
11972_1,0.012228472836920145
4842_1,0.0012592456345337445
1889_8,0.7438115342327891
3990_1,0.030485428771281436
6467_7,0.9409517231146763
5928_4,0.2584572787400863
4639_10,0.922387096807398
4748_8,0.9979420764714239
5417_10,0.9994350315410043
2351_4,0.1337732659147789
4365_1,0.01937018882702734
3591_2,0.00882476117659359
5914_10,0.9842252069018513
8099_2,0.02182488575156543
5510_1,1.308214743248853e-06
314_10,0.9964057896652533
8544_10,0.9860545313678496
3799_1,0.11696266318558574
5650_2,0.0438346475890164
1646_7,0.09327118531023867
11586_9,0.9074200001730081
2389_9,0.9981728403486677
908_3,0.04149865141734216
654_9,0.9870344335589343
6323_9,0.9687893273146
3014_7,0.5495103240398823
11312_9,0.8537428917562637
5457_3,0.5525499739803351
6071_3,0.6625471003701245
12459_1,0.00023247928340613814
8639_4,0.06393965167148462
3600_8,0.8406557078436099
9052_3,0.21592443317755902
528_1,0.006680976434837438
7692_1,0.12526784839945132
6885_3,0.05811223131622181
11395_4,0.9074756282931866
11763_1,0.5892413645448086
3631_1,0.6965385734614673
4296_3,0.4256871079333534
4810_3,0.030086351340006482
6660_2,0.0032048437712920872
850_7,0.8532421434785302
6731_10,0.7877889896267508
12129_1,0.002200055863375708
11525_7,0.9027847732939654
5782_10,0.7740057539541372
4613_2,0.052927605082288366
4460_8,0.4629358070794816
2992_10,0.8744662714724956
570_9,0.7171587992121101
5908_4,0.6772209215439651
4677_4,0.11177262020243423
5791_10,0.9492385710572374
5718_10,0.9711936821681587
12453_10,0.4407727959136599
8364_8,0.8659100929875125
7761_10,0.844457068716346
3459_1,0.018458606454199798
9169_1,0.010576066013657995
12022_2,0.24803937566821838
10869_1,0.03247277415560109
4997_1,3.1495286123436476e-05
2430_8,0.883394259734673
5011_4,0.05652780896506292
3011_1,0.018345278247573732
8425_3,0.29846729494943597
6517_8,0.9723738909554795
9300_9,0.9950982291853041
840_8,0.5117583269310885
2662_10,0.9701261708917431
2724_1,0.05761444967377784
5654_10,0.35111379349166305
5574_10,0.9675215519645002
5606_3,0.0053032337237142
7717_8,0.697154829980389
11202_10,0.11016089693891536
6889_10,0.998488995201253
3712_10,0.9957014686267094
3042_3,0.04678773323225609
7858_8,0.6794033455526768
4902_8,0.9931535455032946
11885_1,0.007662069151669551
7582_1,0.15707532918535166
8450_7,0.5341070391532804
9368_9,0.6964809225458801
7616_8,0.9997437466788022
4443_3,0.22523281704040368
2344_1,0.0014033190869993345
11861_9,0.5240733533328868
7738_8,0.9927927462575322
327_10,0.9957207596573859
8175_4,0.00219925581478107
10189_10,0.9989486122705579
8691_1,0.1390975663155247
12236_2,0.0001053406026926127
7341_3,0.893811179002161
3261_1,3.155627875545326e-07
8809_4,0.001246250257300121
3735_3,0.14797796930047413
9339_8,0.8391177000726824
8242_4,0.5540260103999721
6787_4,0.21322817937280772
4379_4,0.08706176015001406
5967_4,0.716765140546373
5568_8,0.3223054385710001
4579_4,0.059285016881320964
7066_1,0.020679159194957292
12323_1,0.05477496997807594
2673_9,0.0003045919650256701
2639_7,0.8861767448165782
8323_10,0.9234901422284251
246_10,0.9519459060766692
653_1,0.3397893617936192
2407_1,0.022325927114027398
2795_1,0.0016183320567955933
11793_4,0.02920709351621896
2848_4,0.03571858903283019
6040_4,0.10257927454290425
9388_2,0.07153416604801575
909_10,0.9918539332282503
2567_2,0.24496284506035343
4473_8,0.9199403583826086
4451_3,0.06751952256537742
10296_1,0.02405267574724399
5111_7,0.17775921403438627
8281_9,0.9957257700324897
4957_8,0.6094811351540271
8249_1,0.34887810635045535
1572_3,0.7702739894259877
5718_2,0.3905916481533143
5959_3,0.15566899785612714
3013_9,0.6812794241264566
3544_1,0.005415523790041979
11250_10,0.9994673500160792
5162_9,0.8563779213134989
8872_9,0.8007290901596925
11122_8,0.9985324277436901
991_4,0.37167882961789706
6322_9,0.7048515351823131
7065_8,0.6891753921975894
9704_7,0.20022966006509377
4317_9,0.9382525257644881
11622_10,0.9992882419637882
10725_7,0.9765880868764831
6549_1,0.0002618650203826229
9062_3,0.32880377311950176
10253_7,0.8449908240097255
4035_9,0.9735202836296223
5437_1,0.16767312186174674
1779_1,0.0005656728680790933
8740_2,7.319019571763837e-05
10175_7,0.957196031338911
5331_4,0.15298775560372627
9506_3,0.08321219094707531
11199_4,0.07168913479904097
9948_2,0.1194729739573944
252_9,0.733779762154807
1094_3,0.5836701056187001
9145_3,0.4414145921796803
506_8,0.7872209676372839
7126_1,0.020259036258017418
3317_1,0.16807618819419304
11439_4,0.07394507577397565
6583_1,0.19580677859178458
2805_8,0.9883547755350582
1841_10,0.9739410365158282
2698_3,0.011212659918205484
6956_4,0.3147858017600051
7664_8,0.9699657633433985
97_1,0.10443382774633919
4588_9,0.24169894052012206
5220_1,0.0022810340356851718
45_2,0.09499171472154275
5812_4,0.21502524698161393
6625_8,0.9487468078339393
2816_9,0.8122268138463925
11463_1,0.009139055909392901
158_9,0.9815781662966879
6633_1,0.015149988249423003
1184_10,0.5916678114736978
3967_1,0.0898916040248383
6653_7,0.7782408940587754
6093_1,0.002949503103246227
2932_7,0.4630773501431007
1522_1,0.004180708001249358
2529_1,0.07471366273786904
1475_1,0.05236396686509753
2027_8,0.9677797859348509
1854_1,0.019997043576572057
6269_10,0.8906627744347574
2184_7,0.8033188500391654
4923_3,0.1489307263055563
10827_9,0.9933220894830993
10885_10,0.9994259335693075
3281_1,0.10471735709170561
1468_7,0.8379657531362916
104_1,0.010699348236305934
3898_3,0.13014688292586685
10973_7,0.9099479659401651
8900_7,0.9607308198029373
10735_1,0.024900044759919502
4992_1,0.00022187077803352196
368_8,0.9999721230462307
6709_4,0.0034288756194566714
10453_1,0.10493071721022187
139_4,0.7063232170956087
12079_1,0.003811935609856155
7001_4,0.020683756277517208
10533_3,0.4959573328598334
2307_8,0.999937013680282
7241_9,0.6454984698157934
7717_3,0.013549862751073144
6223_2,0.21767829483196371
9500_2,2.7560535295486885e-05
669_10,0.35532507601951235
1596_3,0.0912366021154103
3576_7,0.6530407625701317
8263_8,0.9839914466691906
6832_4,0.40130571929064196
5158_9,0.9674050143781663
5899_10,0.8802003169030095
5794_4,0.9413456051911415
8854_10,0.9122542494202207
11036_7,0.6877518153187205
8803_3,0.35313377381683403
5733_4,0.02161603605416921
5268_10,0.9374321123987712
12297_2,0.0002929016898789041
6862_1,0.32913173394188383
5515_3,0.022997649830885983
3382_10,0.9921720612211551
6738_2,0.014123565924991257
3832_1,0.03252396739032447
10210_7,0.8868111312777477
12080_3,0.314827079912019
7748_2,0.0016410371651827272
4788_1,0.9045934784653349
182_10,0.8992174838014212
4478_4,0.01845758619394515
6544_1,0.00866116945306168
2705_7,0.8262597904591091
10334_1,0.0013460819949234802
10374_10,0.9953690121345206
2031_1,0.0010216407540047103
4671_7,0.999959938517511
6231_9,0.02727457613356539
9077_3,0.13998008452918678
6381_1,0.02300804024249047
216_2,0.013801730489685141
9956_4,0.4074416857409309
10882_9,0.9528003558290088
6192_10,0.9532311602437202
10442_8,0.9922269235872373
3199_10,0.8897736626418643
7649_3,0.023249611320733096
1793_9,0.7932787577041243
7987_1,0.1678402154113452
1678_1,0.1736212143929086
8176_4,0.12649971236595683
4674_2,0.026116610070752784
5751_3,0.5134928295611193
6904_9,0.8681354446318982
8869_1,0.010964401820272683
6844_2,0.00015519364368445657
8744_2,0.015698765083239783
5430_3,0.6123762480769659
1556_9,0.9169531427035691
10830_9,0.9917229127227817
5642_8,0.6033208302257277
3337_1,0.020555812132305135
5339_1,0.001105309413426062
9198_1,0.0031930839177596107
5759_10,0.8661705832395548
10632_9,0.9345347360392929
2067_9,0.8935198897832346
3442_10,0.879481116809964
3341_4,0.2992880137324127
9055_4,0.4671574337041613
5793_8,0.9026376994341925
896_8,0.5769312301613283
1804_2,0.0128899960667095
1134_8,0.6685185640359886
5532_8,0.9990221711034903
2453_9,0.9762970098286212
8113_2,0.09543213414532993
12046_10,0.9999030802806735
11873_8,0.9602527384507321
4525_8,0.9760746296175321
10377_2,0.9402928148424152
2008_1,0.2835759915997494
10288_1,0.24991461349340965
1083_7,0.6353797526978859
2415_2,0.7161146192523608
6688_9,0.9998783037891323
4448_9,0.8974640819986154
9407_10,0.9880877642564899
3976_4,0.504774294664773
3930_8,0.7118683638810667
3950_10,0.9326801072832879
5645_3,0.1554001726435073
6064_9,0.9981965664300488
8064_1,0.020355641693537617
3643_1,0.0036091602315649913
10321_1,0.004988887326447517
5858_1,0.018352259997488945
8535_9,0.7330384128633478
3643_7,0.5832900532795503
10041_1,0.053964745837256224
11014_10,0.7266646046686079
11776_4,0.016071452683212906
8227_7,0.9888272110438068
11445_8,0.9097506804952302
8756_10,0.8074484116983609
9328_10,0.9988521814048988
11734_10,0.9717508011211701
10118_1,0.022622970279414904
9690_2,0.02024611751786871
7713_8,0.9828667808734655
545_7,0.7298219511617392
10603_8,0.9381412693291415
5925_9,0.8913916112158824
3105_1,0.0002305317512812628
10134_4,0.48684094130480515
6354_2,0.5761003676344425
9866_2,0.08035808143175632
7553_10,0.9746446520890896
11324_2,0.2992951099907905
10532_1,0.008079628043992142
439_1,0.0031545886807332908
11265_10,0.9979622626661071
6568_8,0.9679196267653237
9218_3,0.47280850808599056
1939_2,0.008859004747253577
4215_7,0.7382481141366366
9968_10,0.9582756212358491
12022_10,0.3711437092685114
897_8,0.21921075423403105
7129_8,0.8765664496110536
7414_4,0.007169605830770873
8118_9,0.9853517200765288
6179_4,0.029076686828581267
10124_8,0.9958715953275541
7379_7,0.9297616114889553
1075_9,0.9865159687816966
2594_3,0.07283218883210382
11482_4,0.11806324581422868
7675_10,0.9493309349069922
3127_8,0.9680362062738684
7440_10,0.9995759898303418
10215_10,0.4493173324123548
5098_10,0.9958161940955053
10534_2,0.0004571282920674306
12364_7,0.45696198092759255
5191_1,0.19944722003639256
4179_9,0.7164943885795071
1433_3,0.13958125928510393
12177_8,0.9906207218268572
9519_8,0.9986881837251891
5781_7,0.6444188625257589
10031_8,0.7424998510349609
2631_4,0.11773085968029286
195_4,0.34254227109433183
11432_7,0.8836211748632259
3952_10,0.9984875437876262
5805_2,0.11927055711315766
5555_10,0.998192740452662
7161_4,0.26777978999550567
1399_1,0.2407991278544362
8332_3,0.47281588597631674
2132_2,0.019953869698792526
12031_1,0.11879823587787029
8480_1,0.02127101410185845
11103_4,0.2555515055766266
12124_3,0.25769976236460757
12072_9,0.835059612814553
9371_9,0.5450603840518288
2144_4,0.2037637998687976
5668_10,0.9999709042520123
11790_10,0.9911767497029218
6933_7,0.40211585084755525
4932_10,0.9973432600497096
216_10,0.694054397572461
5862_7,0.8503685731339744
11669_3,0.40916046323507527
7488_4,0.008634333918981125
6402_10,0.9754099810223034
3244_9,0.7563834927604519
5108_7,0.7623199078564685
10854_1,0.01109208825345198
3404_10,0.9920752886458926
4282_7,0.1432826126467229
483_10,0.5026506895482135
2110_4,0.0032264768807640917
6199_8,0.744384732097162
7942_10,0.9339791447292657
314_2,0.0010401541931778517
6395_3,0.010833230274987447
274_1,0.00644654462328723
3421_2,0.0371460158595121
4100_1,0.0033096573185035006
9232_1,0.0007614622135808202
7152_10,0.999617775118679
10721_7,0.9961794404128058
3565_3,0.09779269546301769
4223_1,0.06779478978916142
3543_10,0.8464578141659579
1256_7,0.904059335586775
6567_2,0.002904941144600273
10658_9,0.7440343774321982
1381_1,0.0803603803753249
2591_1,0.0007886358424446007
4775_2,0.4438746299721471
1743_8,0.8356253307101115
3004_1,0.5582454032322918
11712_7,0.8376235575531163
2966_2,0.011222439152253893
3139_1,0.005183865152985101
989_4,0.03746534653349138
2141_1,0.01208599786701063
8224_1,0.2548057161839587
10222_8,0.8215276733509294
6540_1,0.16565908677437827
7427_10,0.9991156116192514
5519_1,0.8175072674626598
945_2,0.056090731331565134
3996_3,0.01933470150911402
10202_9,0.9968498040506573
1328_9,0.8769739849542068
11425_2,0.012346166542977714
1252_4,0.04163699212359936
10086_1,0.5992076544752358
3946_3,0.07453901302208694
11834_8,0.9587241864669935
10710_1,0.35699975532923084
1858_8,0.39384308861090817
1532_10,0.9922511246096861
7082_10,0.9208762091993179
9813_10,0.9982290432965463
38_1,0.009588994161758272
271_4,0.07438007593327346
7184_1,0.003405975625635798
11866_10,0.7790355546041461
5983_1,0.004139499584221073
5026_10,0.9769875197118437
9030_1,1.767775806667715e-05
11133_1,0.022748729453264952
10130_2,0.043507966060100656
8357_2,0.056527017342131905
9824_1,0.10905415612421956
7264_4,0.2913535557526521
12449_2,0.00529063892809851
1735_1,0.03024715847754074
618_7,0.9915369557994606
6421_7,0.7631037282962869
6294_4,0.048714698071362424
2174_2,0.00016995292695367602
5985_2,0.06002133148692014
7121_10,0.527818687266931
7912_7,0.9877676166200843
5015_1,0.5159219638591277
6476_2,0.16039696451381788
9954_8,0.2844674304669669
10122_10,0.9783686712438423
9334_9,0.965327092756128
11751_3,0.1278462909701544
11607_7,0.9659580204564808
11310_10,0.9998583102438672
300_1,0.04553849108319339
6520_4,0.0014799433150188284
6735_10,0.9994561138447036
10008_8,0.6982401978386052
7817_7,0.4825150082047255
3634_10,0.9879080290527423
5927_2,0.08258067782575974
3414_3,6.249576810159526e-05
12266_1,0.22631786992366063
11276_7,0.7705032413954753
5478_3,0.09512391912472982
6992_1,0.0049032279363679715
8039_8,0.8721200641584886
11491_4,0.6833847364628703
7823_7,0.9480271294954246
8662_9,0.7924396057265992
9921_2,0.6336031128861196
2058_9,0.8896742543197045
3321_9,0.9306500885853481
8634_7,0.25697325634566126
2161_4,0.7373698738603238
3441_9,0.9451688404629408
10096_1,0.0016704328052818999
774_4,0.00302621989082342
12086_9,0.9579168960504798
1968_8,0.8182407046789626
3269_1,0.0017633880919010157
2988_10,0.9349159737849255
853_1,0.0035431914039280193
5303_10,0.989282689784217
11628_10,0.9455456381529078
7772_2,0.004168089349244306
2712_1,0.0009327882837491156
7362_4,0.09324634768232205
3681_2,0.028599895031791504
2066_1,0.0009903188255326292
7089_3,0.7566026544490788
7393_10,0.5958076301895971
7284_1,0.08693422314985978
12199_7,0.7968364426153134
3512_1,0.22041579768950095
4349_2,0.43401511040106727
11825_1,0.15534321931619066
8351_3,0.13068335644991325
467_3,0.11386018681333496
2523_10,0.9971271759880146
12078_8,0.9976590175538363
1418_10,0.9461260384247347
6552_10,0.9789469541131782
10070_10,0.9994026837769867
10031_2,0.08684902074865518
7179_2,0.006567588883676758
4533_1,0.013710476632594028
11788_10,0.9999190856026856
833_3,0.1342578331202804
9777_1,0.5437413079006556
6930_7,0.013910581152265887
2310_10,0.9999877199964015
2924_8,0.8974520541279645
7252_10,0.9971644051048655
10216_10,0.9973333418904141
104_10,0.9999360890708376
4283_4,0.045136155687577936
6351_4,0.25831998866317346
1272_4,0.668309896893371
11226_9,0.9079022242260453
3342_10,0.9939601726709841
3326_9,0.7721220473269694
3541_8,0.9999890850716788
8142_10,0.931986269700698
6491_10,0.8135573937872616
2125_10,0.9607411927602626
7008_10,0.9711424638969502
5347_9,0.9990039447928233
8420_9,0.6614084549774468
10767_3,0.5144381573595325
12094_1,0.0011804382471190158
11904_1,4.728432451327484e-05
2635_1,8.519070999606285e-07
4074_10,0.42693377617393263
2470_1,0.2285399154199837
5888_3,0.43456702956563564
9164_4,0.631969894550226
11312_1,0.0014926951522257793
2588_3,0.002672450934889666
9177_1,0.009952358708775207
10361_9,0.9740007763946787
9216_10,0.8647738942448929
5754_3,0.4259557202575218
12314_10,0.9997513107654312
9044_3,0.3369374055407966
5677_2,0.12542127232896053
6664_4,0.03305957022529576
2308_3,0.1467759490479147
7377_3,0.46322126840702227
9149_8,0.8275062849422138
5244_3,0.002968779277971894
10656_3,0.4034914040794475
10885_1,0.005038139587297618
4296_9,0.8631859037562097
1770_2,0.2104925979747127
4940_10,0.8504973162530384
3984_10,0.9078374067353432
2976_10,0.9217511061836365
2767_1,0.0013814193738291515
11848_2,0.011756104561055093
3096_10,0.7155937303009805
9792_3,0.6989249844640745
9785_10,0.18521460466592896
10264_8,0.8368564989241355
12277_7,0.7629861074518346
8110_8,0.8060204969836056
10396_8,0.9018849848021985
3233_2,0.12306719211712498
1903_1,0.23333101886141702
4743_10,0.7263928641667609
1417_9,0.9882238326516303
2662_1,0.005813719170120058
11231_4,0.3546204938493242
9747_10,0.2636343404793509
27_4,0.010791414601152287
3310_2,0.7891424117301136
3212_10,0.9375323645325403
5608_3,0.0001752256900136613
1241_4,0.8280809798764088
5543_7,0.6900124004660473
7945_9,0.95446314200307
3705_7,0.7601844898110397
1598_10,0.4920222439109305
4273_10,0.9230326773602673
5985_9,0.9243500628778276
531_2,0.2232557500171076
6744_7,0.6177200422708983
10270_1,0.0010210802886791762
11199_9,0.9755242742142682
9755_4,0.675432748378142
12080_10,0.9995662911481112
5600_10,0.9958135513055799
12216_10,0.39694991791116546
10783_4,0.9199314466739816
3307_1,0.01480043232873043
10954_7,0.8779382667843718
9959_4,0.008450411126631583
10223_10,0.9283403802104231
12130_1,0.9993078585602722
11939_7,0.19929835749413918
12318_10,0.9906861897179274
6204_10,0.9394931012736664
2927_9,0.3910996178661019
2779_10,0.8984581828509923
3661_1,0.024451224523586182
9068_3,0.017020379460450076
1970_2,0.16326782209284088
7539_10,0.9919844077812728
9241_3,0.009715345997892566
9350_3,0.02843408016965763
7885_8,0.9867444061850239
1078_9,0.9123101113994525
6062_2,0.059867268092169384
1215_10,0.9658051272364138
1561_3,0.38560977466199503
2159_1,0.2603257315498167
8637_10,0.9997202114669317
8375_4,0.5526037799697389
2864_1,0.04886830980705426
186_9,0.9626524183857166
1669_9,0.884947026461263
6936_9,0.5627220480681405
7541_3,0.1367890342030081
1515_7,0.11587414436650666
5039_7,0.7656485268097889
9269_1,0.004496196768117215
4965_10,0.9949991053497416
10028_3,0.16428040495316373
3547_4,0.8666639003523338
6070_10,0.9999624272299783
11334_7,0.9998998204673027
4980_7,0.9926131129334671
5063_2,0.14082525313226618
11637_8,0.8158121062354667
310_1,0.03079279462709938
9847_1,0.005813313011003407
4433_9,0.9813649728383089
4535_1,0.703737143749437
11209_10,0.44522234997044285
242_3,0.014298781192657194
6150_7,0.40207939185822394
7499_2,0.006987858561431891
10073_7,0.09667799029872999
7352_3,0.009334587790492652
6616_2,0.027715053467795535
2148_1,0.0944585616528585
322_1,0.007092671601222945
638_1,0.010833207593066933
3236_10,0.8300705630757289
11913_7,0.1101757493865451
7188_4,0.010973320125286675
3999_2,0.0009751146781797479
1397_1,0.07863196502273753
11768_8,0.9713066192980547
10301_2,0.3757937422814098
7486_10,0.8923565684812873
7915_2,0.12692642691833605
103_10,0.9973976360652095
2249_1,0.1940621657628055
11559_9,0.8402581156829818
11374_4,0.3245792635537901
7639_3,0.010260316484674233
11922_3,0.03836464031404404
6068_10,0.9996625927035468
7681_3,0.27515124823509424
3097_1,0.019490353084907274
10233_3,0.14494804556094132
9111_1,0.025298773387439497
7240_2,0.01167113473809535
10394_9,0.8146311417750848
792_2,0.4648350058300396
440_1,0.006529343533009108
11141_1,0.0002988243868441997
7488_7,0.8517819446717078
2731_4,0.03496762713447491
11632_10,0.04823190462646647
7577_3,0.09439458052641965
12047_8,0.8200778287975083
7055_8,0.9744557876135924
394_9,0.8534180223634722
777_2,0.052295176208778424
6460_8,0.9222734313007275
10412_2,0.00048803714375561183
9910_8,0.20901470909100667
826_8,0.8454257322427668
7381_1,0.11026920766096393
1700_8,0.48049876228897137
1131_2,0.23537566490854062
6796_10,0.7652291662603306
7084_8,0.9118093701981509
5735_1,0.003361736209685961
6290_7,0.566634569583453
10506_8,0.9858877480459005
2276_8,0.5417471475589115
6221_1,0.9406863832366875
1404_4,0.014302959915713431
1440_1,0.03460210708910404
8199_9,0.9799524846202257
1145_2,0.3123058015189338
5546_4,0.29588637187514333
816_3,0.901195224278321
10535_10,0.9970109710480177
2_3,0.05945817736840089
6735_1,0.007592065132822421
2684_4,0.0004323257167347838
1765_10,0.8464147166903161
4346_7,0.9848109060360952
1157_9,0.08617141020741595
4216_1,0.0016632751025458848
3937_8,0.9966066967815688
11140_10,0.9503513126932468
1635_1,0.017317743288721127
4457_10,0.9153216591281153
7250_8,0.9632371955002916
3801_7,0.3094914978387556
7892_10,0.5499426795870908
11022_8,0.8934369085120197
5856_7,0.729448985934999
345_7,0.6955537638408424
10809_3,0.08037415020575693
9474_4,0.0021998160302588257
5775_10,0.9510423109062502
2845_3,0.003678367822050556
1383_10,0.46921927875341374
9171_7,0.9803294283349849
10866_9,0.8940856870855026
12161_8,0.5077152809763338
9118_1,0.20776405259459244
9122_8,0.9760880726291038
5142_1,0.0025391468571039836
2798_9,0.909094364527636
2260_8,0.9761708186212078
11677_10,0.9733502169056669
2788_1,0.009627083132829112
8896_8,0.9187755554509142
7685_10,0.9052135866611808
760_1,4.818220642424562e-06
7811_4,0.18530089952072745
1964_8,0.9461112576164422
5059_10,0.7944419632962906
4568_1,8.306468109205589e-05
7475_1,0.029057878731229385
11400_3,0.21331822088031374
6082_3,0.004428930159766512
7961_4,0.28151998620812907
7502_8,0.990459245621498
11351_10,0.9306615611314121
9851_8,0.921252469015812
1172_1,0.024261978131044616
1815_10,0.9950393331002899
6218_8,0.6794121602064823
9628_9,0.929966940536746
2312_3,0.05625713450662506
5014_10,0.876025454457353
7845_8,0.9348158596401578
4468_9,0.8829844536371964
2247_10,0.8408053027582932
4408_10,0.9980381147561738
2957_2,0.3626245805740876
4716_1,0.01213721586083601
9909_1,0.09754814597845456
8611_1,0.04289844719282155
5055_10,0.9566920434818891
5828_10,0.7460417567143195
1147_1,0.01039759147464855
11716_10,0.3476542592926841
5289_8,0.9958872247041344
5566_10,0.8673855660072639
3389_2,0.03356160427439215
6169_4,0.0026753502298536517
12019_10,0.9212422392497343
4136_7,0.9798226970186742
2421_3,0.043059044468434234
607_10,0.9444952105213404
4084_8,0.9338805332868948
7333_1,0.003853077191760694
8208_7,0.3537445194572532
2971_10,0.9928353197935069
7508_1,0.03076918801111005
988_8,0.9970516622284767
1124_8,0.9774722206079475
3658_10,0.9927906035635635
5155_7,0.9575556273904375
11362_2,0.7113250352024505
8776_10,0.8335332178752698
7294_10,0.6328283089427851
10853_8,0.9663669748279402
871_10,0.99235373930392
11513_1,0.047989903529240145
5605_10,0.7024026554790586
1235_8,0.7968587823059304
623_2,0.39066185362152156
1271_2,0.7042335074224791
7590_7,0.7829718212198301
5075_4,0.04080328997764425
6175_4,0.19904582676688434
10629_1,0.08601536124078253
1474_7,0.7555708760116864
9077_9,0.10123768229022485
11630_7,0.5127643484950162
11060_2,0.0011477808291050782
664_9,0.9616275830470219
4778_10,0.9981158465499615
3535_1,0.00024594935928342395
1130_1,0.00014789630581436145
10718_1,0.0027790638013020677
3334_1,0.00837332191472385
7133_2,0.06551610845610768
12073_1,0.013322833775989442
7877_10,0.9654302053501236
12286_10,0.5571275522344757
8675_4,0.3674295925122009
8968_7,0.8271928618313917
8118_1,0.0009070659496612659
12109_10,0.9906204215027584
6476_8,0.9726121693706704
12248_2,0.00020706860254711957
9444_1,0.007091727793868691
9932_10,0.7351423229912515
6863_9,0.995951632973004
7810_1,0.14284939785112422
5463_1,0.00015287658186276083
8385_10,0.8788211855197978
5560_3,0.014409384275365743
12391_2,0.13576601488589138
3644_9,0.718877924385148
1225_1,0.04737783007093589
375_1,0.0029882917912113444
11515_7,0.8349925533967725
3812_1,0.055304891891798755
10747_1,0.21288485553342043
8059_8,0.60651874752204
633_1,2.2517922142138756e-05
9189_10,0.9394110281208169
11404_8,0.24685658205038885
11871_8,0.8234904780760239
2883_8,0.9994182819613217
9048_4,0.17463508550022197
1066_1,0.4794628971713044
630_3,0.09437469377383921
61_9,0.9565464400651967
9264_10,0.9989145641833227
5132_9,0.9898726916329548
5796_9,0.9767278179797739
11232_2,2.127432153048834e-05
327_1,0.012459795403863126
9787_8,0.9999639305771606
7780_2,0.0007136602498804935
2533_2,0.0042924486391689035
7349_10,0.9786244626148877
2593_1,0.9362183767345683
4672_8,0.9762397886409294
11191_10,0.8026930235137986
1301_1,0.00625421290927505
10632_4,0.042212680287015546
10750_1,0.0782600973581309
2621_2,0.15092659332858407
12045_4,0.7772935538271739
4276_10,0.9997316834649659
9960_2,0.12672179247642154
3307_8,0.629879401912702
3007_10,0.8329908022073086
7204_9,0.430109204158172
3988_7,0.997426040414404
4129_8,0.9151996991609991
2071_1,5.973793991674555e-06
7310_3,0.5568191925661514
855_9,0.9497244873763914
5380_1,0.007532519404539537
5067_2,0.013694112149393627
6320_2,0.22174485242872494
1019_3,0.03586709410584383
8216_2,0.0033364364743399943
3814_7,0.39021663528068934
7888_4,0.7458546356395734
3419_2,0.036238871565113316
3039_8,0.9572085583622746
12039_4,0.639686955434244
1191_7,0.9944608818478795
2361_1,0.035002105826914
8291_10,0.9992091926397235
4954_3,0.27912048710959514
12430_1,0.09619277721661598
7634_7,0.7477270142892437
11902_10,0.9932192162769944
1603_10,0.4245507055652177
9395_8,0.2920221247157849
9384_2,0.43198208223482415
11687_1,8.574306875312805e-05
4148_3,0.1451423781871599
171_7,0.9691356438811712
11814_4,0.007618633084286675
8124_3,0.10961078553017876
11387_1,0.0013287790698769167
3249_9,0.9859613472399663
3591_10,0.994399468716489
10171_8,0.9409090548436472
1100_9,0.9496715329501045
7144_4,0.9958104442567877
8060_9,0.7592762825304042
11063_10,0.992701424667392
3481_2,0.021920954627124595
7413_4,0.030129411080590925
11121_2,0.03432828241784652
4700_2,0.20397743633646728
1566_4,0.2881023690712758
11731_3,0.32792689835865635
7346_10,0.9961736672368781
7890_10,0.38423665455329714
11704_10,0.8312469438051503
4635_10,0.06026925347176963
2369_8,0.9168037389242981
9655_10,0.9996041079046901
2115_2,0.0855935805790279
6408_7,0.5288908482204582
10470_1,0.019292825747137553
11512_8,0.9399626320533312
11523_7,0.4369334884574037
10379_3,0.004327203068540516
9164_9,0.7217226800696456
3150_1,0.17562390149966597
2880_3,0.15927227365951144
1608_7,0.9768474568114072
2406_9,0.9710940101033442
260_10,0.9989456469563386
10658_3,0.0012662152242852451
10609_1,0.18033277977491613
6861_7,0.48085521495442923
10058_2,0.3899537524630819
11618_10,0.7134080517165816
3727_4,0.00452090197565274
1924_10,0.9394340620498601
7471_1,0.021196436682559536
1856_7,0.8236280917782826
10132_3,0.058085365406577445
4010_2,0.0004438344158427963
11752_2,0.056724213247450535
11122_2,0.0033245200905541025
11065_1,0.036124428482291096
1211_1,0.003951154907856753
8973_7,0.24873843885017807
1888_9,0.980223003302805
8521_8,0.616824116224449
6671_4,0.19880605533445675
4241_3,0.11085242311122573
10925_4,0.03943749278790509
4030_2,0.00019567744140613642
9410_1,0.0007659421421899086
10004_2,0.0028855809294885655
599_1,0.0007415684190224027
8656_1,0.0017382271591004095
10087_7,0.9137548435152637
5118_10,0.9313889531965146
9780_4,0.0019543243474825843
586_2,0.15406026392464972
6464_4,0.006673029644303162
7482_1,0.0020232882237865616
11075_8,0.958025778727405
11984_1,0.7277027224810122
6808_9,0.9597341935701406
6178_10,0.881676387752873
12196_7,0.23706630037277254
7771_10,0.9976395399043344
10801_1,0.03138447800211643
1243_2,0.040474506868610274
4028_2,0.010469235415991604
700_4,0.6365586472183166
758_10,0.9955339404859948
5393_8,0.966160651286445
3552_4,0.0714998561839756
3440_10,0.9840983502118886
12357_7,0.6866897325665334
10850_2,0.44652496804835323
5083_10,0.17668149389907845
790_10,0.8106815600996236
302_3,0.001545902630930107
11160_3,0.08506808066299278
1170_1,0.18958977512780728
6341_3,3.987681475933288e-05
289_1,0.28810899137138424
3075_7,0.08725494459736229
12016_7,0.5280268769155672
5998_3,0.07340886525321876
5295_1,0.00026689611000372165
9712_2,0.037752194149361276
9689_10,0.9386825468757048
9441_1,4.936094571440496e-06
7426_10,0.9996283636896229
612_9,0.6212367696249375
4331_8,0.567782543536157
1016_7,0.08766466272180735
4463_7,0.7812197742350299
9520_1,0.014149422218016027
1557_10,0.4091121064436213
6277_1,0.012863493353644236
2279_3,0.032370730747859476
11591_10,0.9144486699157678
3503_1,0.013675772143531304
9814_1,0.06613837351818175
11342_4,0.21527998994066
5133_1,0.018009432054551817
11189_10,0.9900625399382198
2343_8,0.9927931601785824
2234_7,0.9972108978771049
926_4,0.05509600323478468
9829_2,0.010584584514225445
3338_7,0.851719647900327
4272_9,0.9760490507828278
4826_1,0.023311569648231757
10529_3,0.564805809259786
12398_1,0.0013040047347761892
6965_10,0.8135134066387708
10737_9,0.9933597213241044
9356_1,0.005936290103816204
2087_3,0.006346259287644193
5802_4,0.7800102658715478
6514_8,0.9673987360879378
11607_4,0.2981062562076444
9117_4,0.9181813698528234
2011_10,0.7905746071545937
11952_4,0.3925889864266047
8753_4,0.9357504823296553
5338_8,0.9740052928004339
10799_3,0.13702942459528936
6388_3,0.3051720009352937
4667_1,0.0403016082642666
11302_9,0.9883302121297854
6587_4,0.1571388823288354
6822_8,0.898183396155614
9725_10,0.9999918127879265
7237_10,0.4325723071943398
7710_1,0.01204172973197455
6090_1,0.001390403237685698
9864_4,0.9103354418294407
9759_1,2.0951576924254033e-05
8926_10,0.6377342979150111
2454_1,0.013281581789187601
4364_1,0.11872019776293438
10672_1,0.28644774742013446
7703_4,0.031241896418320134
7289_1,0.006299921137703365
6370_2,0.6766678601425326
8898_7,0.4846878029237044
245_8,0.9295940096582127
7786_2,0.26877605152454476
12092_8,0.47938738767102107
12495_3,0.11589746644278201
2762_2,0.001152218346916575
11009_1,0.005698994907821473
7735_1,0.7658701571705615
5377_8,0.3882955856610932
6074_3,0.003040965195880949
2133_1,0.0031819314954136015
2291_1,0.009907614146688512
767_1,0.5698226221309489
2677_3,0.014206193711973285
5801_2,0.03235390654932204
11416_7,0.9450103824928676
7083_3,0.07844587831582375
7268_1,0.015838753226026053
8613_1,0.8077764243802434
446_10,0.4441155113620685
6513_7,0.2358988929654345
11229_4,0.4139991309146595
11155_4,0.2125273006154329
10298_9,0.9687914964204156
1521_8,0.8168134090249822
5682_1,0.9813138711668191
11575_3,0.0002305028406862572
10144_1,0.004250970244791574
5819_10,0.9922831509630153
7287_4,0.03308438619763179
11507_10,0.9925004427579116
10458_7,0.9786193372923787
5935_1,0.06103326679960045
4126_1,0.006434041645398991
3777_10,0.7149855411177392
1720_3,0.005559241205431105
11112_2,0.008678311558886471
6222_9,0.9984065984551955
8019_1,0.15292462903062404
10067_4,0.23901047384139204
5991_9,0.9022567854674275
10203_10,0.9854939111315836
2485_1,0.006180502172894031
5910_2,0.2637166188391694
3940_9,0.9977040403740147
9140_10,0.6577191075222857
9558_10,0.991890885145099
4582_7,0.6690793945303012
3323_1,0.007376832861570353
5038_4,0.24114509948716695
12405_10,0.8374679697461851
11620_4,0.4195911137875747
8774_7,0.7597809465206946
10164_9,0.2718747406857009
4112_3,0.010563282274870344
629_7,0.03756835957237902
2732_7,0.7102400478926558
4356_3,0.4152953496269273
514_9,0.999147615240762
168_1,0.002038314100564127
7157_1,0.006724072809871723
11193_7,0.04792400992299023
12163_1,0.052163103707964224
259_2,0.0004109794270711403
9977_1,0.0032196761458866915
5169_10,0.9975115416122501
7439_10,0.9984212435094003
10261_1,0.012866789599838321
6623_7,0.6700317588296107
2834_9,0.5679538710491413
2930_10,0.5906504787140079
3232_10,0.7841190907858291
533_10,0.9609458079480313
6006_4,0.011543324425006184
9029_4,0.06437744683734922
7738_4,0.15166113141495724
52_4,0.4954530199967223
374_4,0.9673261936049757
4502_1,0.2251633726391694
10309_8,0.9062775574481767
7541_8,0.6979674969107044
1874_1,0.6713955125329076
6884_1,0.008215021492557555
7285_1,0.01135212125561202
3385_2,0.08513972300536003
7078_2,0.38677096476215095
10788_10,0.913448941959027
6361_7,0.92064841683345
5761_10,0.9755597056266315
8946_1,0.014936217154458926
393_1,0.09782547117055077
458_4,0.2697059808922606
7435_10,0.9982224970161075
10816_2,0.004468979953085864
1606_10,0.9992579128892356
1742_3,0.0286093989819226
7167_8,0.25490569097876603
1249_9,0.9928696832686082
473_9,0.8719539260471038
3475_9,0.8190755689785947
2316_3,0.08471850883176135
3739_2,0.3648802677371104
4746_9,0.6152108067596024
9924_8,0.5199545068019701
2202_8,0.9999210553012602
11531_1,0.061675424237652786
11138_7,0.9973359929763961
3402_1,0.0002982446875123582
4547_10,0.9878722551374473
2786_2,0.39190406698684854
1570_8,0.22807195088737525
3095_3,8.472569379012759e-07
4745_1,0.03792900185140334
165_4,0.06885017822785372
1578_4,0.17521816829084158
495_10,0.8525871555488267
12414_1,0.2592077664538641
1383_1,0.20905095073919486
10438_3,0.14815179033806153
812_3,0.14379764101640596
9588_9,0.8530136074586625
7785_10,0.9850904437566328
11169_4,0.026493458887387546
7476_10,0.6096418372041245
8196_1,3.0239888471308284e-05
6526_7,0.8320787817095555
1695_3,0.1817962685565971
11077_10,0.8981488640170961
7642_7,0.8319310274903744
7618_3,0.7838203688825208
353_10,0.9995672355788064
210_9,0.38280546202496063
9455_10,0.743732067392828
520_2,0.00012682946330858766
7615_10,0.9968437401140297
7475_9,0.7436916529774403
6894_7,0.9511659079206554
8622_2,0.0016566955939203314
11149_3,0.0016718379492223416
6154_3,0.20379609478015287
2514_7,0.6289488485973164
4359_1,0.5518345965073879
8797_4,0.25020487685782494
10023_8,0.7426189884581511
1212_4,0.23471121939588285
9985_1,0.09015630472457667
4182_1,0.004203574468608701
10662_10,0.9937660704969502
3907_7,0.9806932704506405
11342_10,0.9989484783207233
1483_3,0.10577830831847079
10510_7,0.9130597598937272
8522_2,0.0003363839702529655
6049_4,0.0678338103640178
2687_9,0.9785189920709847
9766_7,0.7037951369751042
6792_1,0.0019129087925932248
5990_10,0.9986826707856515
11699_2,0.48371701402167555
3446_4,0.009758850477628258
10448_7,0.5016141072438062
5629_1,0.05169983482552938
2831_1,0.08789466657206382
4351_10,0.994018461542938
2547_1,0.039598153406529245
2778_2,0.017624805176300818
7307_10,0.6348621038109722
11148_3,7.265536008018452e-06
907_3,0.2346496959158137
2184_1,0.005119052487748339
2030_8,0.9571618470679617
11051_4,0.07506844523784054
9150_4,0.32540544386467307
12418_7,0.8367128041048525
10724_10,0.9941015940466876
8876_8,0.9993625802919152
1620_7,0.6208304184374721
12423_9,0.9928935164010515
3642_1,0.5663107346124693
10214_10,0.6977321030996514
4575_3,0.4617009015002707
2692_7,0.9773562625677911
3919_1,0.011167845134118056
11971_8,0.12860805303601908
11676_10,0.9039273459980226
8047_1,0.020464912150829778
4009_8,0.8283541764682908
7929_9,0.306284653219861
2432_10,0.9916349502694541
8933_8,0.9908031855571761
1375_1,0.20627594022838644
1861_7,0.888167873140518
10897_10,0.9533136198147238
2828_10,0.5118447492520081
4568_10,0.9999276268542152
1535_7,0.9742095222038143
7282_8,0.8923261430499596
12365_10,0.7668624524714466
6682_3,0.6337819146982585
1393_8,0.3277469380525662
7270_1,0.0037281476811231416
1680_10,0.9633882778029386
8207_8,0.9998788026155464
8612_2,0.223460559735669
5640_9,0.3565902548302146
96_10,0.9983998215717511
12093_2,0.9189442957149763
2068_9,0.984517461856381
9799_10,0.9433874562875001
8730_1,0.00019383173319256829
1000_3,0.2980593060333287
742_2,0.5689042051913963
10432_10,0.9727027792893091
9425_2,0.06795869843226658
11636_3,0.08769182665009607
6564_2,0.047298642274911186
5706_9,0.9552708394358868
8594_3,0.00105065805978477
9488_9,0.9404797930466692
12283_8,0.7965877817267255
6579_3,0.06777336950929323
6738_10,0.9986421982318026
9007_2,0.0027457563456148525
2723_8,0.9844054734675727
5115_3,0.15586703136834443
9469_10,0.8907977939753631
1444_1,0.001218352668095462
5688_1,0.007966024668029249
12390_4,0.7020339716443074
1681_1,0.06955377645096865
9048_7,0.9207170560646222
10207_3,0.18383724440228513
3817_9,0.9151162807005581
2200_10,0.9791217854652293
4250_8,0.44895531616868034
12213_10,0.9976566159388247
11602_4,0.8662978492121147
4507_4,0.046325075458200644
3817_1,0.12344979104368223
9394_1,0.33569533664354406
9129_1,0.2737220041492783
3675_7,0.9368647236643105
1670_4,0.3195147436154738
1151_1,0.5493719449025515
8818_4,0.057031476758501516
4810_7,0.6471187956012828
4979_1,0.05395274663474426
80_4,0.6633937363797097
5506_9,0.6623633280357334
7451_10,0.770290045192719
4539_10,0.8778066584495984
6914_10,0.9590587604500286
2807_10,0.8834803810670787
10229_10,0.9593398810314205
10908_8,0.7955844239724447
7709_9,0.9972386824165503
10872_9,0.99578448553033
8487_1,0.06563973171850611
1140_9,0.9311418441591398
558_10,0.9228967450942003
9935_8,0.6858714447509062
1084_8,0.989597993197527
6185_9,0.9802779929251162
9278_7,0.9643964215604652
3756_7,0.9075635173173282
4308_1,1.7330165344126996e-05
121_8,0.8083417026477644
11072_8,0.9440439492168023
9420_7,0.5117329651071583
3955_1,0.07586918282105297
9591_10,0.0021950595339118926
11176_1,0.6666151636509143
11882_2,0.12417973098359596
12458_10,0.7636485777519336
303_10,0.9939121344864521
3779_8,0.8460472755273734
1805_4,0.1980706083624975
12054_2,0.003345818606371013
1990_4,0.0031456480874123343
7331_1,0.2583206828295779
6243_8,0.8950060850668519
7201_1,1.2068739127292914e-05
6230_7,0.5409339637823887
11252_3,0.0009205095302469785
8379_8,0.8954826015578626
11890_1,0.7841303588526672
6977_1,0.044153074195235294
5481_1,0.04166049100673245
6013_7,0.5512138301228977
11638_4,0.47659236437727287
3302_1,0.14733947095424815
4837_4,0.9761051034645565
737_1,0.10958731703427652
6128_3,0.5422298235538887
3749_4,0.06251436271207385
580_3,0.08334504030809692
11031_10,0.9723069528623799
6644_1,0.0024835818101347743
8517_1,0.03228662762246667
4883_3,0.0061649704723821044
4273_4,0.0013109552034000296
404_1,0.018333963953606994
12108_10,0.8988073011770488
10005_8,0.8983968369573447
7140_4,0.2904664070049922
258_8,0.9655543237873246
6746_7,0.8088475863836614
7189_2,0.5926502756042038
11626_4,0.07455557204725968
10785_10,0.8855056640377158
11007_1,0.07873560008800916
8987_7,0.8259136762267397
275_1,0.0003001626941410822
2554_10,0.9605856948508766
2682_1,0.0025574103017049483
3797_1,0.0038395654436364445
7383_1,0.8867058047592795
9816_9,0.9684852398377013
11057_8,0.9593757920076317
11901_3,0.38272497850456455
11501_3,0.31095942321658665
11999_2,0.023442448141156792
740_3,0.04432994048148882
3109_8,0.9633366650328373
2773_8,0.9915169795054547
5725_4,0.00954542587597852
4423_3,0.0738588942962512
4035_2,4.1592869396474406e-08
6550_7,0.46459697052774496
711_4,0.5994256564642609
10773_4,0.18612307181179472
11202_1,0.0041493642866245045
1054_2,5.178636281053433e-05
2207_10,0.9107451045253151
9809_4,0.1822472553050598
11349_10,0.9817254887939941
5195_4,0.5585670426576043
6881_4,0.048127922877219266
7537_3,0.17913973195639443
99_3,0.5971227347634648
6589_9,0.9997061614896294
11781_10,0.8268249919633771
4337_3,0.001474000521642482
4928_10,0.9788828839698775
6310_1,0.4207145211764293
11867_8,0.9512750892767488
9462_2,0.4557281195035948
12224_9,0.7616714012220825
1195_3,0.0007346535921104184
11324_10,0.9996004236832409
11272_4,0.6105807443323292
2461_7,0.9965399139961376
4034_7,0.9699982464052369
2340_10,0.9998205235059549
9827_9,0.9241221545349771
4660_4,0.5557402943594609
2448_1,0.000715335218793605
7485_7,0.4117113497689785
7003_10,0.26272914083085713
6204_1,0.007573272411371134
1920_10,0.9770128463138664
6824_1,0.24405806828340323
6668_10,0.8434084855389785
7359_1,0.1379998844349426
2753_4,0.5691577952201762
7320_10,0.9042577789932063
3661_10,0.9994229393591021
1059_1,0.2862780927348956
5067_10,0.953955870147286
5724_3,0.017606106658476593
11265_2,0.031019802989863895
11331_1,0.000689103445998015
5398_10,0.8109804158582021
9328_2,0.002605635779590627
100_4,0.21915730724418686
6118_10,0.9760436070363379
320_3,0.023364439512048984
4395_10,0.9876919152156332
7256_4,0.04689625523335769
3949_10,0.9841804312059911
7097_1,0.8441482039188862
6971_2,0.10815192598453263
9855_2,0.022893035045099736
457_8,0.9841734315389645
9929_7,0.9773191170971953
9574_10,0.9221407174531253
12261_4,0.02149924888600516
5228_9,0.9899575492680266
11684_2,0.008541898028962356
7913_9,0.9698543304290568
9595_3,0.2564781076893687
10501_10,0.3831665303812323
10610_7,0.6830169854707375
8573_7,0.34198904445426853
1823_2,0.24158778406146994
12070_4,0.893531791999738
6995_8,0.3818978838756701
4929_1,0.0018212702385957168
2555_4,0.05108317856890514
6583_7,0.7896107195036706
2490_1,0.0016588786888267195
8203_7,0.8260551485231264
7861_3,0.00045046819422750115
2548_2,0.7734366177494372
12291_7,0.8199825844601734
756_1,0.1674568409912029
9275_7,0.9411988256122915
9234_9,0.813126239211297
10598_10,0.9538028568546968
8252_8,0.8932872398838011
3585_2,0.0002688021525551583
11561_1,0.010406391466382585
690_10,0.14242258051838702
7203_10,0.997633930850756
11141_10,0.955695483165619
5583_10,0.9793320698626647
7341_10,0.9973564668459854
10623_8,0.9920405354648645
868_4,0.04464694057855439
778_9,0.9943539633764809
4653_10,0.8635096808439722
7450_4,0.9904394017331355
8836_8,0.4538905418703628
226_9,0.7515071616600625
464_10,0.9968379533017803
2850_9,0.9788282484460341
10242_8,0.8435859755383494
2403_10,0.9994934439178035
3397_10,0.9362624271900782
1003_4,0.6484261532387229
10940_10,0.3418697069945953
3349_10,0.9999535852942938
5909_1,0.01851881319022427
12021_8,0.9210332565455398
5019_1,0.2835387833801665
1809_7,0.9923524457514605
4435_10,0.9144192301691174
10029_1,0.0015314779393267072
8234_2,0.5086995466143451
3760_1,0.1459208421474394
10952_10,0.9973945751239667
1487_9,0.9704810864573999
46_10,0.9943791074946041
4917_4,0.0036375550324746282
2000_9,0.8299423183347923
10974_2,0.050315625573672695
11275_8,0.28235663636303976
1816_10,0.9900712866016539
4848_3,0.9402559031614895
11730_3,0.0395543101531612
1903_10,0.9691059277722489
12331_9,0.856625088289637
10360_9,0.9633206909136961
9243_10,0.6736331864169398
10115_8,0.9944072919819787
11417_3,0.009827822716178878
6259_4,0.11140535855564597
316_10,0.7464362385193347
1100_4,0.10091934444947837
7919_2,0.030467929662555737
1871_2,3.8087689207822175e-07
12488_8,0.9908555128785705
10239_9,0.5334146169753116
7832_2,0.0002734066013720118
8808_1,0.0008989923679888661
7241_2,0.0006509754651098616
4412_2,0.44968841884219646
807_10,0.8967787552997191
9728_8,0.7888912445958731
5665_2,0.1872559347573267
491_2,0.023621172174719048
7938_1,0.010471598443187149
3513_8,0.9849683696615361
8942_1,0.0017295350992747786
11520_7,0.9983864633844702
11478_3,0.9683210911495163
5627_10,0.6784540946971277
3462_2,0.7741776602346756
5161_10,0.9860150047046399
6545_2,0.02918023920279805
6513_4,0.8206150449923989
3032_1,0.0002628795418782134
7403_2,0.2284348404110463
11878_3,0.04571618507932963
11348_8,0.9552783309207301
4979_7,0.876165858106305
7131_1,0.00034916650744799637
3972_3,0.19912363436711675
2925_2,0.35326022026130666
5346_3,0.0033590095170130015
10709_3,0.08539309174931975
10999_2,0.020936389368411686
5974_10,0.9927754721480139
9008_10,0.9654762360327067
1324_10,0.9985731247386316
10454_8,0.037757707313481284
8336_8,0.698246351376473
5869_10,0.8940992756552383
9922_3,0.011115052431324388
2081_2,0.13520716505676572
5811_7,0.9947021791147173
1619_10,0.8173512704024758
5461_7,0.9406622887197327
9152_2,0.05247254286570067
9071_8,0.9801299686939957
4688_10,0.9976466115330539
8956_10,0.9962024772588071
1883_4,0.0003094164241417076
5707_1,0.0009926941494326456
7529_3,0.7006249757909918
83_1,0.06701972173425153
10440_1,0.001388123145172511
3673_1,0.0017990134994514736
6983_4,0.07833673988075765
2546_4,0.24596601151344988
6698_3,0.78215188496577
10689_3,0.1574070006739135
9986_10,0.9271967271964424
5614_10,0.7063167273214596
10094_4,0.24085113064466504
12468_10,0.8889231038864296
3828_10,0.8022798159841491
10524_2,7.885950903550363e-05
2016_2,0.015295846632493408
7583_4,0.4901446439273262
4795_8,0.7937042734400193
7564_3,0.1045432364446286
1366_3,0.09868253622572407
508_4,0.3614084821564759
9509_3,0.4662156425155608
1587_3,0.0017007948802684357
12376_4,0.36798349529317953
2525_8,0.8284300668505117
2877_2,0.15686249146396508
9485_9,0.9855378470592242
12023_8,0.926932507061999
11544_10,0.947077121812377
198_3,0.037961170347168616
4390_1,0.02079046435107583
993_8,0.502599479478519
7965_9,0.8976153210409877
8865_1,0.0019975165098074553
6638_1,0.02864657291494214
141_8,0.7838271771223145
136_2,0.00522854015605976
3004_10,0.9220574266176087
3457_9,0.8974216144015927
11488_1,0.05622743594904515
644_2,0.019223019000478323
8387_9,0.9795146693571377
5026_3,0.45260557684299496
8936_7,0.511580919849483
453_4,0.9836134377492007
8547_3,0.07372516776818254
10542_4,0.10175009777203697
5231_9,0.5494739350134078
9592_10,0.7826915679137129
8591_7,0.9469327203807392
6686_10,0.9419334421601486
7246_10,0.9529682835966599
2194_4,0.13108100725919689
11533_9,0.9957335798944755
6109_10,0.89746027988734
9092_3,0.03933529039015674
11223_8,0.8677360914326162
10829_9,0.9922634118325013
9857_3,0.06578301569247332
2223_10,0.7252764223432377
8052_10,0.6101496180779888
11604_3,0.8277311242606801
4448_1,0.29763636500849316
5394_8,0.7440778791882791
10168_9,0.7962563822638361
11943_4,0.06110712373590094
7311_8,0.8705319273557401
1362_9,0.6645475425768057
9165_8,0.9913530730129512
12294_10,0.9380510259393313
6086_9,0.970285780178573
608_8,0.9887816758100956
4592_10,0.9102595852204656
708_10,0.9280683150175136
6548_4,0.24412154370752748
7552_4,0.6120906494316524
9263_8,0.8143725253193327
5393_1,0.09523393825289607
220_10,0.9472852483667147
10640_7,0.9997100471223862
4086_10,0.8677108707535323
11026_3,0.09599276032162915
12466_10,0.9995704387410469
905_3,0.2346496959158137
92_8,0.8920830092610241
11362_10,0.9552938478248637
5030_8,0.9196560365233737
2909_7,0.5001611329594279
8402_7,0.8848765769614662
4046_10,0.9665590020321219
4065_9,0.8872657210561455
6460_4,0.7112160378368759
11108_1,0.12472092478405895
1139_1,0.004610751602591517
2457_3,0.038377392571009875
2675_7,0.6850105292260766
9360_1,0.0010677937474203975
5750_8,0.8819774282098295
7125_2,0.03661751877523119
6637_8,0.8740775255727908
3290_7,0.9666150676191633
3979_8,0.7035505732340704
2100_1,0.005394641850091041
10836_1,0.06669221010208794
10904_3,0.00557716724067727
5226_7,0.9007386466263642
22_8,0.8642469894303112
2726_10,0.8884179856147904
11405_8,0.9888235028957902
11204_2,0.017538832923349096
6201_9,0.9579431130569974
1653_10,0.9895785589019085
9500_7,0.8073473503068539
12104_7,0.9609633758057645
1499_3,0.0010019307764200605
1415_1,0.005750398526076539
11285_2,0.7972779670240605
4481_1,0.38615885026453556
10249_8,0.9484463296760738
2391_9,0.9979723770406136
2186_3,0.1171920628379502
56_10,0.9994517564859493
127_10,0.9994014096745516
5509_9,0.6309674724369015
9855_9,0.0007735218579001826
7522_10,0.9798487764008679
11751_9,0.9605151539309151
3330_3,0.2028124035678327
4055_8,0.9996051153692805
3694_3,0.47585446032134404
6911_4,0.03048081535704692
9677_10,0.9747930681313938
9706_1,0.005185410834930372
426_4,0.05270935213568256
2995_2,0.03360641303226756
7914_8,0.9686945071362673
11344_9,0.9948943611687288
680_8,0.9279119709649977
2094_3,0.12489490776930381
2009_9,0.9989501174631819
7309_7,0.9719493525214485
138_1,0.04262191721638165
2689_9,0.9991854149637504
6050_2,0.0001460882253718582
8987_2,0.1410780110492674
2053_8,0.9989922995902175
12245_4,0.33397187447539717
12020_10,0.009628476324164817
10364_10,0.769551597518946
11581_1,0.001641043041553929
12079_10,0.554839561631756
6537_1,0.006952148320831574
2739_10,0.9797022887400969
8719_1,0.6233395001533297
9436_1,0.0038117543085503212
5029_3,0.038453807642370844
8321_10,0.6390050383963153
7135_9,0.9044421787953643
9512_10,0.8264583814194447
6397_7,0.4017057136688861
9457_9,0.9350435442511035
7740_2,0.00045786448928561153
10591_2,0.03726730958181135
9856_4,0.021982467523237043
2456_1,0.7026178293992729
10543_7,0.17189269862277376
544_4,0.9877744722653468
3679_10,0.9966508522221643
9042_1,0.0012239608342624172
5368_8,0.9420180666059741
8276_3,0.030655479513248346
1984_2,0.005020675716063352
4205_7,0.8316252260142993
5765_7,0.8783478831645839
5202_1,0.013053411059051275
4127_4,0.3519215755068285
12316_9,0.9842241662512632
657_1,0.010344109216551295
12205_2,0.045316017005273095
3426_10,0.9983912994640421
5616_10,0.9669569659353787
11644_3,0.5337484021542284
795_10,0.9934170681035377
12416_2,0.017811412569564575
115_3,0.006238738842782428
55_10,0.8843289568522186
11187_10,0.2768171987230589
9072_4,0.33534420561874306
875_4,0.7388307150540668
4196_1,0.00551301033628232
293_10,0.10588433352724899
5564_1,0.0160638590259176
6811_8,0.2433041367091548
9135_3,0.25179461635615696
9964_8,0.6460409384099969
981_9,0.32007170028240606
8506_10,0.2374303887260033
4459_9,0.7704153891986599
7609_1,4.22308649688052e-05
6246_10,0.9584334342934147
5989_4,0.014123479407828583
11839_10,0.8129301640677122
9186_2,0.29393922227478064
3411_10,0.8084629058309983
8677_1,0.24170425637168688
9125_4,0.9014191276380437
2166_8,0.8505776467455336
11827_4,0.2282038600849198
2574_2,0.7175600043223644
4789_4,0.700959239436407
1093_4,0.0025718956726819286
8195_1,0.0819015938021663
11011_10,0.9708724181021362
3944_9,0.8201999048647298
10606_10,0.4983004727850027
5029_7,0.21943712041795094
9496_8,0.11596420080656258
9256_8,0.993016725621554
5640_3,0.008868729923803921
8164_8,0.976394638956714
10413_3,0.05322742504346465
4838_2,0.0027376861333438572
12265_9,0.9807600260018479
6222_1,0.004085829713456671
883_8,0.9961740028781243
395_8,0.3461613802650779
1182_7,0.9434833022364038
8701_7,0.7682481996076557
8863_4,0.0048459277147407795
10943_3,0.013555900286438237
10692_10,0.4189604423694789
11872_7,0.9863305278975725
4729_9,0.9421425078105982
920_10,0.855138845759141
9352_4,0.07572797019330534
10095_9,0.9691319142242115
8986_2,0.07458954648803744
7061_2,0.13059162218997492
2746_1,0.003925265883413513
10359_8,0.6293728526058548
6826_7,0.10098770534472297
7075_3,0.35534662781805515
8237_10,0.9015524487580112
9103_10,0.771671018274068
6538_9,0.32732231579651405
3085_4,0.18794296915441427
10759_9,0.538661581306369
12249_2,0.024595409088448407
6774_4,0.13705890766493053
3564_2,0.395159564156051
144_2,0.0010193971517390812
12112_3,0.006233494013435176
8166_10,0.9367763209992911
10817_8,0.924852026939447
7462_10,0.7864376160530495
7626_2,3.66351740354231e-05
8221_2,0.3091454760719475
2528_10,0.8323969962429717
6765_3,0.0667186684917435
1267_8,0.9976096615657182
8257_10,0.5061859378478888
11501_8,0.916380902612745
11196_10,0.9980685194712074
10006_7,0.8831502375984371
2104_2,0.0008264268110933808
9067_8,0.8425030076980182
4760_4,0.17506557684045065
4372_7,0.8055959614954347
3441_2,0.0428201208335194
10439_3,0.6136922763541306
6604_1,0.0466924569764899
10689_10,0.9546282270864133
11289_4,0.06583963847981489
2051_7,0.6196552578460477
42_10,0.9955090149535738
1567_7,0.16011720575637284
4890_9,0.8982290850214855
2583_1,0.010568894548275014
5376_2,0.025899617289323985
2539_10,0.9239876262443676
390_4,0.20675072340206213
11509_1,2.7994886869664327e-06
7481_8,0.538459118523976
10840_2,0.013116488893952533
9433_1,0.7237411746150458
7774_10,0.999545648608465
2654_7,0.10188216333149674
9582_7,0.3342119640287537
1780_3,0.05335950521013977
4032_8,0.38393934590457207
3130_9,0.9786999957566824
1920_3,0.0065964457543877765
5056_7,0.8189151186376059
4537_10,0.6513693960994518
2505_1,0.2581969843210645
3942_2,0.005879888878169808
483_2,0.0486161131233365
2771_3,0.0020409224137292645
4872_8,0.9876312635046899
7897_1,0.0015211898243719956
12039_8,0.9035872770479556
11008_4,0.7904097165359165
4090_7,0.760110745528865
3051_4,0.17240028993890305
5700_1,0.012772862455471568
3498_10,0.9333891534658558
5676_7,0.3161045826187789
5565_1,0.000802132043288275
9347_10,0.8970896264497555
4178_1,0.05521325815029072
6303_4,0.31948079216888137
1579_7,0.47488330936155687
5783_9,0.575092483441111
4001_8,0.9760835293836776
11698_2,0.04221569481453755
7029_3,0.003974772407103318
268_3,4.773486212039873e-05
7098_1,0.9986865719190843
6608_9,0.9994009019682827
1123_1,0.03987627376967243
7523_10,0.7713912162144082
10647_3,0.10343255548392952
12232_8,0.9953138650732974
8103_4,0.18524659651192188
7336_7,0.8818371333600606
7049_8,0.9843569826696403
9694_3,0.03342068056192172
5894_3,0.06809893840347307
10981_4,0.6649971278477097
10104_10,0.990754462516965
5752_7,0.9781816901888027
2622_2,0.042798938695590004
11529_2,0.05852783609953564
5040_1,0.006250077936956764
1870_8,0.9884218176370634
7368_3,0.12942019035441013
843_1,0.027242733752254607
4972_8,0.9672315411731102
4615_9,0.9692042810137398
8191_10,0.9558058859777834
6940_10,0.3252143237157161
4924_4,0.5342632781513075
10392_2,0.004132624729346501
3339_7,0.9729197524949319
3594_10,0.9655274578875851
10354_7,0.09878737375608615
6594_10,0.9680614697908188
11311_1,0.0023445556514068676
4409_10,0.9229159999517899
1669_4,0.5279945804004484
7819_1,0.0009004873654310602
6704_1,0.007579246944488145
667_10,0.2912132069741021
6444_1,0.09299343138828306
1223_3,0.0030788347569250434
10089_9,0.9665175092787336
6699_1,0.0002777161408402387
814_7,0.8906254500912884
2363_10,0.6323509138842296
1697_2,0.2637692079155373
6345_4,0.0007282709873007195
10109_1,0.04719569979957508
4563_7,0.8558674042417111
1924_1,0.06760644167009622
11416_2,0.04439830671138613
539_7,0.6665593149893859
5937_9,0.9993758341941237
1912_8,0.445320604002043
4135_3,0.009476423261969702
4141_7,0.8817889596040961
7217_2,0.2211706687873912
5538_3,0.08865715849048202
2657_10,0.9218671516876792
6279_4,0.4388556835131181
7706_1,0.07090193795604487
10409_10,0.5326211516576462
6780_1,0.009992472823475476
6251_10,0.9995905806041915
12227_1,0.17389191216055763
1146_10,0.9990236960793348
10977_9,0.9929861733655374
3857_1,0.009713033580108372
7622_8,0.20929750768134184
2548_7,0.8368876129577262
8602_9,0.9313739499751968
8885_8,0.9153434666999306
472_4,0.6305204891194535
11700_9,0.7898299346636928
10268_3,0.05584631393513177
7569_10,0.9999100771991246
475_1,0.37796617748923667
4719_1,0.0003233414455892578
8851_3,0.09835141381332518
6320_10,0.8058190124020201
4290_7,0.16322192831020402
7936_10,0.9692314021786649
4616_1,0.05510958526720855
3616_7,0.9023563603244571
4849_3,0.512743664942653
3689_7,0.8074023910315313
11224_7,0.9282202362189698
8893_7,0.46343908288620167
11126_7,0.9883353189600771
4816_8,0.9350927989912942
5895_3,0.14416776285603503
9373_1,0.032128684816014975
2445_3,0.769856194230374
556_1,0.0010390927727374686
11855_1,0.06820322838799325
11346_8,0.9833716480569312
8621_8,0.7842201571119576
10259_3,0.015653408116319985
2354_3,0.30179132065807485
8477_10,0.9814290078115091
11408_7,0.5271284620296592
8490_1,0.3111243456305412
175_8,0.6630964699221877
3376_1,0.0569288682320729
3888_7,0.9690290647348788
11655_2,0.45028767656343116
9630_10,0.21908599694142952
8121_1,0.46158302652942906
10758_4,0.1919417242142282
1979_10,0.9995684487695099
9702_8,0.7319951533022832
1064_1,0.14304070741448813
850_4,0.1162122888067526
1624_1,0.438894692198983
5885_10,0.9740776507268967
8246_8,0.8804306629122125
4073_7,0.9598992178056089
5116_2,0.5652014775551916
5379_2,0.03607753603074419
75_1,0.059729944581537714
5895_10,0.8769835024473611
10651_9,0.9315656829566494
1776_7,0.662129600711491
8500_1,0.00021737612106831103
11026_9,0.9711722177679712
12195_1,0.10553943653421742
1832_7,0.9997904653157198
11424_8,0.839528445290662
1744_8,0.996229178338361
9699_1,0.00010235200952802641
11840_10,0.4242122624877749
8955_1,0.13998756962548944
1571_4,0.1906267123525453
6434_9,0.9770527418718482
7214_10,0.9792747756721651
153_4,0.26328181748277524
3914_1,0.030297041235205394
5005_8,0.9050620737273758
8283_4,0.13400303536635313
8846_1,0.0043316439288229
3708_1,0.48171313466082005
5123_10,0.9981104235253516
2868_7,0.5471290600102924
6395_10,0.9950288445067152
5788_4,0.3028311056307822
2380_8,0.2853666133017311
462_7,0.9789138204092782
11697_7,0.9861883091792933
3577_3,0.01118654019530976
5569_4,0.2812264450538666
348_1,0.006231093929283986
9194_10,0.9945211159806483
1001_4,0.17504843212345184
6869_4,0.07448093769050533
7182_1,0.4690015321695949
2089_4,0.0028219457502357565
3496_1,0.6643629705697159
938_1,0.12446975756434495
10325_9,0.8847099798205375
786_10,0.9757360803663933
4562_9,0.7987374781840056
2566_9,0.9917493460744639
10732_3,0.2187679701483192
7621_1,0.10069795693577348
11747_10,0.9987690893025061
11271_4,0.7145224871996356
9057_10,0.9978983438939906
12374_3,0.011862984118346742
9130_9,0.8932582791311018
9735_3,0.08963518829708718
4305_7,0.9972456311437434
10477_9,0.9949639368761181
5498_9,0.9996111959922838
4452_8,0.9556070449705331
7993_1,0.023199916407607078
3245_9,0.9951251141308836
11289_10,0.08886750828376702
2678_10,0.9990025942420698
6836_1,0.00477964042962856
10936_3,0.00057152621344089
6870_4,0.058970858010094614
10109_10,0.9762389723656999
9907_7,0.18483533150267936
4801_2,0.02052603023231079
3684_10,0.9983484527431703
12305_9,0.9952626953712791
530_10,0.967010762974115
10977_2,0.713574194675244
9819_10,0.7206395372815285
5057_1,0.024941209051018577
8703_10,0.9215329712516722
8997_2,0.001619165180815312
5766_7,0.6682984865377463
9436_8,0.7670068275145895
39_9,0.9894510038994224
6052_4,0.016097788050244696
9748_9,0.9659033807376203
8395_1,0.02004264142202578
688_7,0.38544301833209854
4688_3,0.7549823237584623
6287_3,0.01732394020442722
1945_8,0.6781952501334565
11830_2,0.028050838059077463
4042_2,4.6961508665878136e-05
10160_3,0.005648414024145562
2069_4,0.27430793859722086
11039_1,0.10529475201994852
6675_3,0.6535472110686027
9189_2,0.13351697812394234
3683_10,0.9961011798893269
5536_10,0.9767411113664985
11089_1,0.011669175644225325
9064_7,0.6835476793819201
2079_1,0.015450585359179442
648_3,0.042274380816501256
12300_10,0.9948139908943509
5755_8,0.811394175685708
3460_1,0.0020517675939742295
151_2,0.010825927232619872
6990_4,0.09930106129536473
11356_10,0.9949243958077562
3062_2,0.0018934492890414654
4310_1,0.038387573592138624
9393_9,0.6530901176328484
5886_1,0.02290892083599431
7359_10,0.9978162711299909
3210_1,0.008072481200230307
4689_10,0.838358415998278
11111_10,0.999995527737317
1413_3,0.2588682708838004
2502_8,0.99900737785176
10737_2,0.20835886036513565
6525_10,0.8647941021511889
4416_4,0.0017026902286139025
1705_4,0.2700401251068485
1485_10,0.8776760216221545
4406_9,0.8663936574825304
3365_8,0.98930030074884
6825_9,0.4557573845877165
9214_1,0.7270382446626176
8171_1,0.8738382306136017
12138_7,0.2701752334712467
2421_8,0.9698177829783419
7727_4,0.0008949931842331903
8236_8,0.8799603981279472
4802_8,0.9870909204762921
5429_2,0.3217718986896211
6584_1,0.15132297395821437
5429_8,0.9878812336732855
2124_8,0.9991418567730408
11670_3,0.07670184090276667
7527_1,0.0855851857197224
11193_3,0.19749329842891652
3647_10,0.45405292890147747
2084_3,0.028054399145574192
8481_10,0.9979915035554444
2458_8,0.9867698038141156
8705_1,0.34384874610734556
4919_4,0.1630442862576178
1621_1,0.01376136839868267
6059_1,0.004117049735069871
4132_1,0.6470044763927256
10953_9,0.8362457046660371
6692_8,0.990756755874972
3604_3,0.29526013132376344
6432_1,0.060767630783198065
10932_8,0.9850553878217821
7248_3,0.7033219612039786
3837_4,0.06730916991473088
8770_8,0.9984573581323668
12067_7,0.7799292472839806
7351_1,0.05132406774085301
11556_1,0.4029429370529075
8220_1,0.35233690728349376
8008_4,0.08061004948883108
6500_1,0.23089986783811298
8303_4,0.013161634971732337
6765_10,0.99118989258477
4701_3,0.7040267851377057
8956_1,0.09482510423102113
11443_8,0.9190174436622647
7119_7,0.7763688198694508
11761_2,0.16095990526735385
9921_9,0.15068130410797642
2275_9,0.9961527103353667
8849_2,0.0390247037750242
2791_3,0.2581523619869793
9105_10,0.8111444261211331
1991_7,0.9219366915462196
41_9,0.9999921578075021
9259_1,0.09572763871067923
3785_3,0.9238321438833996
12335_3,0.0021741237153131703
7020_1,0.0022607431868933202
9490_4,0.15611345051996614
11296_1,0.029018700265325235
7641_2,0.25584383746042855
8163_7,0.9570628782239262
7342_10,0.5437040975234319
766_8,0.9999458217126496
5399_1,0.02682618568273021
1565_7,0.8514356358590374
12_9,0.9829342277798443
11574_10,0.9742675761904381
8194_8,0.6434389073762301
6110_10,0.22555473832752118
8108_1,0.013183352475019925
3852_4,0.027478338483163823
11474_2,3.8157930875048155e-06
11554_10,0.9380510259393313
1798_3,0.8222923194330519
11814_10,0.9538844551383989
5072_9,0.46668919585602525
4389_10,0.9720625819896657
8148_10,0.9234669034498916
5840_2,0.02207369818885931
1972_7,0.46872998234099317
10169_3,0.3543648971979419
8651_1,0.0004808796187326143
6399_3,0.007670104201376089
8965_1,0.02731880058177046
8853_1,0.00804469748461479
2841_9,0.9987625327879447
6658_1,0.25618144939542936
11515_1,0.1788654587890005
4474_1,0.2036473919229909
8221_10,0.9725013628771437
12204_10,0.7906346547046025
10671_1,0.0015946428923954278
7335_3,0.6638746698917437
4050_3,0.6101554242078184
9465_8,0.9286490571442836
11620_8,0.9534665164301733
11998_8,0.9990387697930746
11188_2,0.5659071990146193
6656_1,9.1298058921313e-06
3416_4,0.39366108469517247
11558_9,0.9150237677863159
2752_4,0.3117922522479736
10330_9,0.9690833168653916
9323_7,0.9950020100484296
12232_4,0.009369018611529525
5699_7,0.86220566354498
1020_2,0.3438321033189519
1161_1,0.0578205880666424
10187_10,0.9858644853445355
4585_10,0.3032416149671704
7570_10,0.7821895711522739
9752_1,0.1198095084654004
4956_1,0.012602066058778772
1355_2,0.03415638710826802
10456_1,0.011614619689203945
8757_10,0.493875409442628
2286_3,0.049746381486527554
1297_7,0.858503373608704
5326_8,0.9995102855017547
11535_10,0.9977818023195154
4783_10,0.744424884756844
4292_2,0.008964960770089563
2856_1,0.00021452028586986275
450_10,0.8815853553888919
9611_1,0.6252239456380028
2403_1,0.42727392810992165
2037_7,0.9066105224025361
9580_1,0.06468051877400006
1694_7,0.9671897661372036
11385_10,0.959478156412807
493_1,0.03999940214404601
9013_10,0.9992853345477195
11235_3,0.4611802508911314
10793_3,0.06027425255632593
2197_10,0.960084127925231
1887_2,0.0023615052241613465
6617_7,0.8918232871515553
12028_1,0.0175020395328917
5413_1,0.10037333171249002
1134_1,0.12372201912132356
1290_2,0.0592540413324185
12241_8,0.5089857647077801
965_3,0.35785406498085504
2044_10,0.99886270241349
7782_10,0.4777712734685509
6087_4,0.3519215755068285
3600_2,0.2585023053806759
1588_3,0.026231799314576955
10421_8,0.2406582813284976
3390_10,0.8216751999832946
6531_1,0.262263710448171
9792_10,0.8264804614174411
3755_9,0.9421509571664665
11471_7,0.7416994319957204
10427_10,0.987899593676128
4011_3,0.5440170441415823
8784_7,0.08612169588539438
10714_9,0.9996782889478185
6031_9,0.6884029670542976
8130_10,0.998328385684412
4772_9,0.4644745715257321
6599_7,0.3232355173926638
11335_2,0.16374413521326964
6412_1,0.0026340703023799007
998_7,0.9950247203791868
9542_10,0.9801831413306777
1490_3,0.12177895560051524
4142_10,0.9184285626927386
8371_10,0.9993724947382094
5457_8,0.9996836517070705
5001_8,0.9370313518608616
150_9,0.9493267954462277
8487_10,0.9369424265737439
10024_3,0.03743438988484382
3687_8,0.9008219928398898
6171_10,0.9813022608067061
5462_8,0.9566034368557607
1372_4,0.0463776414200677
7361_8,0.6495755016118157
1030_9,0.9465040266981577
3341_8,0.25639955499735584
7677_2,0.012678109204483803
6584_7,0.9407512939898871
2372_10,0.743764906886066
5898_9,0.9815076843569899
7370_7,0.613425660903554
3018_9,0.9998491326756862
4899_9,0.7928685117469916
2385_4,0.4225697490111863
8433_9,0.9993300446431045
1989_8,0.7805819252223293
10401_7,0.9355011810491547
5668_1,0.027909356211835695
11516_3,0.06510716236466688
12419_1,0.07880112854696462
5402_7,0.4603074741271007
10537_9,0.9293372401293036
117_10,0.989096323995112
6756_4,0.23964797313941288
4051_3,0.06408211000964933
9687_10,0.9387277422978672
11011_2,2.654634288015204e-07
8460_8,0.922157129706611
5155_3,0.10289592282440746
2473_2,0.11931483163693951
4074_1,0.0011100785500786484
4730_10,0.9825041140421736
5310_2,0.03289388920411143
6630_10,0.9625082246966574
4363_1,1.780908899677985e-05
1022_3,0.14550426686165904
8247_10,0.9309120852284578
7437_10,0.9991289203478683
3846_7,0.8396668554849542
7298_1,0.00042046701000251054
11955_4,0.2305783718660116
9448_10,0.25841830220733286
142_1,6.607903045487849e-05
2260_3,0.00010645401749779487
9012_4,0.1832310901278082
5321_9,0.7314253788178462
527_10,0.9968821029845342
2898_3,0.0028930075311733843
12302_9,0.9934833946484591
1463_4,0.31448440177670545
5278_1,0.0026429035442311977
6450_1,0.03510212918853229
9704_1,0.030206592584781054
2673_2,0.0011900403233234148
10175_2,0.0021721883635169585
8006_2,0.9287652575842411
9492_4,0.48701677116345243
4595_3,0.7563541500460811
9499_2,0.011333269727548022
7869_1,0.00046093368445839525
4047_10,0.9950853592674892
4962_7,0.7835546303904747
4052_2,0.010156342854695492
1423_10,0.4614604226729378
7376_2,0.01868033742870726
1067_9,0.9934847639369694
3289_1,0.18463084311710823
5780_9,0.22506269914327692
2965_2,0.186742694565927
4127_10,0.9922005221254724
10156_3,0.008087125751853733
11164_1,0.11446249918243175
1422_10,0.4614604226729378
9470_4,0.3035366980199165
7733_3,0.2479169094464896
3814_3,0.16105598479054567
9900_1,0.021154917195914048
5363_3,0.0136746786607732
2878_7,0.5524145670691295
11647_2,0.013294154478558537
1729_1,0.00037464481492852065
2263_1,0.8859488284216935
11707_2,0.037924417221863786
10722_7,0.9809166059617042
6321_9,0.9171736147420413
7339_10,0.994583603185599
8003_9,0.8081609535775777
11009_10,0.31430412987452033
9458_1,0.19399537787529594
10359_1,0.00044342650687412874
5530_3,0.16613418998273277
3377_9,0.9937533594810471
2256_9,0.8681143951546737
9036_1,0.009927944684589874
7621_7,0.3376760823857695
9992_4,0.30474115958522663
1004_10,0.9639748461779979
6339_3,0.019929560101335182
5554_10,0.8210872603928298
10128_10,0.9992053640473166
4540_10,0.996363758449452
1410_7,0.7121556923313713
7072_1,0.10092565016480712
4324_4,0.028083815788624
9611_7,0.24159533276793982
7571_10,0.9983302375687069
11337_1,0.02185995467581739
1169_1,0.03908696232454713
10881_4,0.05490626271604145
8782_4,0.020298260473779754
5357_10,0.982198881263082
9318_7,0.9439701839107251
9071_3,0.9713780331043742
485_4,0.3513956131562265
3164_2,0.2585559810225246
1343_10,0.9953885140860641
571_10,0.9900154119939792
6749_10,0.9500708154087186
1945_4,0.013386538743261133
8132_3,0.027557973858169958
12380_4,0.0014378085652655603
11183_4,0.8811634413569774
10526_10,0.9207823512180208
7234_10,0.9748914411291097
3054_7,0.550905920121067
5217_1,0.0003001435695257774
7106_8,0.1496355431325795
11043_10,0.9994473079726325
8447_2,0.10673823179522623
9744_10,0.8722188138634198
10638_9,0.8343144024280543
8778_10,0.9742599823250456
3666_9,0.9963535140880755
4223_10,0.9690723504240757
1642_2,0.3170546454916183
10541_8,0.08878763741627775
8067_1,0.0755139474531888
11116_10,0.9818336726762316
8701_1,0.044062668036871214
6422_8,0.9741635421372564
9168_1,0.02262924287226176
4130_1,0.001390403237685698
8492_1,0.01899033434931336
6430_3,0.07725029705903769
9306_8,0.7061503202782876
10487_7,0.3554318227910908
6687_1,0.2237411530497899
11869_1,0.0019312273548633002
9224_10,0.9623221189392327
1625_9,0.9392262331544531
8651_7,0.9700618077874448
3702_4,0.3699669440133056
4470_7,0.7221334037001962
31_4,0.05055706773313632
11316_10,0.9963730189684465
5961_8,0.8995573650635177
4428_2,0.1008162010628331
2540_4,0.39162806537891964
4855_2,0.9549348510806863
9997_2,0.00048794749858446286
12214_2,0.011379801115072826
12383_2,0.02990820197277442
12344_4,0.5823781769061143
8147_10,0.9982428483250516
2019_10,0.9923858666700569
8161_3,0.02179081816126075
7312_10,0.4201325196548976
9310_8,0.13413977911275415
11966_1,0.0031920631836193456
8962_1,0.023027846248521288
5661_4,0.20733252830202467
5765_4,0.034815764996974835
10934_8,0.9756360051910513
5801_9,0.6749972735625829
190_2,0.8656508057694052
880_8,0.8247635312541431
10677_10,0.46015726856597344
10520_10,0.9911017610697911
6697_7,0.5299321300853892
11582_1,0.002898625435857187
1986_1,0.01574643913190654
6021_4,0.4458227213584813
7220_8,0.8743021248474924
5870_1,0.030678694190385308
1459_7,0.8967907649323742
1733_8,0.9828302987349944
7060_9,0.8930919961372471
5249_9,0.9449747410894106
8845_9,0.9966076820691186
10133_8,0.7064040522279381
3041_9,0.6884399594453777
11504_1,0.19006640824759138
6261_8,0.9923514447163286
2942_10,0.9993372338279225
5522_10,0.8433087447847105
4260_8,0.07436156678956543
1600_2,0.0023855691731126637
1698_10,0.8032138196680629
5823_10,0.814673633610453
2413_9,0.929754354325565
7316_9,0.49794228840418403
5963_2,0.0012727293016584211
9960_10,0.9890265654298269
6014_9,0.9490349819307916
2357_4,0.03367650201694421
9788_10,0.06270076814671141
8100_2,0.002077326626262978
4099_9,0.16593350435330986
10894_2,0.025892805110640797
7940_1,0.07335285566420023
3605_4,0.43793217751145075
11270_3,0.0946762272110082
2306_8,0.9908199751987897
3825_10,0.9449466764780619
161_7,0.07295008308107866
12121_9,0.5566011852532137
7916_10,0.9354645102798466
10598_4,0.15441150323199979
3484_10,0.9338775622426772
8967_1,0.026588254240583347
4005_2,0.13486170896347102
10355_4,0.7265960692001234
5215_10,0.29715417047874076
943_3,0.0035034889198726923
11786_10,0.9768383863143194
5938_2,0.03081960887110685
998_2,0.00855343942462015
4333_4,0.00517056870500425
6606_9,0.5600303797203388
5251_2,0.02472574651074686
4152_4,0.3997870700344523
3148_2,0.5402897527235427
3344_7,0.7984959134720071
9832_3,0.5245010571902609
2689_3,0.42035215297692374
3400_10,0.9947229793632477
4000_4,0.3088699049324194
3934_3,0.006314890812284476
9014_9,0.3302617664719591
2339_9,0.9555744151157488
8833_1,0.031865314378952396
10197_8,0.993633391914786
8811_1,0.19553312189776093
1805_7,0.9477263083309747
2238_7,0.9678834985415828
2487_9,0.12174420742389745
1737_1,0.0008565549427312693
4085_2,0.005570100240121718
5665_10,0.9640859394169091
9721_4,0.09665413051714632
10577_9,0.9059455388072214
8892_7,0.7498142316474401
4503_10,0.9999714723878419
9348_3,0.00505815158113352
10382_10,0.9836553315487645
8339_3,0.0039615851652922114
5199_10,0.9825712388693271
1897_1,0.0008620310747554059
3578_9,0.9999059425933996
9192_7,0.7651681174410023
12154_2,0.013705383837690377
5089_2,0.0030307665757861053
8988_7,0.14166478830153176
10170_8,0.6112403139857723
6690_8,0.9732077863182583
2549_2,0.0029528866530681894
6546_3,0.015530086177260566
5283_2,0.01704001886624755
8131_9,0.9798052733819218
4745_8,0.9910253907912714
7251_1,0.060497126811658634
1829_8,0.9973652229627723
11922_9,0.9959806743073928
10322_1,0.010057984044366029
3163_4,0.04421665171925652
11849_9,0.9823019918481442
11809_10,0.5443392693545798
1275_3,0.3655780012953503
11694_4,0.21276796072382848
12112_8,0.46501654788534524
11212_4,0.37582635951845555
5124_10,0.9162630477953047
5362_2,0.0024283487162711967
2680_9,0.9992783018474463
11181_4,0.9428507438094844
4345_1,0.04497400425527881
8916_7,0.8858813066345855
10042_8,0.8580919307583509
10324_8,0.912013324930742
4425_3,0.935597837257554
9133_3,0.9733738282640605
11028_10,0.9861551392650427
1941_7,0.14460819361861613
10142_3,0.1401720454177106
4572_1,0.0031495646417506943
10512_1,1.97465688060085e-05
7180_7,0.3233822608169846
3948_1,0.03306341851810958
1238_4,0.18221071581846587
5269_9,0.5617048922674431
12346_8,0.6768909155080536
11481_4,0.5432744858398969
1943_3,0.00016484844474144397
4742_1,0.026256880876203117
2433_1,0.03808417208693438
4422_3,0.2887408092007095
342_1,0.12741454608889424
736_8,0.39799441842445715
3036_10,0.270096547910624
9336_7,0.8096423541362334
9205_1,1.841914558693933e-05
9923_8,0.8393711071678758
8875_2,0.0467404563906165
2023_7,0.9808519270689595
4102_1,0.3553662802622989
11345_1,0.00010015348877439559
6736_9,0.9998396832781966
7839_8,0.9761071172121857
8572_10,0.8463460334079762
7211_1,0.03634648969699748
6666_2,0.007841977550310799
1978_7,0.9766316132064579
3156_1,0.00506401956852641
3333_7,0.9828827471373771
3720_4,0.6575410238291944
1450_3,0.8171250637060157
8563_10,0.3483549166606309
9087_9,0.9727406787706877
6843_10,0.9485452507122837
3485_7,0.3693886422997165
4259_10,0.9997571730065623
10186_10,0.9543632539318581
3312_3,0.11733076110230309
7624_4,0.017894864192473946
7930_3,0.00969373003287161
8407_10,0.796078131399018
1771_4,0.4874043535995515
11919_4,0.005669752081758353
425_2,0.28336653994199307
11795_2,0.007847389467547155
6767_1,0.007800448797330191
2996_9,0.9629072280061205
990_1,0.09434387433124755
3757_3,0.16049197459145392
2981_2,0.16810876082385307
10277_2,0.15556589132685664
662_9,0.3050890472227778
5311_3,0.45774021954817323
3796_10,0.9642095816100634
3846_1,2.6166970524722143e-08
5651_2,0.0023911521735794773
6649_3,0.22418804648411592
10779_2,0.007941372709934558
4548_10,0.6770151916558391
7275_10,0.9915710028139384
1605_9,0.9720813542211596
3580_4,0.031348609293148325
5712_2,0.004393972589149504
5287_10,0.9444808673927404
3230_9,0.7429102181532382
7936_1,0.042425320655893224
9983_3,0.0007006411764629749
9959_7,0.7711724911755892
5739_4,0.1627588344448516
4308_10,0.7121024023112678
4854_8,0.44818298070124923
8620_7,0.6459724290138872
7923_9,0.8406760410889337
11686_10,0.9023648147607589
8253_1,0.5435845512826579
11030_4,0.3719076734118044
3995_9,0.9342278480713336
10763_9,0.9622976840513314
6780_8,0.9901162242409547
10895_1,0.09338269344339839
11778_1,0.6376537866348987
8512_10,0.15930064556041523
1061_1,0.000681666927539728
10584_3,0.003664643952261328
212_4,0.09650134441070223
1908_2,0.001484323658990056
10958_1,0.021304007237023165
980_7,0.6632322510389232
2686_10,0.8958080518384419
2088_1,0.015769531605766194
6075_1,0.23731694358570532
9782_10,0.9815451795063033
9180_3,0.37091036762104684
2478_3,0.009400314448620292
1634_2,0.0005790706404778672
6810_8,0.6061300170348761
2562_10,0.7391833921639641
3841_7,0.7282968717450456
5387_1,0.004521460016384369
9047_7,0.989522756567146
4962_4,0.3768301106444586
8597_8,0.9613827555133995
1515_1,0.003371893033089694
1974_1,0.6316764218717803
9935_3,0.6736604965104663
2404_4,0.452066676148782
8638_1,0.0005399999649539398
8720_1,0.1820178142065823
11411_2,0.1361120486955498
7676_3,0.5442098231243329
11756_9,0.9332070827631426
4195_1,0.0008486453551070109
11787_10,0.48025951933670163
11838_1,0.1056034924419493
11748_1,0.005216419975367466
7309_3,0.6134564602741958
502_4,0.7549701901416238
1239_10,0.7904183729369377
8925_4,0.02406411396817804
4242_1,0.1417945587959343
2112_2,9.501771631558838e-05
6359_8,0.9999996087560837
8034_9,0.9998814258750814
807_3,0.1342624034163348
7852_4,0.11405953100964182
8014_10,0.7729456828146094
4823_8,0.8136948846344472
8448_10,0.5998751107358224
3564_8,0.38234066012093604
858_4,0.9178141503389953
8529_7,0.5172244019876131
6515_3,0.059466738670538234
2646_10,0.2707205420392091
4278_1,0.3883620958220179
5641_7,0.8951113653956964
5382_4,0.0010127533180899425
3300_8,0.9863460562153493
4849_9,0.975469064268614
12013_1,0.0010678786492192892
107_4,0.18370762709846186
10046_10,0.9318419852130356
9141_10,0.9224468122959584
10297_10,0.988237713312384
634_10,0.9885276872794685
438_2,0.07975399476123961
11794_8,0.9012663318688907
3937_4,0.27216620353037047
3602_4,0.0746377554338588
11851_1,0.008207636240711674
8690_7,0.790870567423624
2697_2,0.05005884355172859
805_10,0.9714390591922043
7572_1,0.00572361398609688
10553_1,0.2674045662178886
5246_2,0.006200230446639478
2064_8,0.6412033449373248
11856_1,0.10355793491536797
9026_7,0.9600895899165507
4449_7,0.8131730969290238
8579_10,0.8902320374135585
8503_7,0.6660082152730245
5734_1,0.49916276094405043
11507_1,0.0010133912130696524
7956_10,0.09337201756539096
11245_2,0.0002183313749516679
6142_2,0.6033305372727807
10657_1,0.0023275326804449454
7992_1,0.03061635165254481
11347_9,0.8064701686981456
5278_8,0.9789872906067121
6362_10,0.6364762969871292
10214_2,0.019259582196807637
9184_7,0.9762279976422701
2666_10,0.8314534806158634
7527_7,0.47744846745090097
2001_1,0.039546792826758916
12000_4,0.033611081331541295
10302_3,0.32163790454909497
7160_10,0.9910555515294552
2757_10,0.9985540933521603
3792_3,0.025692050783934793
6199_1,0.0023261755482006374
10467_3,0.035996525966125154
531_10,0.9972196134061417
8193_9,0.9846055611370622
248_7,0.9817843608006285
187_1,0.009217015986089734
5193_8,0.8707013963535215
5138_8,0.9796548557683954
8467_1,0.04962718516168036
11029_8,0.9167005548939009
667_4,0.08083055214256042
3714_1,0.04174165959889563
8102_4,0.46745749248663937
9195_4,0.008207329215834442
1432_3,0.019943950530827925
9095_10,0.9031584028182847
11510_2,0.12584451587583328
5644_1,0.3196022372274068
2556_8,0.7282933941448742
11887_2,0.03957779011093747
5374_1,0.14734003963293105
5356_3,0.5068754915966347
10209_1,0.16028904893481027
2001_8,0.44685391512049405
6088_1,0.5737620781904692
6140_4,0.22845157711343267
11494_4,0.0728074512737024
11631_7,0.5908187224160234
4818_1,0.20979428407960615
10914_1,0.0017594844134519762
4472_8,0.9429922323550114
8735_9,0.9687643171076019
11190_1,0.31356253829761904
462_4,0.004946464789482753
6566_4,0.08873803892085548
4598_4,0.6669120715432398
11566_1,0.01823417981301037
2560_3,0.15027813286412556
11969_4,0.02838198873926568
8765_1,0.0039642904838695404
9957_10,0.4536872121833616
5210_10,0.6445050164090986
5007_10,0.9049207476778046
10290_10,0.9417357261018856
10319_1,0.03726587724147452
1848_2,8.28310175652544e-08
1319_3,0.04813756456663813
11248_10,0.9946520350467734
379_1,0.010391544046413737
3469_10,0.9932039578286186
437_2,0.0003731780627595081
3648_1,0.348757926021399
8834_1,0.012865394704316318
3316_1,0.03659653527887786
9563_2,0.13939848492045878
4500_9,0.9917761944865656
6226_3,0.2843610055589263
5653_3,0.05505353297639912
5415_2,0.004155793586972926
6725_4,3.6761438981749895e-07
9462_10,0.9767101280119034
3471_3,0.5386300989169516
7259_2,0.010013188206944777
8181_3,0.09967630319263858
10749_1,0.40000919498682147
12283_1,0.0012746110732548665
402_1,0.0005040312913744584
8024_10,0.9614863540149825
11114_1,0.007422260803284309
461_1,1.6388388373574964e-06
10025_2,0.030652962936924075
3358_4,0.6919829533997117
2022_1,0.0027933473875107317
12493_7,0.9569639155996723
4131_9,0.9983178808275226
9852_4,0.0035800598710981793
7122_1,0.00026935853079997416
1994_10,0.9288356513490738
10723_9,0.9551875705881322
3900_8,0.9999332190331854
7741_10,0.9842442954321552
4287_9,0.8524097693144881
10195_10,0.9475157091375916
10941_3,0.05717946751170764
1615_1,0.035087353571524024
12337_3,0.1439078555198776
2259_2,0.19865270211567956
6179_10,0.995833278501514
138_8,0.9908956357030025
6482_3,0.3656777112986958
10362_4,2.415383443821196e-05
1341_10,0.979990706361373
8299_8,0.6505222966407069
7839_2,0.004635210294942613
6659_7,0.8492490369764227
7143_10,0.9999930087115225
12445_1,4.5503172796787825e-05
3796_3,0.3138619973714926
4180_10,0.9398243993985443
7775_10,0.9895669086722656
8946_9,0.9539396565442869
1936_7,0.9392119107998738
8387_1,0.0017334520558578996
10092_8,0.5647952686079445
5729_10,0.9405860150662375
1399_7,0.9487006010142705
4011_8,0.9981835479925856
7868_8,0.9999172701380186
3546_8,0.7387290221128742
8643_9,0.9664950198219254
6033_1,0.034725685540303176
428_10,0.8867570464834443
3385_10,0.9996037045180357
3073_2,4.704150069465267e-05
4169_8,0.9843093170530876
8191_3,0.11170204609089288
211_3,0.00223685671909163
297_2,0.011467469456400396
4286_8,0.9853979545981312
535_10,0.9998904149912343
4851_4,0.988367022047266
9707_1,0.00683508164352712
9740_10,0.7537491439155709
5410_1,0.00020568985191795795
1436_1,0.04292711805896473
3766_10,0.8570601297280793
2483_9,0.9070079714545644
1937_10,0.985561834184972
2939_3,0.11046531933556904
3372_1,0.0005402674454292051
7825_10,0.6431249240565783
7780_10,0.999441108119165
7656_10,0.9977036474154103
4850_7,0.9997750159186262
5083_4,0.03957337065899087
10429_1,0.02072701598813395
8009_2,0.0012003885908733669
10879_4,0.15336223908445776
7328_1,0.009769514253344753
10055_1,0.10753373458757229
11715_7,0.9851659534531014
1547_1,0.0032216870142591832
7665_9,0.644108578744371
6061_10,0.8911054868970371
10800_1,0.006295966228288134
10234_3,0.08598335757275306
11334_2,0.0769009324853289
3106_1,0.04525828128325749
12173_3,0.029522606368558125
2076_10,0.9984694435514994
4414_7,0.07271285648803537
7679_9,0.6248274591614547
2010_1,0.0002784694714547595
9460_9,0.9856194548288835
11261_4,0.4677286204341534
7500_10,0.6438426652231617
9503_4,0.037449984741042525
5937_4,0.1492066090791153
87_10,0.6448068097693591
2968_1,0.0003151446326043928
6728_9,0.961712362196689
9954_4,0.00024373361139444063
5875_8,0.9463247586035654
12429_10,0.09151701469745283
11247_10,0.8402166086533135
8879_4,0.7196034253202376
2999_1,0.007148444730339423
11448_8,0.5983559350478272
3629_1,0.00017958880866031292
1302_1,0.7639636466741881
10851_1,0.08956326670351633
9533_4,1.5053925443405744e-05
4078_2,0.21248801719372334
7813_3,0.17661820503893383
11284_10,0.9121392801211006
3509_8,0.99980307526609
11198_3,0.16277642827720834
9197_9,0.9959219531637659
3603_3,0.9809191687761266
6472_7,0.995325332162044
2410_2,0.04909754323919205
10240_10,0.5605430428154407
6507_4,0.10800531047138963
1511_2,0.6087298162304653
5475_2,0.05579963839039617
5728_1,0.000902680458075193
5294_1,0.021098416756562984
12024_10,0.9846993342126329
2355_1,0.49961989814342816
4088_9,0.9677325838618865
2580_10,0.8769864399402096
9423_1,0.07342434996126808
6836_7,0.9231620630036076
11806_1,2.603351863579532e-05
8412_1,0.009485428266382538
770_10,0.9031855681385027
1029_10,0.9147718875990106
11288_4,0.03725432787469703
690_3,0.4415859496037994
1925_9,0.8589872961943052
2116_10,0.9232910337986795
8597_2,0.2189802845561674
8734_4,0.09944614149746912
5549_3,0.00579381429978254
5447_7,0.6684938013732619
2519_4,0.1454696443318582
11323_7,0.5930587880371567
9338_1,5.0734455063042694e-05
3299_10,0.9967351222021787
10585_8,0.4406933079669743
3945_7,0.7630189100965755
813_1,0.309917579451723
1300_9,0.854622676265379
5849_7,0.987226306174987
5535_8,0.7259160836864279
3612_2,0.0008100864446183461
11064_2,0.00159367464330299
376_10,0.8254887978589551
8504_2,0.00020259030771488574
8198_1,0.016231080140668718
6485_1,0.0002351820750566741
9011_3,0.0546004602219019
6766_1,0.30037487404340424
7282_3,0.6477688763782592
1450_10,0.8265429044832929
10644_8,0.5184337979017768
5424_2,0.860595459419964
86_3,0.03487249886589883
1221_1,0.005197924547987003
2309_3,0.019768966298239633
5190_4,0.21783505253107127
11498_1,0.14429348678886955
11959_10,0.9445696106830307
10465_10,0.9518594302761682
3922_4,0.6290399295723008
9710_9,0.8085531594178842
2014_1,0.01197280106504843
3791_9,0.9094944593828022
3548_4,0.29486724100809053
6001_3,0.009824090105074068
11920_4,0.6676482307445324
10152_9,0.9992941667890771
10305_1,0.8306391601134865
10626_1,0.2655100647891719
3057_3,0.7716709614125158
5387_8,0.01974430998755503
8138_2,0.028643564728056917
11134_1,0.024849042719824264
8341_2,0.00045700239468997176
6687_9,0.9703150787966298
671_3,0.43679852272862524
1156_2,0.0028063749909259974
11841_9,0.9781225976888265
7193_9,0.999101321888519
2257_10,0.9995890109852521
5261_3,0.20632655083235518
10475_2,0.006215616431671683
11175_2,0.37268040985436013
8122_9,0.9629752662841381
6266_7,0.9825373085135807
4340_9,0.6833870708771129
331_4,0.04643830820080351
854_7,0.5049357082508593
6800_10,0.9885909361652926
982_8,0.9181091948337136
5916_7,0.9921417204319665
5871_2,0.00785663874419366
4106_9,0.9948385636017031
8506_1,0.06299804854381122
4610_9,0.8698680184214003
5086_4,0.3019318034078286
453_9,0.7715593660020522
4611_3,0.18922861045617687
3764_4,0.0299061755079543
7644_4,0.043740030303471074
4037_2,0.00010526104820637713
1595_10,0.6225444753180452
7792_3,0.010742517758749673
10068_3,0.023449267261638262
7199_10,0.8545677859839159
2050_3,0.0004451742487470159
2460_7,0.9962141258154278
9299_1,0.008070390308272907
6297_4,0.5140260094322648
7797_10,0.9607424886882228
11272_8,0.99370316031403
7808_9,0.6507494549371273
5806_3,0.1584485309295275
4573_10,0.39873356932997955
3935_7,0.9541705719055481
3502_1,0.036522037179984645
5744_10,0.003234872522129153
10548_10,0.9971130326463216
3746_7,0.7596849822232595
3851_10,0.995488927892933
2648_2,0.08591353990859402
11397_3,0.1284390183375439
1024_4,0.17054126270995978
4034_2,0.00022001293389413003
7010_10,0.9193342537906058
10429_9,0.8895687431732408
8086_1,0.00011972644957515171
6463_4,0.3599480785663242
3540_3,0.8051381138878225
7608_8,0.9399308588473221
5123_4,0.9763300066784371
8139_4,0.19242752383896308
2535_10,0.9675046370293006
4187_1,0.031457832883774496
1711_4,0.1380377480490138
6197_4,0.25530047830884994
4953_7,0.7618179268455423
578_9,0.8949514800332982
4244_10,0.8328095790369894
3893_8,0.9947770092617363
4903_7,0.8420347665215776
9850_8,0.9965580733545071
11450_3,0.09502678387805853
4926_8,0.9688706295282831
804_1,0.12795889431758015
5933_7,0.8363020810402416
4407_1,0.010293158113015753
7951_7,0.9781303097663976
9759_10,0.9510704051766724
3936_8,0.9770342779021681
6998_1,0.28599171566928405
8967_7,0.8114164057798444
5061_4,0.9061138528922703
7787_3,0.18029817512522509
8320_10,0.986608302353349
967_7,0.03557234174049238
11996_7,0.3860409568163502
4233_8,0.30504979400872023
2494_8,0.8113489483962901
6804_8,0.6558959941681421
1452_3,0.48233705026967905
10327_7,0.9736696089153503
1510_1,0.05923051943253037
7223_4,0.22411297396325924
2280_10,0.9455953405881591
4092_9,0.9952904692316575
11305_1,0.0017776303823430928
10599_1,0.009541616207827406
9545_4,0.8167099005681692
6423_8,0.8415287634685137
12314_1,0.1341222228815271
8470_1,0.020388143573245122
8957_8,0.9412525055167716
1725_9,0.9858143854522546
11127_1,0.008377160929212845
6570_8,0.39854995643819946
10477_1,0.06044828737191319
5503_4,0.10252507291756949
12251_8,0.899649251925237
3474_10,0.9994139971928259
7269_1,0.006810898347292117
997_3,0.08870397809966049
10781_10,0.8682887436940447
6598_10,0.9723263322741327
9225_1,0.006184235655272491
20_9,0.9831847821879423
9671_9,0.9795655073542403
8627_3,0.04153581708497626
12404_4,0.5312860869087251
1110_7,0.9991943444283456
6979_1,0.3747830696643915
9082_1,0.35625294423901305
3626_7,0.6977367900048064
4856_4,0.8604793774554875
11510_9,0.836756350870348
7024_10,0.9968101441926417
1501_9,0.9076760055920663
4185_9,0.6492992867614
8671_9,0.997593373437593
2225_10,0.8915164162342076
199_4,0.9386624330381916
6027_9,0.7614826401849017
359_4,0.26176962524760256
4065_3,0.16973684171837777
12333_7,0.5113290074117273
1963_10,0.8889397043249049
9106_1,0.02865802271841045
10478_1,0.026756318710673997
10859_9,0.9065652319066824
357_1,0.01995943234650345
6982_10,0.7991012352980339
460_8,0.9397459305271493
9266_2,0.07338693188250582
351_10,0.9983430193971203
9562_10,0.8109440711378959
9784_3,0.07163777505737771
5949_7,0.991046389318194
6489_1,0.37614703714963993
1607_9,0.7507290812386596
4482_10,0.9478568769650401
8816_8,0.11350650267649728
2427_1,0.5851076448514451
4838_9,0.9999909635753689
10961_9,0.9703518404029479
6708_10,0.9951569937866056
1045_9,0.9134995203385111
3607_3,0.06216606266459066
4325_9,0.9134286728736063
4779_1,0.030732381121996725
4624_9,0.8303137556888437
4564_10,0.9297304390188378
7132_9,0.6052811492842284
506_2,0.021610081280393184
5939_1,0.0025357898177754694
3219_10,0.9915637538188251
8620_4,0.07191073762369891
2049_1,0.004024119593827816
3367_9,0.852862353596304
7408_9,0.9037059975829633
8850_2,0.013868426242068783
870_4,0.27688138609253216
8056_8,0.5840326402432929
11367_10,0.854154156005578
6160_10,0.9761084022237826
6712_8,0.26804547013612884
5267_8,0.8974724158781757
1191_1,0.10318309946708742
1513_3,0.0007467127971646512
4741_10,0.5790802970841591
9807_2,1.2658817829043826e-05
6926_10,0.9918322301759074
6382_10,0.998614288558923
6636_8,0.9489482607758107
6592_10,0.9956906339579948
11308_10,0.9292557612339178
10853_3,0.1433330354453543
1774_7,0.8532280255961922
8259_10,0.7880325154522206
8649_8,0.9521216535275835
10739_2,0.2999791897510732
9843_7,0.6426453908412949
5984_10,0.9980587883770108
8658_1,0.10485940023826505
10386_1,0.020168493496888602
3271_4,0.6108460047779655
6167_1,0.0008226249011632637
529_1,0.028046916523454046
5696_2,0.022107537423359632
1601_10,0.9076190033835129
10744_8,0.846331059874651
6121_9,0.6028442806301145
2598_10,0.9998300026678126
9209_10,0.9914605606066212
3831_1,0.0008165879273691862
7171_9,0.9694899500286895
1850_10,0.9675765918716883
8728_7,0.9552307732061838
7698_7,0.9614890561189814
5954_10,0.9985645940024218
7104_7,0.18913850108171384
5617_2,0.2598889951891519
3896_1,0.023247086328977904
4355_1,0.20559762649842667
4212_7,0.7118962175110317
622_1,0.003234925454955278
3368_8,0.8708450455718351
2870_1,0.08325579817683042
12107_9,0.9817017105491822
8016_8,0.9993883975136888
8752_4,0.04868361364647553
10653_10,0.9806340805653726
7245_10,0.9954866107260428
9742_9,0.9904864919356827
7637_4,0.4494082040703392
11903_10,0.8775510612737882
9818_3,0.21154228536898798
373_2,0.18979965005166388
110_10,0.8367061545882619
2450_10,0.9999324599749718
9009_3,0.00671085161438791
9132_2,0.04684617565499078
11076_1,0.06920640597303478
4285_4,0.7877845187865055
109_8,0.024015548540944575
2585_8,0.04756175314615373
7781_1,0.014004767634173602
1359_10,0.6460387464184042
9773_3,0.06777327283447292
10328_10,0.9969123318846745
12063_1,0.5525865800508513
12061_1,0.0017295659747166468
555_7,0.37731827082619473
2288_4,0.002945324395815988
1259_10,0.021256410708926993
12098_1,0.010086444535634814
6493_9,0.785497242270624
324_3,0.1020082163781156
7834_8,0.058200124549447334
8918_7,0.02449624893463419
10736_9,0.994294332831243
5272_3,0.6167841029989789
4302_1,0.15916019994556385
646_1,0.11932216370559828
10868_9,0.9234400536227745
9654_8,0.6952098985252372
10790_10,0.9562366481158102
10589_3,0.034365241361455835
6364_10,0.7112612678398744
8477_1,0.00035182882992953514
6938_2,0.06812240581395618
9420_3,0.11175510804223171
1527_10,0.9989673026740613
5769_1,0.09574605830805584
1655_9,0.9989417472369526
3917_10,0.9895280194602556
8666_4,0.05291265804481408
11820_2,0.3104000953908362
11633_8,0.4433640469419011
6136_4,0.030927575190410034
10293_1,0.08467650583176711
1084_1,0.00044927469087039404
12287_9,0.9874385489524371
11297_1,0.028204006101816226
6913_1,0.026110456417205625
11371_10,0.9946079676925184
9937_4,0.01096789811788305
11341_10,0.9837804205463623
5233_9,0.9331154302645688
4358_10,0.994639636639879
10735_10,0.9885000413891688
5234_1,0.01917013123331898
7523_1,0.031424023246536564
5758_3,0.02548336791897063
11916_10,0.9996229124485306
10276_8,0.7957019170337553
5950_4,0.021493854113933203
10329_10,0.9506440777268556
8419_1,0.016652471757748834
3343_4,0.017506111241861317
3640_3,0.30708487798261064
10160_7,0.7235036461221703
1181_10,0.9791796034039048
9181_1,0.4656432143128574
5778_7,0.6249701026102731
3659_9,0.8250614122266532
4695_10,0.9654324615862692
25_10,0.9190537878298904
6127_2,0.0013109330886886747
1343_2,0.18318076383030563
1110_4,0.23997523723408445
12166_10,0.8416219347983338
1853_8,0.9756166432965592
6651_1,0.30239839499114185
4927_1,0.000360901777151115
10933_3,0.3701170876747111
6911_9,0.9985323614466564
467_9,0.6437794937038186
2267_4,0.183687279842672
9005_3,0.31568162819103546
10493_1,0.004153499044543501
8159_7,0.9855642493582583
10039_1,0.058546318078333236
5147_1,5.21579905360972e-07
12176_10,0.06049282233236167
9299_9,0.6327237819294363
2824_10,0.6861289255592103
7695_1,0.0429082236854066
8870_9,0.9908172370298364
4063_8,0.40808931694393513
396_2,0.015788236316674767
9016_3,0.05486688494426666
10148_10,0.9788134496783699
2028_8,0.9149581978176605
3738_7,0.9434552031410529
11365_1,0.5551306164963614
9987_9,0.9674683621092458
4050_10,0.999518906307018
8028_9,0.54523945008103
10161_7,0.9332243703898433
5997_3,0.4567683256233591
7771_1,0.5894694156237582
765_9,0.9646526531908779
6558_1,0.038338351970486406
9148_9,0.9990491255255406
10100_10,0.945536645501146
11870_3,0.4285800870376795
143_4,0.1817085701106622
5865_10,0.8965209650102607
2364_10,0.8413889829402738
4695_2,0.032019603920908045
3150_10,0.9868671626137502
4181_10,0.7984081342288178
8121_8,0.8924568206050483
3263_10,0.9901448271241907
9178_8,0.9995163826583227
11323_2,0.5417591395098253
8922_10,0.9844604922386487
7884_3,0.4743759001966033
6474_1,0.38198448936602625
9697_8,0.9127172268751219
9184_1,0.023755145309026365
9483_9,0.9991061163297972
5353_10,0.8342368815040401
5978_2,0.013622179463651896
7162_4,0.8157007105013491
12175_3,0.010229412395287981
8229_8,0.896132040307007
8618_2,0.0017605525286441795
854_1,0.034040119564649536
1379_10,0.5543467113740355
10833_9,0.692682177906075
2244_4,0.5573720183160915
8145_3,0.04841833065744741
9069_3,0.15536168435395997
691_7,0.691522289002082
421_1,0.1614658479463993
951_1,0.8555778896900674
4966_4,0.06815398752354508
9116_10,0.8787088557784276
7903_10,0.9520606891705544
3684_3,0.12130766052899587
9435_1,0.12260487128181403
4998_1,0.008678052438088925
9698_1,0.034345436278041146
209_10,0.9212040602027226
10314_9,0.841306168080555
6677_8,0.9403498342597152
3044_7,0.823021689987509
1322_1,0.021521815626840145
3185_1,0.045271255894423504
6619_1,0.0008893603457436673
3765_7,0.3441400292714167
3348_9,0.3890042237102205
11833_4,0.8266806726761274
2250_1,0.005452123271644979
7760_10,0.5974951140822423
8619_8,0.8303289178396053
5790_9,0.5744282819750092
9197_1,0.019743058585215578
4350_2,0.00045013978112158414
11545_10,0.9999215177761179
12448_10,0.7327094939724139
7160_2,0.1978409065565981
5966_4,0.12883299681240998
5284_10,0.9129489786105071
5276_8,0.039455256414451224
7498_1,0.16577459021853294
10729_9,0.8913396078216471
1827_3,0.0023213505946234766
3111_1,0.02594217644669463
8298_8,0.41437202954271396
12447_7,0.7716425975992752
8035_3,0.04062945906714767
1203_7,0.9728817400701497
7620_1,0.25724080287500606
2375_4,0.06967672068634082
4026_2,0.0019550984711684508
1925_1,0.0005968143164896204
3658_1,0.0029587588299838175
114_10,0.9356380303576998
3386_2,0.3903031576400753
377_9,0.8454850377431339
8855_10,0.9242860578586073
10476_10,0.9952840510812007
9073_4,0.6643562212119066
3255_2,0.01186290898399947
2918_9,0.8845311336979661
5221_7,0.8924863125390209
7546_1,0.02247273597232316
8080_7,0.6200351587570966
7434_10,0.826577005798738
1772_1,0.0045369549807748955
2690_9,0.8912380092861824
7133_9,0.8659612896516722
9947_9,0.1630438853742304
11865_1,0.06588873846936678
6346_10,0.8043345459125487
2945_3,0.05303847988259312
3625_8,0.7343893489782056
694_4,0.19825321313638775
6795_10,0.9727057159584377
9353_4,0.9705183115338035
12345_10,0.36324888935447536
5316_2,0.1121509910407001
12204_2,0.003130015907273167
2186_10,0.9887817931332535
5568_1,0.02607019046081638
11080_1,0.14664758972930822
228_1,0.16010141372745654
7795_1,0.015446012568234423
4886_3,0.1655835868413335
11547_9,0.9987597452828566
7494_2,0.11826665561695665
5466_2,0.14542182708342594
3655_8,0.9818579382715465
4790_1,0.005906819459709658
12370_10,0.992323152865001
546_3,0.19532031964468324
11818_8,0.9769726672109532
9426_7,0.7141874198038409
1524_3,0.7982941194091262
6486_3,0.03795475106464411
5288_3,0.01169423934816913
6797_3,0.45621697461352717
8130_4,0.4867352614848557
4064_1,0.014048814148482684
4832_1,0.001235082747359929
7232_1,0.04140207670204574
7279_3,0.2518476951430674
8356_3,0.26257331978590515
3556_4,0.5213945173612679
4097_7,0.86563033393752
7801_1,0.3668656781856821
8393_1,0.08173272507380312
5847_7,0.9946783169806189
4470_4,0.010646346032768605
6922_3,0.003309004749709025
1094_7,0.7279057811099929
10740_10,0.9777988848740766
4933_8,0.9712772797906781
7794_10,0.999807463780489
7218_1,0.2855633851987976
12470_7,0.4622509175694383
2980_7,0.984849103755203
10896_4,0.3828732712858426
8652_8,0.3986474963217686
3638_4,0.11828319169871217
9497_3,0.7030282695135278
9266_8,0.9978679487424044
7392_9,0.24191548039453367
10_7,0.6753404491921348
2466_7,0.7415756692054709
1612_2,0.22496630162972367
10262_7,0.7139557784908823
2193_4,0.46552518497820883
179_10,0.998730171253642
6025_4,0.8229382495800075
7633_7,0.8929224893539731
9716_1,0.0012107401570016568
9487_10,0.551237741904342
9800_9,0.9939709878423792
6424_8,0.6011443099638177
835_4,0.014365454540366116
11351_4,0.7856763468587274
5508_2,0.09779132737826284
12395_1,0.13755800135245905
11986_7,0.9163982021269252
9947_3,0.953902529946111
11529_8,0.9004497989726123
93_1,0.4140943455220751
9914_8,0.7263618176091554
7953_9,0.8250991484122602
9418_2,0.008245046224415653
9089_8,0.6869607186960461
10337_10,0.9960323191334571
4440_1,0.18391685348455789
890_1,0.005690977665927475
6965_3,0.027557658822293267
6540_7,0.9527677139009602
7693_10,0.940673627746288
6470_2,0.13238009258769262
9262_3,0.0787370537243661
1901_10,0.8436849360498786
5107_10,0.9954487263339055
6013_3,0.7170081016049173
9295_3,0.09119414764914714
3450_9,0.8719171637387121
820_9,0.7184676737430975
3207_10,0.9693817375055803
2620_9,0.884533938214277
9175_1,0.2792723513294329
3058_3,0.0007123079435912786
4648_2,0.06337401735805158
2012_9,0.8905601149512204
8131_1,0.009645124564386277
4808_4,0.0051610166500256896
9182_7,0.9983314036886352
6829_3,0.03128303296629549
10736_3,0.35715949998081153
12347_10,0.9429666395262624
9973_9,0.9928668638414626
5320_4,0.6650261336478882
4462_2,0.04193157840430736
2573_10,0.733687267572393
5580_1,0.0021210647548761054
11771_1,0.014104334926874532
10782_2,0.9114204978226351
7719_3,0.0023484790982857117
1897_10,0.9678824277577003
8797_8,0.9758994926518654
5464_10,0.9733611462627499
6480_1,0.009829942837771572
10346_4,0.013690344916433771
9386_7,0.797556725890696
1027_4,0.27968113488213164
11905_10,0.97502429050132
7804_10,0.8120603143506233
1491_1,0.28637304889860454
6521_1,2.45547641941609e-05
11835_1,0.005104651532337996
9661_3,0.0008967168574877484
9476_7,0.49772558380586707
1398_8,0.5367839247593186
7373_2,0.11450956748606209
10278_7,0.9965632845779899
1422_4,0.19931847894025928
2823_1,0.0006979101712672577
2691_3,0.11474416949008781
5825_4,0.09842998112253482
4113_1,0.4446248402989858
10081_10,0.3768212157120498
6700_1,0.01806633429483466
4482_3,0.045509460696592
652_8,0.9744538670751517
5364_3,0.07529170858023222
2853_7,0.602769848377609
4328_10,0.6789531273624244
2636_7,0.7204188145627587
10850_10,0.9917877934142619
12059_1,0.013545144785675608
4135_8,0.9137648844260755
6311_2,0.015323459248842774
12379_3,0.00722282516539894
7288_4,0.02397141563922483
1463_9,0.9818164608561192
2112_7,0.9546390242346319
3942_8,0.32730326530921316
7693_1,0.17170505053795726
2451_10,0.9992092578311084
11441_10,0.9720010943458571
11331_8,0.8405277070543455
7233_2,0.008890732353628767
649_2,0.28389272955429706
6388_10,0.9323112535940009
3861_10,0.7130106856075985
4188_10,0.9305390445600051
10556_10,0.9976446585044804
5855_4,0.23131289146137218
7153_2,0.08295211449934103
9710_2,0.24168007418593204
7607_10,0.9988508029571654
4534_7,0.27634249734639227
11074_1,0.0016093491821710466
9650_7,0.7556107190563446
10921_4,0.7202042731963965
6121_1,0.2104238609844182
10458_1,0.04547168352917465
9602_1,5.8715825686764855e-06
9693_3,0.6934147373689605
9188_3,0.9157919518338107
6333_9,0.7076933887354059
8905_10,0.9876144265153853
1335_7,0.6198728105819994
11513_10,0.9103003088865161
6925_10,0.9889613075046986
10928_10,0.9869085566111313
12454_1,0.09296763881799612
6286_10,0.4824591864060469
5163_10,0.7729864078796903
10200_7,0.4119626908930457
3501_10,0.9898927524988818
6574_3,0.21665029948726547
5169_1,0.4337720676223301
2640_8,0.927257031630914
7117_10,0.9676986485976031
3569_3,0.5159257332662598
9810_10,0.03775998887800965
2080_2,0.10604121069995137
3437_2,0.015318764669520589
7503_8,0.9991499995635341
3753_3,0.2264484628146442
10868_1,0.008134512495201628
12385_10,0.0395831509945594
11870_8,0.8829097260677491
6694_9,0.9451679501723043
11824_10,0.9947480595020595
1750_4,0.8126309815305136
572_10,0.9032380220303254
970_4,0.41492335741562336
12211_10,0.6237472554840412
6972_7,0.9514337723514665
1554_1,0.4537785741094311
8868_7,0.20191500694308176
501_1,0.03127145559866843
2023_1,0.005883849751043479
4272_3,0.10011326735508475
2536_10,0.8874787415607731
2819_7,0.17299091256128166
1810_1,0.061117127833101755
11364_3,0.17289577906928277
6086_1,0.006434041645398991
1901_3,0.0018414609748577649
2847_3,0.35277176869687044
6224_1,0.030134670067147325
4305_1,0.012704667594910726
3685_3,0.02351531817044471
6292_2,0.22103132411968013
10626_8,0.8896261778187073
10721_4,0.5395757818768447
8086_9,0.9999171749663925
7886_8,0.9718766304299391
6601_2,0.5214713340621069
3806_8,0.696436180350161
2611_1,0.0018892257074210697
1696_10,0.6852871404903078
3823_10,0.21679714265814093
6917_4,0.004649767749662966
9469_4,0.3233643951266064
9498_9,0.8608906482606687
11046_1,0.012440365768144439
6519_9,0.9984656625305978
10676_8,0.8577888964338654
3139_9,0.5745255206774925
1098_9,0.9855304970020989
2588_8,0.3839636341046837
9924_1,0.09735610985391793
2131_3,0.0587979153511061
236_3,0.9667972289686735
5390_2,0.1420686920144596
11292_10,0.47423553517276074
4149_8,0.6673570913950175
610_1,0.010566787321242036
10184_1,0.0043977240560317465
9123_3,0.2749287109314671
3220_3,0.24146660090619979
9124_2,0.05014434636598912
9103_1,0.002599827383068607
2896_10,0.976562179419748
8478_1,0.0009116378598043486
11845_2,0.13564772752865975
3646_1,0.5885716978330252
12254_7,0.8810606405711499
857_7,0.9897124358357178
592_3,0.1824706996069215
1276_9,0.8957260944682962
5096_10,0.9988959138759592
10725_1,0.18835362694464763
8426_4,0.6555535054207378
10244_2,0.02105467695338898
4786_9,0.3762908124590857
8358_7,0.2833494625521739
5266_7,0.8961020391543641
3581_10,0.6342688293986027
12349_1,0.5023369736501109
3429_4,0.4115408089314643
9807_9,0.908785829443818
6631_2,5.341611115847484e-06
4981_1,0.0047696428691354825
273_1,0.08728124306991308
733_7,0.3723720299142046
4982_3,0.0162184183073651
2347_10,0.7392599582572097
6263_10,0.9147780420189002
3699_9,0.38726689238603945
2270_8,0.9523817181882932
8095_10,0.9992879460629832
3347_8,0.8976149756803109
4161_4,0.6824982451713056
3331_3,0.004759343565450366
6845_3,0.0003677041580168644
9272_4,0.37514825161563603
997_7,0.9228959174908274
1798_10,0.9952397692147179
4262_10,0.6899673330373821
4868_7,0.8079562255237573
7487_1,0.09342962807226537
8262_10,0.9853434614373439
12397_1,0.002577721775238292
4786_4,0.03878128322769766
3240_9,0.9028962641125213
10992_10,0.9874993215123479
8209_1,0.012289843408515674
6089_10,0.9914715229361274
9735_7,0.7964576615252701
2554_4,0.0004135982423697573
8995_10,0.9642710794575967
5732_4,0.5029084016102723
1088_8,0.8620196180140751
12345_4,0.36324519000219074
9364_4,0.22898500827150775
12348_1,0.46730234481277994
3311_2,0.002877036634035238
6707_4,0.23867479680620282
7048_7,0.9393952258976129
9736_4,0.26853191741789645
2975_10,0.9928353197935069
982_4,0.15121466382076335
3227_4,0.019572701687015377
5185_1,0.000630256360128032
2131_8,0.966742061830339
6941_8,0.33355116685921854
11936_8,0.3393356794894357
2383_8,0.09700330750938893
3057_9,0.9929831538406877
8058_1,5.470514359562112e-06
4622_8,0.4816049123647377
2208_10,0.7472372657028452
12144_8,0.9488535262075589
2737_10,0.9871376540032876
3550_3,0.3933741772885293
2789_8,0.9999738918068796
11757_9,0.9997330364309319
10676_4,0.06478132335168627
2855_2,0.00037903652308489443
2740_3,0.07187274440637342
8609_7,0.7088794252120086
2147_4,0.8407763295606215
8093_2,0.004847262616700402
10335_1,0.17833797655119574
1098_4,0.09505140171122602
6255_10,0.5136103676359569
7276_1,0.06722495653683774
11301_10,0.994639488313145
1334_3,0.008044565531302434
8983_9,0.9199423146311863
1694_1,0.02964757495660829
9658_1,0.0025329554544924744
8438_8,0.6996974185246695
536_3,7.519312914596672e-05
7074_10,0.9998724692205436
1992_2,0.08741838868244946
5040_8,0.9932899491403178
753_2,0.09326277511535358
7967_4,0.5720091912980291
3763_2,0.7384860481355098
3953_2,0.06816768571199207
3351_4,0.6713094571642242
1704_8,0.974474031181065
6817_10,0.996683415288256
11914_4,0.26497361732920693
12071_10,0.9162108326736724
6969_4,0.03006947363910109
11992_1,0.022145583331729696
11532_4,0.13885891536911077
5253_9,0.9569346104586539
5596_9,0.9822304372822499
6560_1,0.0015399228484162927
8082_1,0.0075392108575057645
864_2,0.009115598404533312
5929_8,0.3093637331655701
10217_4,0.15255204438386621
11277_4,0.20718438688839713
10701_10,0.02060954410691137
1245_8,0.9996912096877382
10024_9,0.5801443550996057
3344_1,0.5674252708570978
12006_10,0.9770943687018407
1031_1,0.013208926949755055
665_10,0.6032269560238053
10460_1,0.03668928431903932
7038_9,0.7510456406707302
7843_8,0.8849885404980322
5095_9,0.992502488198269
11426_3,0.034466537439631136
265_9,0.9699985256275676
7163_4,0.0045568988307318654
77_2,0.08439516272635003
4709_10,0.9793465771677151
11151_9,0.6251680490574772
2269_1,0.38623012172468246
820_1,0.002898662088101056
1451_7,0.76149172738725
281_1,0.3741014648420258
6598_1,0.005934530520412819
4341_1,0.20191528293188124
9560_3,0.00214514012124855
4698_1,0.2663440968029483
7408_3,0.048164210923179004
11729_4,0.008936940245064605
11489_3,0.05155725866378961
9711_1,0.0009941180373775815
9994_10,0.9932953611607173
586_8,0.9013480327613418
8047_10,0.9856776999889388
4531_7,0.8555480325956574
1293_1,0.00011618227237452927
7581_3,2.8339801725698847e-05
5129_4,0.6393510852679889
1748_1,0.08309758689030984
8155_1,0.014504715323118067
8827_7,0.13613944915748516
6616_8,0.9939523115586995
1040_9,0.9972402467561389
10942_1,0.3356890919510939
5306_1,0.010097873541081328
8168_1,0.04118065695889449
291_9,0.9448459415544362
383_9,0.9231046345741939
11908_9,0.984265691873641
7898_10,0.005737876139657294
4043_2,0.0001390946694827486
3376_8,0.7454155561877774
3067_7,0.6923143342762845
11496_8,0.5558630134989608
9885_2,0.4254281002916684
3554_10,0.8738924930231131
2986_3,0.2884787102843054
1332_7,0.32765996706405703
5585_8,0.963408066938437
5981_3,0.0013222728277888494
1556_1,0.0002549362557775439
8523_10,0.9441640388400246
11792_1,0.0005558668028906491
7610_10,0.9922345846261188
12114_9,0.6022507948048278
8589_1,0.004138672920676649
3898_8,0.9993019332411541
5101_10,0.9995516689977224
9607_1,0.8256634400624147
6673_8,0.9988022047839747
7662_1,0.0976936989207974
2241_1,0.302203515172672
6674_2,0.003552476233556663
7797_1,0.12381300863174208
6400_2,0.017435167243534763
628_8,0.6726966696866868
4898_4,0.8591598914712661
11592_2,0.013727233036677704
1311_2,0.016574476890272007
5494_3,0.38624374617144924
7067_10,0.9520952339228318
11267_10,0.9999959707124897
6797_10,0.9647170314237348
9987_1,0.011346928112761239
9740_3,0.03907907437274454
6743_1,3.5060634079508056e-05
5302_1,0.002113320665301784
8464_8,0.5781040876441251
7846_4,0.3868453580684645
5990_1,0.00017696059651252366
10889_2,0.004255742203284238
11406_8,0.2689069405720968
9093_4,0.055965598438935914
8501_1,0.03723718548617009
8431_4,0.3123393855660141
8076_1,1.0095601445976821e-05
6831_8,0.9318159226814694
984_8,0.9998336389935164
369_1,0.014741134730179826
9668_10,0.9906416741233167
2972_10,0.999625897589691
5611_1,0.021846631744294732
659_1,0.0025196193701986936
6360_7,0.8992790388733183
7628_7,0.16076268222493115
5311_9,0.7233096509108758
2005_10,0.7660821918842737
5396_1,0.2945863245023588
1308_3,0.00046621463684814356
4737_3,0.1980760448780908
8042_1,0.01814802212084362
11585_3,0.05190517445667752
1182_2,0.00902706896615764
2581_9,0.9243195985447346
10496_1,0.00547960881935176
3561_7,0.9718222802214783
8272_1,0.030057871658870403
6571_4,0.2702646509909986
3125_7,0.8572570010497289
9120_3,0.023701050003636443
12220_1,0.011070266017219083
5783_3,0.7346023397855272
105_8,0.9621289035425297
11885_9,0.7177785328714569
11317_1,0.02278778326703252
7999_7,0.8969870037353835
5800_7,0.839304850727172
2811_8,0.7696772548277123
7381_9,0.486400942844805
9828_7,0.30612165142178976
7849_4,0.6576439598879154
8174_4,0.7067604449059547
9320_1,0.014153527418484288
5747_7,0.9830092001637822
11097_3,7.9029206873383e-08
6472_2,0.007827200491262084
1200_10,0.9254552605054558
10125_4,0.22552450570743993
5422_10,0.999060376354079
9889_9,0.9979181945797664
7370_2,0.1823748560849453
696_4,0.36715140570654964
8609_4,0.05721590359131785
11850_7,0.31515618218023606
889_7,0.562210284421341
8695_2,0.0019500132569030928
4944_1,0.011460517327426414
6899_8,0.9804785915928916
3388_10,0.9878124875955686
1051_1,0.028289364603750963
431_2,0.0261309973839273
2353_1,0.5447770814434774
5131_3,0.03741659864722109
482_9,0.8091717826613323
1283_10,0.9222890060172402
10884_1,0.002332008537300415
221_9,0.725284766565559
8688_3,0.028147870239942734
9891_10,0.9862356679394813
705_10,0.999993481722061
5604_1,0.011456436741066544
4960_3,0.05457983219141988
12439_1,0.001173487346601969
8897_1,0.00543979559744185
3549_8,0.9957356208707173
7301_7,0.2409134801518236
8183_3,0.9223806152400056
7751_10,0.9280570487932468
9084_9,0.9260389486141997
3048_1,0.0015631655529573588
8443_1,0.0011678915505917043
3373_3,0.21500068481076628
3867_4,0.8276642625104188
604_3,0.00036818549391680035
2162_1,0.056913281925055695
4367_9,0.777482760441353
10255_10,0.9974991134235325
1909_9,0.05682892282640993
1446_3,0.007420956036048
1247_1,0.044222162095388845
2703_1,0.03540079624406524
921_1,0.004224937873011416
156_9,0.9414797494563116
7516_4,0.3136309914560278
6155_4,0.3136781958370454
8991_3,0.36574928773342863
3813_3,0.07472141769079373
551_4,0.06183546104632237
12326_1,0.0013660734999905721
5102_3,0.9707424219014684
10901_3,0.004347042145478604
1517_1,0.02247273597232316
8762_10,0.9767915742926322
1282_10,0.8116393059102213
2531_9,0.5198572491033925
7764_8,0.9990599544987029
2906_8,0.9859718709188493
6730_7,0.7259979891130569
7749_9,0.9898584905731406
7765_3,0.2640772710918474
12412_7,0.6187063267307806
582_4,0.02240440117808243
5792_1,0.4381363166225541
2174_7,0.39063037565151704
7605_10,0.9970964979874511
2721_1,0.3032085152600985
2151_10,0.9912215576421071
8152_1,0.00042489584054202276
6488_7,0.8483757194725519
9446_8,0.9077508409806688
10617_8,0.9705353961078366
12455_2,0.37090645880189543
7377_10,0.9565288500275361
11891_2,0.04746341205940792
4319_4,0.05723723017826496
1050_9,0.9639527382119117
9109_2,0.03306995543032677
10500_1,0.010248291241943267
11749_7,0.9598761537139464
12250_2,0.012280101637917045
1193_2,0.7561142868163557
8313_8,0.9507059247296962
8918_4,0.007646999258339247
7122_10,0.9890132237616942
6210_8,0.879514647946088
10050_8,0.9734782842857247
4921_10,0.9999636534142124
1857_7,0.8617122775663811
9718_10,0.9996812322806529
2482_1,0.00021561789698963177
2624_1,0.02664524890409143
3284_2,0.07613858385321635
11435_3,0.6632235422733095
10971_7,0.9323002051889901
2606_4,0.10744222424607769
7540_9,0.9757858216272106
10929_4,0.9306595084967684
8566_8,0.13739529084533977
4693_1,0.0021758134860504342
1281_2,0.7537195040148537
267_1,5.4926273632464745e-05
2133_10,0.9687198635459215
6762_8,0.8435861185485327
1043_9,0.9978522180853218
2812_4,0.01339501515209086
6981_4,0.0003548342926995726
4038_9,0.9175442143276358
4256_10,0.9572863687215539
8206_1,0.09392823850757885
2060_2,0.028556326375182642
7372_1,0.0514335060079811
732_3,0.012374337258305432
5367_7,0.9531725103093992
9765_10,0.9999944110780344
8843_4,0.20021549944990122
9723_10,0.999985141154126
11966_8,0.7248778291457998
5087_8,0.9849659596043148
9379_9,0.43090873468680113
9615_2,0.001281982826079321
991_7,0.8649795420744137
4461_4,0.060708324061075736
5857_1,0.27928850815327105
2358_3,0.4185873275262794
5247_10,0.47620225178708686
12430_8,0.6242891995630487
5943_4,0.07959331258790872
11917_10,0.7989938912223709
4144_4,0.16770731712822784
3128_7,0.91337951073229
5152_10,0.37092664827362926
8028_1,0.012199124500176543
788_1,0.0002460973584831821
9552_2,0.19838073192853128
12051_4,0.15999368975805728
701_4,0.1497576731715772
5738_7,0.3918443868735931
5953_1,4.5915603208618775e-06
3694_10,0.995390912085868
12371_10,0.9745061013620349
650_10,0.9943403745501656
3772_8,0.863085029214844
3919_9,0.9479775514071478
12420_10,0.5526555757973103
6164_1,0.010486721072554455
12202_10,0.9400785716069416
4142_3,0.04734785713841916
285_4,0.4654273121097218
9190_4,0.01781198275569833
9297_10,0.9744804751671524
2857_1,0.05082015300962469
5576_10,0.9695978483701068
7603_1,0.0003106034041675082
1987_10,0.9006528813039016
6978_1,0.0048528333422351395
2390_3,0.2586808805348233
662_4,0.0011384584932094238
7957_1,0.5844856547383954
3009_2,0.22875708623954819
9574_1,0.0002950542778644398
703_2,0.00021345766730031365
11871_4,0.012895349350464906
8056_2,0.13774241237395482
11468_2,0.1410415665129271
7549_10,0.9953214562483155
4506_1,0.03294886537328676
160_1,0.02077652844698414
2400_1,0.054739466875517846
146_8,0.8262125191655398
1174_7,0.9412000931753347
1623_2,0.019441083447973066
2909_1,0.0007641080779377426
9284_3,0.08044956442696004
753_7,0.6701567085756224
456_1,0.046727709166965725
329_1,0.04599259786332412
1996_10,0.8067898349730168
7468_10,0.9280849222077374
11219_3,0.833507482896011
5749_8,0.3287433481294167
1563_2,0.017419652627850925
9713_8,0.5505024693523708
12467_2,0.3028663996037854
5686_2,0.06562922109076533
6424_2,0.45012306056599044
11137_10,0.9998909216345871
5613_7,0.9589890800498873
2113_2,0.02536094019003268
8623_8,0.979310825271312
2086_10,0.9755370668343996
6846_8,0.8010715876309833
3230_2,0.0012615656961275207
4973_4,0.2875697356238143
2935_2,0.07692260046557771
12176_1,5.5296113350579045e-05
6272_9,0.3142801027496556
728_10,0.7023389357507823
9843_2,0.017775757909225743
4897_2,0.09754711065017857
12121_3,0.08755865368065967
11934_4,0.39293845926814513
1453_2,0.001116481409555078
9676_9,0.9605651885334869
3072_10,0.9894557221620113
6667_2,0.8689672872952708
8932_9,0.9946100376677068
9452_10,0.44678292055344576
953_2,0.4780645877617236
3268_3,0.24883554756562595
6276_1,0.009547039657603222
2522_3,0.08466874459450788
2630_10,0.9999541720393276
2031_10,0.9397273896652435
3754_10,0.6838642158847869
10791_1,0.028574421252664104
7755_3,0.06611938745374883
11180_10,0.9986780584467484
8020_9,0.806494301544746
3767_4,0.9020951080044215
3519_10,0.8981334256380397
8180_9,0.9924272802768794
11639_4,0.11236203931600314
7540_2,0.004476577616673274
4746_1,0.00986769475790816
4027_1,0.00011893651721851886
952_1,0.4699504290905299
4070_1,0.30811761618571726
8346_1,0.20064941330425604
1499_9,0.993935437477038
1601_4,0.01270424135647232
1698_1,0.06603009934991538
3055_3,0.11404387673255402
7744_1,0.011633463380622872
3183_8,0.9751013186860231
9482_1,0.03304829988806089
3712_4,0.025389502767603475
9260_4,0.9258281908357159
10042_1,0.02643544686289845
3873_3,0.12521578436136757
11273_10,0.9761179937775469
2918_1,0.7553068305812691
1292_3,0.027445943946759893
1837_2,0.17820425240008486
4650_4,0.007536102181140801
8686_4,0.12076766482452264
11307_8,0.927934512970126
10044_2,0.0019605952919560486
12035_1,0.024593973839743568
2259_9,0.9842238154953254
6582_1,0.4865625021458785
10194_1,0.001958718355736643
7932_10,0.7516242539531852
8064_8,0.9163364563242706
5017_4,0.6652415686557346
6456_9,0.9998608882393767
10768_8,0.9588043946034933
9479_10,0.9785112960693997
9734_4,0.1896976483996001
2245_1,0.09943801515480949
7275_3,0.5395958490402999
1193_10,0.8850708981444038
3883_4,0.06931403676571644
5456_3,0.4640765623966497
10014_2,0.7439135503533522
8045_9,0.9857535378874439
9093_7,0.5933568498024657
9971_1,0.08636023629858831
1052_3,0.22372442573738746
10952_1,0.02529757335793189
3449_7,0.6559341005292956
2488_1,0.753737250698508
8422_3,0.06892763610823247
1541_10,0.9893368291294456
11863_1,0.03315538030508824
10102_2,0.41631641495856847
3838_9,0.9909329541687024
8538_3,0.2628437122364838
12432_1,0.000991955194316637
6339_10,0.9921709304363191
1860_10,0.9875197999304189
11402_1,0.09231151688222602
10770_2,0.02500197141947644
8046_8,0.7894800715761958
2748_3,0.8701759276473332
361_9,0.9742207699489098
8427_10,0.40203056178480917
11792_10,0.9836320046160368
10331_9,0.9117023335156741
3506_1,0.0014470285529680296
7374_7,0.9946448787407023
5658_9,0.5492678690677997
7170_2,5.0974879924152866e-05
6144_1,0.05229513220270573
5035_7,0.9940591072821217
4566_3,0.07043666851727574
9544_1,0.01638915040070359
1959_9,0.23526913639121466
2390_9,0.983201974324374
4960_9,0.989589598423333
3425_2,0.006788733201653721
4000_10,0.9520591176584119
12418_3,0.11719499175207011
9771_10,0.9957482175932689
621_7,0.8986574723966706
3510_1,0.027652252163217934
6893_7,0.08166049765323848
3680_9,0.9942422618517983
3118_9,0.9929870264644378
5433_7,0.7894850453917568
8381_9,0.8600767170022903
10205_10,0.9994272750597958
1437_1,0.00949784915817023
5675_2,0.27764123410799246
1597_7,0.41635700533242137
1549_1,0.17463584231734838
11391_10,0.8633972026421458
12101_8,0.9312203961211379
9356_8,0.8771027146484297
10128_1,0.0047090389256322866
11249_4,0.0010249624781405193
12441_2,0.0016114331088780834
7486_2,0.07008872372279493
4905_9,0.9393324712169475
5441_1,0.1246272966463564
2613_10,0.9371921365126196
10351_3,0.00039530170020271203
10459_10,0.9904832065757853
2565_8,0.994322657570537
1338_1,0.00021538122977819216
823_7,0.9714987359988342
8924_7,0.9656740201718202
1382_10,0.2281098116753737
4150_7,0.4620880885665363
6004_8,0.7135547087071348
2508_10,0.9834238057008419
10935_8,0.9641038795502284
692_7,0.7306022221049445
7778_10,0.9699892346390869
2016_10,0.9885389288380213
1042_3,0.022431612371486127
7823_1,0.0022723913074441365
149_1,0.167445539022871
5551_3,0.11285072806655516
366_8,0.981073451953366
3483_10,0.9946302269737156
278_1,0.0244514115015198
9951_4,0.008256617699283368
2731_10,0.9991330283381297
4403_10,0.9666877168652355
5307_1,0.013678353943110405
8185_9,0.9956280596744947
11059_8,0.804769399807757
10273_10,0.9920529956690224
5336_4,0.08559409141113326
5147_7,0.3921257091491005
1525_1,0.010537147314125063
8507_7,0.24080169030681275
8501_10,0.9861030252616204
2424_2,0.3233521032114079
8959_9,0.9959337611577601
11318_8,0.9201929620743383
1270_8,0.918513194421309
1655_1,0.14134213536588705
10161_1,4.920231157791814e-05
8531_10,0.46572483755791116
9144_4,0.04880150740732533
1201_2,0.03978616958577231
11822_10,0.9936702515363147
11486_3,0.018819194430144005
8038_10,0.9995953458094288
1981_2,0.4021010990218483
11901_10,0.9938575108020878
5441_9,0.9725172078545256
11709_9,0.9538966702550922
9333_8,0.9989715635761764
7881_3,0.51615045603222
2815_9,0.6879294121275035
3251_3,0.19222759857063135
1792_3,1.831237361071701e-07
8625_2,0.2528018874388239
4221_3,0.22350973259052428
2742_10,0.9907047766813255
11118_4,0.49082452006738847
11613_3,0.012691205310168971
6104_1,0.09693015673828577
3046_1,0.0017623241925929028
8729_4,0.7796725023681313
1827_10,0.9353176922459514
762_7,0.23503789929621574
8855_2,0.2356872635335974
7573_3,0.1439121305891202
8616_4,0.00988728949729533
4830_7,0.6970290381268158
6646_1,0.23355176433793448
8746_4,0.1975669638242961
1875_7,0.7387924018174309
1221_10,0.9987546071066663
11842_2,0.004325735633769916
3002_1,0.24923912837212972
5776_1,0.016294672738941102
5479_10,0.9567129004358943
6034_4,0.06615180086622097
10984_1,0.05786296575773077
12043_2,0.0030183888806735253
4961_8,0.9958607828726386
9601_10,0.165150080731149
2216_4,0.07793586110336216
1189_10,0.9674811831808666
8461_4,0.13842631976673442
2575_10,0.9766165393059243
3782_1,1.7989831683456238e-05
8927_8,0.9582515215533931
7006_4,0.0037994058769136676
6103_7,0.46745171420677356
3218_10,0.9964392620528656
797_10,0.8839998602795305
76_4,0.2115284546063213
9497_7,0.7532641473026636
9637_1,0.14480583087467896
1070_10,0.9824071227890646
9732_10,0.01652338049640498
8144_3,0.026645444687040568
6247_10,0.14974114106943232
10230_7,0.9082664410071414
10731_3,0.18718090289047223
740_8,0.6371692759416332
2145_8,0.8667842612120874
834_8,0.9897182214353476
6621_10,0.9734235720103147
1749_4,0.04062969551830723
5730_10,0.7911424556154796
11167_4,0.010629645814313516
1106_9,0.9494755999116596
8152_10,0.9446469167899962
11968_8,0.6738496533758284
7728_9,0.7358693529577544
237_1,0.0002950021637148029
10754_1,0.19018612958422865
1055_10,0.9931332749766243
65_7,0.9300988199293139
4092_3,0.1857208664020478
3337_7,0.7783479694321159
3163_8,0.7584209482582643
7645_1,4.796843639356743e-05
10883_1,0.029122746922461154
4597_7,0.8637063116518651
11850_1,0.029069737770268795
1025_10,0.9995916232218196
11908_2,0.10810982092878448
7838_4,0.32732760291294966
7725_7,0.8923604105537258
8146_9,0.9841660251679462
3741_8,0.9961086370065552
323_2,0.08883007526205128
8244_3,0.012527058206385507
4593_1,0.0006622132684008945
6902_1,0.012959196689798618
1791_1,0.06556904303825727
11490_10,0.9894988147229175
4200_1,0.04404576503409244
1611_2,0.3263058847610474
3215_10,0.97476791663728
5864_10,0.324055271463106
3776_1,0.03993821648799493
6356_9,0.9912605819263693
9139_10,0.9946608569623511
5115_10,0.9981045322777248
3064_10,0.9999273075061845
149_9,0.9855555363420463
2873_3,0.49460813231152717
3790_1,0.026873645728412332
3136_9,0.8531279479727709
1696_3,0.975874737289318
4961_2,0.544985811260898
11918_10,0.9999754480344549
3663_10,0.9998839540697845
8115_3,0.20596132285617466
3690_8,0.14959880801413397
11431_1,0.012736356031566505
3830_10,0.87167043893024
11896_10,0.7116139809898505
8753_10,0.9997770282827224
10121_1,0.03321360551015652
1142_7,0.9682382464949002
7188_7,0.8075267284988533
7044_1,0.00022549079277953452
11750_4,0.011313499823109155
7688_10,0.9934696718816225
12292_10,0.8614494837616471
5533_1,0.30431174701744024
4147_4,0.09969950382359909
8515_2,0.013450515139180027
10756_3,0.016745452081249675
11899_10,0.9913262202467366
11867_2,0.07634858775961828
7814_8,0.985759346522588
1855_10,0.9978692141302533
10357_2,0.06793646207208504
5218_1,0.3806241913700373
6641_9,0.917514553154054
5777_10,0.9440177401991903
11982_1,0.07819575448216648
10980_10,0.9934964122772167
8585_8,0.7736904059503668
941_2,0.0009089845898951903
1697_7,0.8677571576190599
9872_8,0.9558180659055543
2377_4,0.009059564399829292
2033_8,0.8318074933461334
5864_1,0.1780833438275971
4295_7,0.9918449951563693
2610_1,0.007499098573202614
1730_10,0.8702530864665298
11095_8,0.6255939912531641
1699_8,0.13799156953716185
344_9,0.9673348310011965
7136_3,0.015990193736375145
2402_10,0.7133989907452769
472_10,0.9173837624556092
170_7,0.6360731483588664
7019_1,0.8495075156471554
11798_10,0.9980375932536372
7549_2,0.10682974223138968
8414_10,0.5469966320375147
573_3,0.17901234764316695
6678_1,0.04875437629192236
10002_3,0.18803558828883665
3905_3,0.4421835065602279
1849_4,0.04193055984984104
7959_2,0.14429302545683848
597_4,0.2872067171437442
2719_8,0.6974145132432851
10519_1,0.12948226699959117
6112_1,0.00043500875811111373
1322_9,0.9922447836049115
12415_8,0.857011570954416
6727_1,0.084262132662369
12393_1,0.2144200072037136
8545_9,0.9916060844220073
528_7,0.9979774421175991
12267_8,0.9980752732911272
5842_10,0.9995135731843637
8471_2,0.03370955181443855
3912_9,0.39111088802001714
4831_8,0.8294515476721842
5767_3,0.013731343944661077
10631_9,0.9638573609816904
8069_8,0.9501294852812938
190_9,0.9694910463087679
12343_7,0.6731698775146896
645_1,0.0005406949803966746
10326_1,0.04070936111663932
11271_9,0.6785155899630319
11808_8,0.9919289048335513
3200_2,0.0006978814056730607
4518_2,0.0021845503342322104
8307_2,0.29304731416730734
2057_10,0.9958379867099941
3705_1,0.012065355558411837
11581_7,0.7977479727447785
11777_9,0.6915315793957661
1367_3,0.7549922413215857
12248_9,0.9987575838233065
2994_8,0.9518172367938207
5170_1,0.05352694177135729
8781_7,0.7145899404679853
9137_1,0.04222495941012938
9970_4,0.08343194719517952
3412_7,0.37456802611168816
9399_1,0.0007007547952764892
7917_8,0.21249440671454392
1157_1,0.1001946967754676
12489_10,0.9902286186359179
5365_8,0.7938389657575952
9295_10,0.07550537221867318
11505_1,0.00015815430117808527
8647_4,0.17843563880071042
6609_2,0.007562628909185512
6859_1,0.44152448339202643
2436_10,0.9593944482218737
4255_4,0.43243567460435917
12347_1,0.09527522991094245
4237_4,5.348340933632788e-05
11687_10,0.7608902515651774
2964_7,0.6652044853358247
2836_4,0.0020401784977834886
1944_4,0.025394743138125616
3218_1,0.3669557027684861
2752_10,0.9998743001604471
9994_3,0.06391767354643446
11566_8,0.9986125727591258
5741_10,0.9857263580018143
7127_10,0.8089565254887952
11864_2,0.0016953777410763733
5159_9,0.9855730327371616
658_3,0.6966116713715945
10177_3,0.02852393342382562
4843_1,0.017859070790929698
1441_1,0.6750250205881421
2741_2,0.001598339122473565
6045_3,0.22823920819305799
7020_8,0.9986211484973128
2120_1,0.0006762868779197643
2336_1,0.0017358971495854685
10167_9,0.7458328879699679
10251_3,0.22164075394356933
9335_4,0.12795705775162364
6670_3,0.3247638137647996
9937_7,0.28676149376278176
3258_7,0.5268686145960241
3234_7,0.9842195145868885
3601_1,0.01520105356996945
5635_9,0.530790638817545
11427_7,0.6307152973728994
3349_4,0.10006710497125387
1334_10,0.7868118641026776
10474_10,0.8751722562026799
2361_10,0.9999751009331685
1471_2,0.003949256612728122
10705_10,0.9003219222691109
10559_7,0.7295030348944904
3070_10,0.9592578544533165
10087_1,0.05472490727723064
1952_7,0.2934230210576262
682_9,0.7094776204243674
6576_10,0.9985600175726516
956_3,0.21306014394682457
3960_1,0.034583797921722635
62_2,0.00034770056084541546
3200_8,0.9980911858055685
2127_1,0.014173655560923721
6878_9,0.9946821606500171
1600_10,0.9215627761437715
11995_7,0.471497355300876
5239_2,0.026829638269749607
6018_7,0.528549832877462
9185_1,0.06197887277209082
4707_7,0.7477296527621656
12407_10,0.9984663836249291
5831_10,0.9586967766103517
2264_7,0.953952358119291
7226_8,0.9943450837216461
6337_7,0.6481884071559236
5047_3,0.3274049365023878
228_10,0.9651763487713338
4230_1,0.07464097175371667
4058_8,0.9996030685090755
5634_4,0.005613654632282861
11680_1,0.0017959190537890778
1320_9,0.9991031363707888
12461_8,0.9263177872895721
10076_10,0.9977925974587395
9170_8,0.977813424563895
4519_10,0.9602836574589931
5906_2,0.15735254376277952
2065_8,0.41938846950326825
8453_10,0.8338718659460316
262_1,0.008434857703208041
454_10,0.9833889749100976
11532_8,0.9982955157778153
8169_2,0.3228529585557679
6873_8,0.9024793150350066
10061_4,0.040146037490508414
11565_4,0.06709026342842926
258_1,0.006175550673458649
5896_1,0.0016753887774754743
4395_1,0.009680367055930807
3774_1,0.02031573920364744
12340_8,0.7170711094760475
7497_8,0.8684873049491438
4321_2,0.18693284245325636
6258_2,0.003059358435266086
3950_1,0.00032818429301695746
9998_8,0.9996465652822926
3524_8,0.738599250518951
2003_10,0.9830080886192379
10366_3,0.16889683700651673
2602_10,0.9942929163161384
8684_8,0.8972700832056107
12268_9,0.9555977946409953
4846_8,0.9221349674684901
5969_1,0.04708490402516467
173_4,0.0038303070409925885
2790_10,0.9821209204775474
2637_1,0.005405023399080339
10239_1,0.008995663775937711
5120_9,0.9975227830043503
3802_10,0.4026568650236235
6897_7,0.41784719259396735
8478_9,0.9977571247677006
2441_4,0.669288042308683
4827_1,0.09299343138828306
4326_1,0.007560404584377351
252_3,0.010744999576788757
7201_8,0.6695709387482198
801_2,0.07282822809464395
10008_4,0.12071326877761773
6740_10,0.9807968510961622
674_3,0.03969875952280528
6341_9,0.9896737638632304
1882_7,0.9987801489011433
10843_10,0.9803473779150115
1593_4,0.9378690059694165
3592_1,0.8005635691024879
4658_4,0.4030477456284101
2564_2,0.00991570377070952
7229_9,0.8674832573161415
4186_1,0.013613185747447841
10227_3,0.06658968890018951
4580_3,0.05743157922537155
10367_3,0.4838249367272329
10034_9,0.3255784590522513
6834_10,0.9999949726237432
11326_9,0.9601413749441315
4683_1,0.006623951835493787
5596_1,0.006526559424959881
4238_3,0.002886299306832102
11881_10,0.28722822314165863
11910_2,0.6065041916500146
934_1,2.27847229954044e-05
3660_8,0.9977992651312493
365_1,0.21815250887306722
3677_9,0.9986742118221593
6522_10,0.41576448241288927
3167_10,0.9568179518079166
6104_10,0.7758073467327474
2584_2,0.006793372006871941
4264_8,0.729542936835119
5648_9,0.7204132421113241
1863_9,0.9757408691247184
7464_10,0.7535369097665325
7643_8,0.9535843537871275
7030_10,0.9919346602726181
2768_2,0.00012529413359295308
3845_1,0.0008231541570422687
11590_10,0.8926575530269858
8578_3,0.07308333111908853
8733_9,0.9003907507963841
4099_1,0.06810985385782393
5810_1,0.037101013935068455
442_3,0.17833258217888723
1374_9,0.9380584908370297
7704_10,0.4093108459676747
4526_1,0.001946195016470834
2978_8,0.7044021933555344
3096_1,0.011529114886000585
1589_9,0.9913465872043827
11197_7,0.9892664752278122
6751_8,0.9750289034067816
10043_10,0.99885599443374
4045_2,3.982585006824681e-05
7706_8,0.7315333967740407
1876_10,0.8892598413777222
4224_9,0.9998626789589061
10833_1,0.0020895361031891173
11549_10,0.9664241109925955
7081_8,0.9970072296322823
6410_8,0.992843953689675
10609_9,0.9206855809535512
9910_1,0.09486223901205217
4474_7,0.9629031049780271
9775_9,0.8664177928455382
9245_10,0.9986600133379777
11514_8,0.9793110462561185
3182_4,0.14598205515976084
3127_3,0.18635302706278825
7311_1,0.06610073531014814
4266_10,0.9810882111279698
12410_10,0.9583337491318591
7548_1,0.010722397126273087
10446_2,0.16368240299362236
4854_2,0.07576772899888433
1152_8,0.6598650786307992
11660_4,0.047408734280063085
3452_2,0.013233549264791332
2401_7,0.8975177456905882
11703_7,0.9809008961210912
4053_2,0.01251108806216322
4882_9,0.9048755233229365
8050_7,0.24477539524879371
9053_4,0.17559566006369795
12313_10,0.9898984996952906
12085_1,0.05668913449577832
2130_2,0.005916372817618016
8499_10,0.8449052501376187
9230_3,0.8282207855909187
2697_10,0.9944852496794426
7682_3,0.08076985895268823
1473_7,0.4862783632395552
3124_4,0.017506111241861317
10694_10,0.9925504445504345
11541_9,0.9822558412054266
7033_10,0.9384652562790776
305_10,0.8066414251088713
12164_8,0.8087281804006031
7594_2,0.08528126900929364
2101_3,0.0020294863023874224
9579_2,0.00015035735498326473
1482_4,0.7823072685712571
4362_1,0.007826159028675297
1263_9,0.9062566508333202
2543_9,0.9954335201274653
8642_1,0.022286313046815106
229_1,0.0017722119221559118
12045_10,0.9993097769454896
810_9,0.9997965768124057
5188_7,0.9145095315466978
2690_1,0.08232357153623948
922_3,0.002183640207542148
10957_10,0.8011802103177951
9275_3,0.0158009239997011
7289_10,0.9999896976714688
1809_2,0.05286743090573077
11846_1,0.558231035544392
5888_10,0.9998818501021454
1506_7,0.3908113101075505
6255_1,0.002862832461537497
4995_7,0.9426577721680017
2423_1,0.028301938324683383
4030_8,0.9687903517279677
4839_7,0.9964318581606576
364_1,0.015564314132129895
3510_9,0.6168752369918119
2092_10,0.9612842545064461
600_1,0.01460800497218858
5490_9,0.9989871780827305
9442_8,0.49543675437931795
5330_8,0.9442409530995858
10858_10,0.9620792517039612
2746_8,0.9587315421028811
848_9,0.9448854215940853
6713_1,0.557104177171549
8274_10,0.9999834387985578
2507_1,0.1068289874546451
4558_1,0.0665304977595883
957_2,0.013839877475654513
11667_8,0.7398449870107857
2374_2,0.08568218085013125
8156_1,0.07607482092523625
1080_8,0.8460546534874251
11274_8,0.5911363548583223
12467_10,0.9548569751654858
5941_1,0.3070105592203888
6205_1,0.030282078467720498
4517_9,0.9704160851616982
102_4,0.42879656622505635
6022_8,0.9620792096776585
10054_3,0.19448092320719973
3907_3,0.009486846448549269
5232_8,0.7738004128290165
10064_2,0.13576037290657625
6529_1,0.0007222427067702504
11003_1,0.00024397973184370542
9151_7,0.8725588058489196
6612_8,0.9268855521604576
12189_10,0.8868680190936884
6510_2,0.037748935997260306
3129_7,0.569714251872923
7864_2,0.0008983502969709855
11603_3,0.34740282013878676
10741_9,0.9998194865240837
2235_7,0.43871582460858394
2125_2,0.16734662908141196
2050_10,0.9870905017155122
8397_1,0.26777203305858555
5275_1,0.4641520918893298
7755_10,0.9235714857600343
12065_4,0.022962542144896382
269_8,0.965017868118174
1933_2,0.5882941591625679
9182_3,0.7986134061689243
3153_10,0.9840661673777832
3922_7,0.8264768782582921
2674_3,0.07969410928474228
7407_4,0.030164721294850365
737_7,0.677212086880098
5223_1,0.08215474570202391
10937_1,0.0020933915899375316
9026_4,0.1274050714494321
1564_8,0.9612492995096267
1724_10,0.9758371673869284
1224_3,0.5665647413087228
8536_4,0.028817698721350555
11215_8,0.4439378800838079
3063_10,0.9940947433935325
9559_9,0.7078542192787864
5165_2,0.24753309075462515
9396_1,0.06257282255971394
6404_1,0.0010363152446851542
6019_1,0.9076784952050511
7249_8,0.7497965892654541
1765_1,0.02113544543387432
7685_4,0.6143371827301172
8196_10,0.999543804321656
11749_1,0.3554299523092814
1257_10,0.6630924263802943
3488_8,0.9571048486487708
8605_8,0.3148032079488618
6697_4,0.09195114139510406
11540_1,1.9709344162505404e-06
6262_4,0.1538491677148296
1998_8,0.08835352790845706
3019_1,0.030533617937050807
1087_2,0.002483666835749074
8356_8,0.6182312934789398
10036_10,0.9159649172612199
10547_10,0.8820241235093328
2562_1,0.1678760159633246
5096_3,0.11329084813755501
12128_1,0.13760143583355036
2574_10,0.9786305478724298
10144_8,0.9963298520833491
3678_1,0.0023050836846113566
2579_2,0.05254013587366644
6695_7,0.43052563434634916
1465_7,0.953474377211296
11846_9,0.3104625120533311
1219_9,0.9995799961393018
4936_9,0.999838707198499
12382_4,0.44983513334678515
8807_1,0.10736043791974856
7700_1,0.2761508134886224
4209_8,0.9549335621956071
10178_10,0.8188382336858244
9835_8,0.8480258256021415
161_3,0.2611908578005013
670_3,0.32539382504835684
7158_10,0.9667889177301903
9502_4,0.10438895078909646
9880_1,0.040174300249659615
39_3,0.08779239172908984
11161_9,0.820664653026294
12026_9,0.9966548283774643
4439_3,0.021311032600066213
8303_10,0.13244076233155674
408_7,0.9728110386528848
1065_9,0.9488481188454683
5188_2,0.037896775233478924
929_10,0.9983949957892001
4765_7,0.9741472230970577
2117_4,0.7636181371911245
6653_4,0.096989576609341
2342_1,0.009314623526863052
8445_1,0.00014026858711754746
1708_1,0.02876899827461483
7995_10,0.9592474024253228
1104_4,0.014534728686013788
3847_1,0.0013371456347618597
7276_10,0.9994172656430947
11269_7,0.38310176050150707
3158_1,0.25418216969438706
11061_1,0.0001233666808223107
851_7,0.27636441668732703
8214_2,0.25519454839754363
9174_1,0.06780360674655486
7040_3,0.2542934787408585
4082_4,0.3561165048938074
3553_8,0.7274770813488437
6733_10,0.9758031743983242
4910_3,0.7116281838541056
10149_1,0.006710696712532871
5609_4,0.23306159934054485
4174_3,0.001092617829042299
9213_1,0.419847963784087
2881_9,0.3638489079687155
1408_3,0.7093583267610293
10832_1,0.0003425958304207128
7216_3,0.11646868328302142
9905_10,0.9999502097245528
9050_3,0.07999886715781908
3789_4,0.08516811638544104
6490_8,0.7367235227335885
7649_7,0.8706291592063349
6901_8,0.9003680646619733
11597_9,0.9845941449002904
3259_1,0.005183835084688069
5936_3,0.3014433964973751
1214_2,0.26548423202879423
2840_1,0.007441963765167463
1956_10,0.9508802266446792
2392_2,0.09105475941934618
239_9,0.9887422633884102
6860_8,0.41788476986771816
1716_9,0.6321690912392268
9595_10,0.47550805342878766
1630_1,0.01898481360788896
11293_3,0.1512152486550407
8288_10,0.9892294924965649
6618_7,0.8340799533822263
12378_1,0.0022875502234900916
11560_1,0.013247714742425863
12124_8,0.9917319398954354
486_10,0.965403575175644
6654_3,0.061057114397261046
6915_10,0.7975007708754845
8773_1,0.050597395799246374
10211_4,0.10381230180343327
5769_9,0.9013065322539087
10038_4,0.0025649235602949235
3737_9,0.9992779642551597
11512_1,0.23695097618811214
8025_7,0.6001142575370402
397_7,0.5467559650621937
10670_9,0.9009828659800689
11648_4,0.015767652663305796
10361_1,0.00022677149632645727
12439_8,0.936588349437946
9958_8,0.7881203642469707
8659_1,0.07082952795920677
12400_1,0.0001659712038458525
10680_7,0.3975763247329083
2435_10,0.4993370630597998
5506_4,0.05723287156397875
9025_3,0.09999962460992885
5749_4,0.26169460724312654
5090_1,0.0029079001424440246
2688_9,0.8928425266553213
8397_10,0.6402618163259607
8610_8,0.16568384356775387
9398_10,0.999744756751145
5144_10,0.7109694700563015
10797_10,0.7397066659909624
9623_2,0.8464519049440608
3269_8,0.7509955560328356
5480_7,0.32744585176864677
43_1,0.02371267852886144
4156_1,0.04521818765083706
1629_1,0.007249716099260699
6536_10,0.9810963225369282
8384_1,0.002618561938491898
2820_10,0.9979427914246445
7976_3,0.09568965228551796
3745_10,0.4269711895892184
11258_8,0.37907915431820094
7908_7,0.8390393347254275
9166_7,0.993322869000081
8976_8,0.8564272224189947
3692_1,0.02931635265223532
4937_4,0.11851066059145136
11935_9,0.9733659726855779
7722_7,0.9744791262520359
8757_4,0.046338764373518665
1218_10,0.981356091492641
3620_8,0.09811450076630436
9017_4,0.05766273389417208
8300_3,0.0002783676314725076
11325_4,0.1895124967551148
1093_8,0.9940937704643259
166_4,0.13870193968176936
6088_10,0.9733229663135022
2149_10,0.9991489775574053
4884_9,0.6135802987351306
9786_1,0.046792148865126865
4258_3,0.23081288181024062
9890_1,0.13470316775294197
8911_1,0.026224880240466927
11618_3,0.154484790360623
4510_1,0.0021897324786220897
3173_4,0.09156744635499771
10418_1,0.0050910901666656036
8954_1,0.01728617508839182
723_2,0.042492040613601886
1164_1,3.5399528769321796e-05
11404_4,0.12232195368898227
5737_3,0.012468905857460818
10073_3,0.027066656374422335
1900_8,0.5756768024113409
9532_10,0.9621817251793903
839_4,0.21838931973173825
4562_1,0.019994010460457533
3963_3,0.16522606341384657
5220_10,0.27558802464996585
663_9,0.6127050937100254
10156_8,0.7679332105361739
3759_7,0.38719647006128516
5153_4,0.650423014387328
7580_3,0.11631782757844075
12403_10,0.891880095469739
4893_8,0.8969659164143038
892_8,0.9250685645166233
79_2,0.0007966138484560318
10716_8,0.9939064984930701
11452_7,0.7570875188743753
1214_7,0.6273725500770052
8901_10,0.9820506580414468
12221_10,0.946809483701643
2055_9,0.8705040871210182
5911_3,0.1828543817430793
10866_3,0.012819310976114821
10063_1,7.04495095168748e-05
10563_9,0.4451688119039731
11931_8,0.997035582957463
1180_1,0.0004103488604633571
8194_1,0.1388188720902251
7837_4,0.9483226080897454
1876_1,0.10357759105876825
9203_1,0.0018153228413767758
10091_1,0.0008610050033962476
2434_9,0.9983621553198343
7908_1,0.01788873607108058
8591_4,0.899003125196468
4222_7,0.03145509587447224
11430_4,0.7945095079769213
757_1,2.2984678115884953e-05
6442_8,0.3762757824438954
10056_8,0.8197145636906609
3179_2,0.11265048389628118
3130_3,0.25217746225795223
11921_7,0.9997737916336169
4139_9,0.9781648959426902
195_10,0.8553498711241432
6286_1,0.5670222202989752
5701_2,0.04684282348090066
7470_8,0.9942750294736152
9205_9,0.42219851571631445
10683_8,0.8413924924807603
672_4,0.950299151139556
604_10,0.9998776568269242
7757_10,0.9825579475272981
5228_4,0.8984304559055198
3998_10,0.6793341107369049
7444_4,0.5971518765923699
9684_10,0.9887468280193464
8455_7,0.8823195375019669
3989_8,0.9978312804998386
1115_3,0.1746122369518336
6469_4,0.023107142339443987
4524_8,0.06472823733165962
3103_7,0.18215932409843824
3108_8,0.9038377174768533
2219_10,0.9603640146069014
10269_8,0.7752812639745044
838_4,0.14780003902028957
5367_1,0.01038603198764319
9110_10,0.9848690664531011
5736_1,0.018707597508595648
5100_4,0.05296194151039318
3399_4,0.09864126010927557
7575_9,0.9412647847432981
7954_9,0.9967722652844381
870_7,0.6688267401599285
3811_9,0.907721792863616
8011_9,0.9951672167359144
8172_10,0.9632358650443212
3209_4,0.007984487759815055
7380_10,0.5536565551143304
10210_3,0.15801205863041481
8162_9,0.979142376887259
10784_9,0.7208526965024615
482_1,0.007797279158651201
1452_9,0.9712285945646721
2686_4,0.6137218278264573
543_8,0.8000010686781701
495_2,0.06564277370039874
2887_9,0.9887980230628194
11780_1,0.047908446464269575
9742_2,0.0018150049811466594
1762_1,4.524325973102949e-06
5264_9,0.9537870128154281
7958_4,0.307339655680943
6010_10,0.99925620563725
1284_9,0.7251903094944009
10420_3,0.000550672465033482
7736_7,0.6329631433386792
1178_10,0.9995759626602482
529_10,0.9968191480139243
4063_4,0.022655828124289082
10480_8,0.6188898051574157
2412_2,0.0057269871733314085
5206_3,0.11950925945448335
11963_9,0.8458600138622222
663_1,0.00969638536993185
352_4,0.6329239079930677
7504_3,0.4762348644102718
8678_1,0.1049948779464603
2330_2,0.9881060956500284
12282_1,9.566506061373989e-08
6485_10,0.300799885204564
9306_1,0.00011716029239747004
7468_4,0.003033448173829911
12207_1,0.0032600116416092208
6701_7,0.4633060367966509
9861_7,0.6216962440813832
6318_7,0.7534022047941307
11612_1,0.02655766395622259
4800_10,0.37929996891391077
5360_3,0.20748350221423922
4977_4,0.2843452786112815
1678_9,0.936120241493291
5017_8,0.9651159737679411
3087_9,0.8816569587937306
1915_8,0.8176303131013786
574_10,0.4597617885008969
6062_8,0.9992625341047904
2860_4,0.19743184593686147
1800_4,0.17651426144893315
1928_9,0.9370029935099149
9890_10,0.9485658018441778
12159_8,0.8458750877231832
649_7,0.8327189409948869
8708_1,0.15489728207729667
8181_10,0.9372379627711589
3495_1,0.04041419292839571
11612_10,0.9813470362556579
6919_10,0.9073564224130266
12217_9,0.9147665509588264
9276_4,0.12690499867987515
3520_9,0.9754427808229529
6492_4,0.7047288046762863
3900_2,0.2232560362386456
12298_9,0.9150237677863159
12394_1,0.005298387547835199
4873_8,0.23367356746274387
4797_1,0.7734401251698624
3197_9,0.9720375069817402
2474_10,0.49605521286960064
4042_10,0.9913738774646318
10641_1,0.0001468645742420167
10882_2,0.0031752826315509333
4803_4,0.08530522729627038
7459_10,0.871110590146988
1828_1,6.104739929241033e-06
1718_10,0.9969167646139513
9603_1,0.020025516542157562
940_7,0.7870957301847958
3074_4,0.09892865729240538
8802_10,0.9997839737482082
7180_4,0.04384008857111864
5250_1,0.16662169586932407
2734_7,0.9594113254364739
2354_8,0.6969699080415549
6805_1,0.21083193927324248
11156_4,0.3761684930906325
2734_3,0.017649201771087825
12216_1,0.08411348287722316
660_8,0.7964681321064467
8978_10,0.8223076004912346
6272_1,0.1852239925511465
8294_4,0.00010879725931435137
11956_8,0.7005729935866875
3265_1,0.003518983002069805
705_2,0.45943466742220074
9058_9,0.9941897182355761
3582_3,0.557170965826666
6985_1,0.02888460565016543
5611_9,0.9639636681130257
9491_3,0.31144603649121905
9945_3,8.211054121109982e-05
1840_10,0.9815330413009156
12280_3,0.04830866006132391
1932_10,0.9352743872528526
8682_10,0.99779434862253
5418_9,0.9054320725413377
3354_9,0.911463851395643
8078_3,0.049078398131116696
7747_1,0.04178007571023867
2669_7,0.8795970461427407
9180_7,0.9399380003611579
1320_1,0.0007487341443834736
7742_8,0.6347369144998666
6232_9,0.8972728127369055
3459_9,0.9932427522643397
1008_2,0.20757002206940803
7987_8,0.8831046357728861
5078_7,0.8825145906872103
10660_10,0.5452507291362614
10325_2,0.07636105402506763
4951_3,0.12856117463389308
10502_7,0.7147163758879572
7548_9,0.20759026775145673
2870_10,0.8350577177869941
8136_4,0.7542813515180011
9870_8,0.7815224671804586
7588_4,0.06732304877373035
7845_2,0.012313152557411717
10334_7,0.8235626393276402
4860_1,0.08313522449456301
4855_9,0.9861072121709972
1337_10,0.9808378864151366
6403_3,0.11782952009293082
9447_10,0.9926500034327493
4724_3,0.0021309844483044025
10895_10,0.9995094115535583
2171_4,0.5306979872852635
5361_9,0.980907259575215
11056_2,0.0040096590527177005
9772_10,0.8470916355459288
5719_8,0.983437387044294
3050_7,0.3799409613556479
4406_1,0.20509310297035838
9833_4,0.4603908178954514
1217_2,0.09224077337866618
2632_1,0.00856244065729437
3250_1,0.6037314187318974
5130_9,0.56762912343187
3526_7,0.6557371161582528
2793_3,0.041972414221050615
10708_3,0.0027503189481241194
6415_8,0.8570315140234354
11258_2,0.06528582104498314
11451_1,0.4966676979264463
7724_2,0.12446816922728529
4276_4,9.139509205961766e-05
6058_1,0.016928170591918718
4086_1,0.028614406358073784
3670_8,0.9461753184264985
7125_8,0.6024613570759819
9377_8,0.5836153968808434
763_2,0.37872018698277804
7882_8,0.8131169737541252
757_9,0.5748508708250695
389_1,0.9807736092025129
9102_10,0.9878359720562109
9384_7,0.35735468967784606
5684_8,0.9579597270362378
12090_4,0.1112948464784903
12002_4,0.015106354192282267
5443_7,0.8328113704887357
8782_9,0.7501333399618374
9878_9,0.9899637379924423
9640_1,0.09741872281170647
999_3,0.34407048609706326
6249_3,0.5168373395416724
1656_7,0.9646541616487315
6649_10,0.7449211791419957
4630_1,0.015557084568468852
11300_8,0.38009909487621274
5894_10,0.873205440984377
3198_1,0.05102391291227312
7924_2,0.3977422147974025
6318_1,0.46607613376382895
8075_2,0.3894526378657574
10005_2,0.2942810860384103
6431_8,0.9523960980059526
635_2,0.4100130084195554
1803_3,0.07436160154451635
5721_4,0.0005794381825524828
1116_7,0.9950050205334521
1456_4,0.8788695854217525
51_10,0.9998620379901995
7155_9,0.9731918475556953
929_2,0.0211901561516943
12269_1,0.006199351083158423
10597_1,7.207719285633581e-06
9005_7,0.7493475228832223
10467_9,0.881007134912892
2251_9,0.929503417204317
1977_9,0.980927007094075
8539_8,0.4988215125856261
2416_1,0.034318812674355194
8508_9,0.9446209458361463
10401_1,0.1444371109868967
12217_2,0.5645956127436781
5484_1,0.18324828226258305
3833_10,0.9600644939771994
465_4,0.3524527658300038
7591_7,0.7436166396925715
11485_9,0.4569547448318422
3728_1,0.00015432365002799635
5538_8,0.9673768254501565
10751_4,0.19037913264763015
8883_8,0.9405583609565848
6581_1,0.18610345055368255
5476_1,0.08345555442337356
4338_9,0.9927233829010418
10343_1,0.36774137225882786
2914_10,0.99163264506725
6103_1,0.8478888392487086
7691_1,0.013633560128604316
3444_3,0.009319690799833106
2397_8,0.9563566855066848
8255_8,0.8828629554186044
1660_1,0.02983972759745437
10154_2,0.9351103521213772
2138_3,0.044047675710109764
9614_3,0.005246609490565119
2682_10,0.998164365961788
1813_3,0.17770755381499487
10581_3,0.07774743306272827
3733_4,0.00710211381928738
5210_4,0.25767997924550257
11961_8,0.875755007943958
7928_4,0.04121721953748893
12156_4,0.029019048879317333
11025_4,0.6997519628973577
11233_10,0.9952632651321841
473_1,0.01054309814740228
6648_2,0.005700359051029402
2451_1,0.0010579032008379947
7679_2,0.06493863002469039
2954_9,0.9965618046513085
9652_10,0.8803471743819624
724_3,0.11506718052258895
7592_4,0.008866586661666835
7669_9,0.9986092764451895
3816_1,7.731973727976881e-05
1401_4,0.23795023945755997
8551_2,0.1069500208856052
7901_8,0.7231618301121626
10552_4,0.5264480039448658
330_10,0.9640754021595593
232_4,0.24660523882563753
12351_8,0.9360344610660477
12451_10,0.9869890384478096
5884_9,0.8209919027103981
603_4,0.004380291880859318
3415_7,0.8169599947016343
8727_1,0.03350736631067188
10099_4,0.33628867924735517
7989_10,0.9686087572524567
2329_2,0.9669791145172923
5774_1,0.0006849140302123607
8201_3,0.7558445468226047
3491_1,0.10749140049333762
12210_10,0.4573319877841038
7604_8,0.6095372586382654
1676_10,0.9995292614883068
6477_9,0.9485787389874053
2521_10,0.9998363495570183
9140_2,0.03421770995655973
2463_4,0.03806185724807644
587_8,0.9352340613066845
7120_10,0.7101672044665764
7734_10,0.9931063167180649
7322_10,0.8771167369712061
3803_2,0.005320781349958667
2417_4,0.005459796836620852
7757_4,0.06332949628692743
478_9,0.8027542177268864
12269_9,0.9930231926737925
10472_3,0.10325161866181978
2858_9,0.9383174135354547
414_9,0.13417320913895794
2552_4,0.007947982158708896
11615_8,0.7707371526013256
201_2,0.002268642515307107
5624_3,0.18480309463468564
5080_8,0.7955510020014498
4507_10,0.5039227538321218
1527_3,0.4608807234006273
6282_1,0.02258569040444643
3911_1,0.00010962200846967437
4616_9,0.6758845655497784
9562_4,0.9674134162771257
9975_8,0.3667208544567817
7584_10,0.9984182487989366
1121_1,0.03859824413618328
382_10,0.36374787921901924
11309_1,0.008505055514995178
5424_10,0.9666700308540246
8697_8,0.8805976149233083
12420_2,0.06762288969982935
5052_10,0.9997913066410132
1037_1,0.010262513147176506
346_7,0.13562017668590814
2285_8,0.9252819696520719
10867_1,0.0009079857587920381
4335_9,0.7993280052616544
9088_7,0.8332201355160297
11037_8,0.7999807542173718
1993_4,0.03520753422341303
11469_3,0.014440648896088199
1834_2,0.0002194171283765006
10723_4,0.5031711071084908
5377_3,0.43594439324934015
1812_1,0.11180967186657255
2760_8,0.9911085151459909
12062_10,0.26085724611915534
1847_1,0.0001735166148971806
1280_3,0.6339135764614248
2106_8,0.7809879281023899
5414_1,0.11487601026311198
4930_10,0.9994621644717023
5024_9,0.9603399069339796
5295_9,0.7815902723642795
5427_10,0.8606569631638425
10526_2,0.010830689372373628
5517_2,0.06291605623336524
3971_8,0.44160350410826943
12260_7,0.6835117813298147
3676_10,0.9994367828193548
4132_7,0.9671307053472853
6721_8,0.700339518039809
2381_7,0.3359223727900293
818_1,0.00030090441897613965
6503_7,0.6570066086484188
12068_7,0.9358627163974296
8847_1,0.00023817372281481722
10698_8,0.9178145620726338
2347_3,0.005291598178298071
9337_10,0.7986357973270386
9070_4,0.7458386066455678
7962_10,0.9992502896560097
12183_4,0.2324103354416496
12410_3,0.14446509905512248
7988_9,0.9672869048888347
8980_8,0.8233945093066697
8568_4,0.009977335186776237
8374_7,0.9744975449318024
3561_4,0.5664106735605412
692_4,0.5728665759315069
4259_1,8.618957086807113e-05
1627_1,0.08080625430331287
7064_9,0.9744908763029827
5410_7,0.5398976835411586
10003_3,0.6148551748664987
12068_3,0.023840915278708703
8048_7,0.3766966669647775
2590_1,0.021136248337773986
3464_2,0.9534176113101159
8423_10,0.05714820841467692
5036_4,0.4933885260740222
10030_3,0.131842062365409
5500_9,0.9647632066297623
10129_10,0.6063561713499889
1549_10,0.9381532085935024
6463_10,0.999169751828395
1026_2,0.031337274330744305
6681_10,0.9909776229536272
11004_1,0.01255032750741295
6191_10,0.9152287291495838
9253_4,0.7382013738264434
3193_10,0.9918583802550844
7563_1,0.0004958362804414055
3104_7,0.2989537254416801
6369_9,0.976626650798753
606_1,0.0010356689778538467
6069_10,0.9875351209919551
6966_7,0.047661698846245416
8945_4,0.308695868711113
4920_1,0.005886073987298665
7358_10,0.9610242421624109
9665_10,0.9992522678176623
5005_1,0.22219033274335878
12324_2,0.03745537937400881
1878_1,0.00020977954085864563
5917_2,0.06094741605801102
11912_7,0.9946124361419715
11692_1,0.35448474891350057
11505_10,0.9888705601229962
5416_8,0.8314868263172415
12072_1,0.3703537055586927
4436_10,0.9769492184404978
11762_1,0.12246900775301629
5805_10,0.998998966313379
9464_1,0.0055086877759487115
9412_2,0.024516828979421625
11262_4,0.8899624064822252
853_7,0.9398448016460703
7087_4,0.19772447877379432
1896_10,0.991248477668388
9749_4,0.08402087317010554
7431_2,0.2578222455328741
10253_3,0.03004437179777478
10675_4,0.0823669672667558
4275_4,0.14798713556216775
5399_8,0.9719870953992779
9388_10,0.5114938378374466
7019_10,0.9741856485431956
10223_2,0.07301810927141339
10216_1,0.019171748496798206
2097_3,0.03494290205747233
4243_3,0.07589125714924196
8672_1,0.008224949752469136
1260_3,0.03806453863219088
1734_10,0.881018351886026
2955_9,0.9989101038677876
12033_1,0.05123964664178779
8243_3,0.045027944546636466
8741_2,0.8577127752888181
6481_7,0.88670156581242
7053_1,0.02578970702056115
1624_8,0.9305843934614588
2900_1,0.09784588402796553
4328_1,0.007809343239453694
11732_7,0.8531819228808272
746_1,0.3154738959736776
6004_3,0.0012238053188561853
6162_2,0.03853928182947477
9375_4,0.0065057813067826795
10924_4,0.06666377020569948
6304_4,0.24718660370546322
10035_10,0.9787019445968874
8867_2,0.002051338754371865
9781_10,0.5225179313115871
8902_8,0.90089206550037
1006_8,0.3868299150841215
7230_1,0.005216589991433786
8788_9,0.8264958523192986
2079_10,0.8870384950148065
11987_3,0.011527532210271307
2724_7,0.806431926183364
8534_2,0.04272422974874413
7052_1,0.051637477885872224
4390_8,0.9809770216131882
520_10,0.9484390502427402
3936_3,0.48062210779081466
5160_3,0.01937533743645764
10519_8,0.13369327264315273
8906_1,0.004482453955556796
8750_4,0.11021915014834105
8606_3,0.22525307870400954
12038_2,0.41616608622037615
2939_8,0.9746144479928017
5721_10,0.942544746999034
6798_8,0.9235626883254869
11820_10,0.9945412627568664
6435_10,0.06754317388738203
404_8,0.9967669380987104
6066_9,0.9807228368828055
7921_3,0.006401287755914497
5468_3,0.20728183984837567
7034_10,0.9945544951343038
4309_3,0.3274766417929868
8201_7,0.9901039700460071
3656_10,0.9995047067490278
8786_4,0.3658807702449232
10564_3,0.03431283023558208
7401_4,0.062234493079256346
1163_1,0.2759824184963679
9915_10,0.9727071632897448
11080_10,0.03776891517637223
4710_10,0.9982930644033535
131_1,0.34264887055456245
6387_3,0.11194810312396083
3906_1,0.0004336645140986499
2075_1,0.002869652557076798
11663_10,0.9994270636578942
6149_3,0.2083649863515216
6703_8,0.9989418163760058
2440_8,0.9984804983615498
10500_7,0.7984855811794264
7349_1,0.015754035857022525
10695_1,0.03133934336518161
6905_1,0.004094548081574827
4902_4,0.38258160929962726
5298_9,0.988255191806693
6701_4,0.43044932174051065
1344_10,0.9633880735793117
284_10,0.9279772931525863
9114_10,0.9999744403788136
12102_10,0.9670762441140716
11448_2,0.6388925150503162
1053_10,0.9898280007390478
8341_10,0.3019266460889696
433_1,0.00011906844135370218
9534_4,0.2390244677252197
6471_2,0.33085602349209065
8971_10,0.9996606605052901
433_8,0.6451674837194153
298_10,0.9111079148888958
5965_1,0.00259659304282369
10408_10,0.9591740438668389
9112_3,0.6055858916417071
6726_9,0.9931688710005749
1048_8,0.9062363322463735
11046_9,0.9244526459210428
4808_7,0.9870887704461779
7027_9,0.9954432461104671
12435_8,0.9891797556646212
5480_1,0.9785772706358274
8823_8,0.960639114886241
554_9,0.9989001161343753
7167_2,0.0012323508256501233
10762_3,0.32056036926561327
9036_8,0.6775140976567998
12185_4,0.47661428154576224
7763_10,0.9978017281711709
10271_8,0.9771438137490635
1159_8,0.6260815990218368
11063_1,0.11263386883475053
12479_4,0.012726418976618747
11179_4,0.7739412672625926
1736_1,0.027088718161831254
4840_7,0.9991092806973544
8233_2,0.8743367545307478
1082_9,0.9129560455528066
8378_7,0.9899364442757534
7777_9,0.9907784097166217
1883_9,0.9615094541407937
7350_10,0.9715756754191452
704_8,0.6471270525004575
6554_8,0.7022851665476603
1750_10,0.934423372686151
4969_2,0.0018652779464580541
10339_8,0.9654854333348301
1902_4,0.1969825756456721
5578_1,0.000624043970980672
5502_1,0.005032965578872164
7250_2,0.001543174620369585
8856_4,0.1864065879855721
10840_9,0.9873694980739159
9730_10,0.774251918520146
11146_2,0.06355960664866293
5988_3,0.00357665274986571
9734_8,0.9175621565768131
12338_8,0.7175849523719594
9813_1,0.024246903978369094
8928_2,0.1952015269302325
5431_2,0.026779367935223564
9467_9,0.9933185644099634
4933_4,0.025402554257717626
11280_10,0.32933596257021913
10279_9,0.9697340652118204
7024_1,0.00020725401539578264
9115_3,0.0728998903776747
5701_10,0.9830785307815787
9539_1,0.010099383723099218
7655_7,0.9542713922543237
4518_10,0.7812699074854609
3039_4,0.23423337777513656
8654_3,0.6271704293499556
8893_4,0.10994104607732431
3598_9,0.9944439066803107
6443_1,0.08101455431088296
3843_1,0.023513965880600608
3848_9,0.975158545197103
3149_1,0.0134376881550401
2152_1,0.03102586311834985
11564_1,0.0022455986500759958
4391_8,0.7462426215626529
950_10,0.9435308223108612
10531_10,0.9976773761917731
904_3,0.6795927143041514
5293_9,0.9297268584753823
2173_1,0.0006547242367983694
5992_2,0.001533462620273621
782_3,0.32359008829469926
1295_8,0.9818617275024634
9659_1,0.0051970100293359115
2214_3,0.06778996981590146
10772_3,0.008706049166661931
7515_9,0.21924571394463277
7294_2,0.07634333750895902
7761_1,0.10625550501048991
9027_9,0.8861763495705636
6595_1,0.0005098918473903656
11003_8,0.7887081586115684
601_10,0.985016098994601
2991_8,0.43642566745309586
10937_8,0.8554509970474594
7545_1,0.04867141428114072
9747_1,0.008769153880715601
7653_7,0.9691832512148624
6886_1,0.001333478541512396
8054_8,0.7584862877690803
7299_9,0.9999818506444186
2289_3,0.061692997345229914
6569_1,0.0007590091557108823
10909_2,0.03674067795348236
4022_7,0.5152691788641834
5407_1,0.04297294354424062
10211_8,0.6871563087246361
9194_1,0.21591281060190406
8113_8,0.999989656980892
12010_1,0.006857828362008307
7373_7,0.8954073982254753
3535_10,0.9325523409449247
5265_10,0.7082111559227602
7032_1,0.5621023476601914
3391_10,0.9983747742078387
969_9,0.9664918760506124
450_2,0.5533330904391889
12296_3,0.43593731468082486
10855_10,0.9703849764484632
2741_10,0.991726566247184
12403_1,0.032145413785583936
6118_4,0.29823556234315113
9001_1,0.06250068334022597
172_4,0.26699740477365536
4405_7,0.3101458282630809
8923_8,0.9809272967324089
5396_10,0.9826472227499438
7183_1,8.034932260972165e-05
3261_7,0.9383294321509082
7445_10,0.9777496730346299
11412_2,0.08233021613032211
4765_3,0.5711356602565173
5248_9,0.8991071081261183
3172_2,0.06372833224474966
10813_4,0.47637525837214967
8054_1,0.006548430939077458
5535_1,0.03375112280856748
1306_8,0.7771498939484021
135_3,0.18042347789809002
10646_10,0.7234234506576451
9906_1,0.0422104967018488
8156_10,0.9725081602293171
2806_1,0.20128586191669023
9501_4,0.010895098135228955
1882_3,0.12260536800010469
11895_4,0.18961267374466834
5420_10,0.9877228367405746
11791_10,0.9967320523219639
3798_2,4.250815043016195e-05
3282_8,0.8177099543791043
1278_1,0.02612421592740665
1011_4,0.4745607881205386
5263_9,0.47189131861803324
11301_1,0.000909509471857336
1946_7,0.9891017028270995
3246_10,0.9888516470747865
4130_8,0.9116614745363025
4172_10,0.9636829720908595
2619_2,0.0038416867595311706
5197_4,0.7679418069621756
6060_9,0.5566174412872368
7430_1,0.0001453877815498848
3511_10,0.6956574603293939
6970_1,0.011016789730804808
931_4,0.06817360997523296
12374_10,0.9456872910985511
10217_7,0.8083143286098884
964_7,0.13294973817360112
4859_1,6.65542258953366e-06
5525_1,0.01171789053917197
11471_1,0.019280755511682127
5030_4,0.0258318215063021
12177_2,0.08255213776212778
8892_2,0.005851551152309472
1073_4,0.11379275083927999
7406_1,0.0018621664916701336
6345_9,0.6900838477170699
7395_7,0.03362431943559021
9952_7,0.6006576908441454
5851_4,0.3271407201494573
6880_7,0.3222180943078013
642_9,0.9845124741187564
6271_9,0.9540667154522652
10983_1,0.0007606724081538215
5602_1,0.044405462916637384
3834_1,0.014561753611910587
6961_3,0.11701368652310064
10102_8,0.9763608378442392
6988_1,0.008395884657333706
5803_9,0.973721420071783
6009_1,5.697416609270431e-05
10294_2,0.2450135402474525
9811_10,0.8948643210830299
11298_8,0.7200497064426832
4625_10,0.9876868318435327
11263_3,0.006817166214465831
11502_3,0.7917426556910202
9690_10,0.7348520754663623
4453_10,0.998126150564224
9741_10,0.3375065696939287
12191_9,0.46494952001413176
8019_8,0.986028211412861
2298_4,0.12059919752118071
1489_4,0.2563630991830998
4228_7,0.6564861006742847
10905_1,0.00017314625351371612
5103_10,0.9983440605340211
5641_1,0.01324198287424419
11567_1,0.00614904289996703
4040_10,0.9747139604405602
4777_10,0.9994319056487138
9612_10,0.9994981837023343
3830_1,0.03859617544244815
8781_2,0.009874332455352141
9415_3,0.6475177422841769
9171_3,0.10699796773394385
478_3,0.7810782690061882
10979_8,0.7441360138219285
7073_4,0.14962225762933526
5419_10,0.759910695158664
8505_3,0.013726906048819862
7559_1,0.5849507806597478
3827_9,0.7197287942744443
9242_1,0.0473880428070812
3133_10,0.7957996141315078
9051_4,0.242478561244306
8604_10,0.9444082892212443
4811_8,0.9078406148983388
10697_10,0.9929915568240946
6142_10,0.9151322325106874
6740_1,0.0785995785125715
7806_8,0.928382319609737
8326_4,0.9026935738553238
12425_3,0.016858049296373852
11113_1,7.724360345209375e-05
8096_1,0.03147535288182754
512_8,0.9514208015217244
11144_7,0.8197560419251143
2073_4,0.006299662668461218
6966_4,0.05647999845658397
12122_3,0.5896183905720218
429_10,0.806148793831501
10294_9,0.9996070037647543
9955_3,0.19743271708105328
10878_10,0.9571339925744958
9365_1,0.00015309956465493486
7317_8,0.9759600985933405
2863_8,0.3005852993131162
11935_3,0.03398158097670884
2180_2,0.9297545958361799
267_10,0.9747048583918365
72_8,0.6393391253676581
936_9,0.9642098110544144
2363_4,0.0025555469193089216
11722_9,0.8617171650041512
1353_7,0.24104019534910182
3883_7,0.666761356621551
9475_8,0.9946522885631447
2328_2,0.029111364714159392
11982_9,0.9920182065191394
10413_8,0.9223549688022065
1277_2,0.09545923657611971
6299_4,0.0345593280654817
7536_9,0.9551132602418383
8368_2,0.2075692383094647
634_1,0.0096876098136923
10095_3,0.3339832526240268
8821_4,0.022118285630201996
5669_10,0.9998332781916174
4600_8,0.5681166859390845
10859_1,0.05113923930874505
140_9,0.49113575121061587
153_8,0.9272622485774467
8013_9,0.6374322668756047
12389_1,0.7781475216941547
8443_7,0.7381659617380485
12290_10,0.8840941111278612
12152_10,0.6520939842674678
6442_3,0.11769730147715868
7557_4,0.6365587544882497
3699_4,0.4861043958976423
6461_2,0.9915806155514405
8641_10,0.8702958185044463
10771_1,0.23072361720401896
10539_2,0.15219010891180929
10406_1,0.013189568683886224
9617_4,0.06529209707548086
9403_10,0.9996741941177304
3015_1,0.3675192891453655
181_10,0.9833681527461636
2879_4,0.1747024423168961
1758_8,0.8995085210892638
9992_10,0.988541642142772
10769_7,0.7462545793016779
5616_3,0.029831052113166376
721_4,0.28941383376851293
3035_1,0.005032926106556501
7877_4,2.689150498199573e-05
5554_4,0.01574143639227212
1475_7,0.8994851444474922
1538_7,0.4216748958482969
3499_10,0.057935519282643656
8815_4,0.5789401182431544
5817_8,0.6042496977768048
4179_1,0.06900815779734507
3719_10,0.9852609513489411
2538_2,0.25937360206827453
4873_3,0.3548083210605973
7283_9,0.9889517482315494
1997_4,0.11112560233402602
11036_4,0.01922362394320584
4123_4,0.45418336214448557
3520_3,5.958285611951984e-06
10320_1,0.0003422045629449893
10185_10,0.9667318617977888
10193_1,0.03561380318821672
2506_7,0.9707133163629765
9868_10,0.6647157549067916
5603_2,0.027068965350848434
8392_3,0.20788554527394773
5322_4,0.018072368652934316
12117_10,0.9929027197344472
2411_8,0.6199268756891052
9393_4,0.003496057568275135
5968_8,0.877502831102216
6860_1,0.008600148333446193
12144_4,0.9834410239569581
2706_10,0.9820507800894868
5655_1,0.1842786417209468
2555_8,0.885639679390361
6091_9,0.7658296919075724
712_9,0.8446823068528303
9445_10,0.8986554003261722
1777_10,0.7779943107680569
490_8,0.2770220730954986
318_10,0.6865510152855114
10143_9,0.8144010772018097
3608_8,0.9685287362615213
686_4,0.30968397073935683
12147_1,0.0010246672714266107
6782_10,0.7374104275130723
5560_10,0.9931841957170694
11621_8,0.946491447745357
11909_10,0.9888591632414564
11938_9,0.9938086714855121
1877_1,0.03216451820258257
1298_1,0.00854346881757185
11154_3,0.0008983298670669346
10898_7,0.6241014068617535
9980_8,0.9535049798058302
9719_10,0.9802269082877312
516_1,0.0036008852618171897
2541_1,0.008412838376013403
23_10,0.9135137398129243
3517_1,0.004685704482601716
10839_9,0.9999852048946284
11461_9,0.628104205787369
10150_2,0.0025992493254147083
10664_9,0.9978657715208673
6750_10,0.22116280873535765
11165_4,0.9385918784776364
3463_4,0.08467737383412234
287_1,0.03116110263268443
5582_1,0.3602248521800958
1136_1,0.0013968472385444935
10316_1,0.006327826466456775
1684_8,0.7870123440712303
3556_9,0.7026004081797704
11680_9,0.987123152677163
10775_10,0.9965486546873877
5558_2,0.04840137061126961
6203_10,0.7852977520768395
4057_4,0.473025345268697
9010_8,0.9990535419083162
1033_9,0.9340529491293637
12116_9,0.9917669377081226
8401_10,0.9997935697342785
9863_4,0.5852147774291127
2777_1,0.004799132390579182
5797_3,0.06459240124120418
9929_3,0.00303284246601845
4177_1,0.06913709355468423
2205_8,0.9980615602014163
2839_8,0.9498238044433813
7161_10,0.9934519341121805
11724_4,0.5593255644234871
10369_9,0.9899726541433843
8702_2,0.17059136244873224
1028_10,0.993968848986404
7226_4,0.6127138587627843
8799_3,0.24322993723865247
1573_8,0.9338054398834182
12041_7,0.9959353113301586
6207_7,0.5920575649681726
399_8,0.9483354633873204
1034_2,3.299036070631347e-05
1610_4,0.6882976225358964
596_10,0.9619839820577859
6474_7,0.9999277575102107
4464_3,0.09801181311258829
10637_2,0.10008834883065731
3272_10,0.9758774032151137
10194_7,0.16384913949562796
11906_3,0.03037350282790661
3666_3,0.5867074711672463
6148_4,0.11770308151793858
4595_8,0.3169636777800514
6146_1,0.01561311735866001
7512_10,0.7901704164496299
12333_1,0.003340434586637196
3490_4,0.5801614974258825
8495_1,0.0014399804130265756
955_4,0.005237064291666092
10582_10,0.9856783700647443
9477_8,0.7621990609439566
7132_3,0.019929179080209566
5214_1,0.023928885168783238
8258_10,0.6194416010546233
10387_1,0.026631722855429602
268_10,0.7503862969063644
8153_2,0.0014510884589508215
7353_3,0.2672113694862573
7847_10,0.9857443288963212
12028_10,0.6519794643306932
2998_8,0.21159136776169823
2641_8,0.7672878178137779
11923_8,0.8332813002116328
12322_1,0.010401073275484929
11816_3,0.03505547154627613
7111_3,0.01076166704374407
8107_10,0.8662551388792276
8835_8,0.7356779080852199
10142_10,0.9470125553410199
4445_3,0.0213595142458125
976_8,0.430809746767345
1996_4,0.5342737004845647
11496_3,0.047732460077395816
1644_4,0.04045997502111908
8573_3,0.0719111698495489
10835_9,0.5218409459461565
11531_8,0.9947502134746512
5802_8,0.5952536525942664
2501_3,0.05359450038570277
530_2,0.019400968836291266
1051_10,0.9971359551155999
6629_1,1.0155767328963571e-05
10350_1,0.10205074835689411
2943_10,0.9889164152124243
7661_1,0.09344960715723094
8359_3,0.04750755649378472
10218_7,0.8951020484503872
10548_1,0.005461080359421822
906_7,0.9932200985357846
2708_9,0.9868611164101632
12478_4,0.14280766983405388
10222_1,0.6811197957067957
3560_2,0.013302953296700672
3371_9,0.16448155095683173
10009_3,0.012345778880710034
3142_3,0.24993624456508437
3876_9,0.9496111398008497
6662_2,0.07832583538352689
4691_1,0.2788810109324918
2491_4,0.3350740279056663
12485_4,0.16197209729528506
1716_3,0.03831556854784653
10767_10,0.8782279885718915
4083_2,0.16942164827620382
7656_3,0.03311065477305995
2532_8,0.8796538450069605
11243_8,0.557918098722928
11878_9,0.9891695614850442
3627_8,0.6648668166144721
9049_10,0.04004494062326404
2950_4,0.24146552309732994
4553_8,0.9993736922118663
10414_1,0.04156513783517567
4281_7,0.6498804767438784
7905_4,0.9642561511497435
10800_8,0.2769216811890611
1562_4,0.045363044947291244
7604_4,0.4796145108634384
5752_2,0.43676643314970237
9465_1,0.04064154365411026
2701_4,0.11087356331462833
12432_7,0.6566356503392891
7583_9,0.9982355691028866
4003_10,0.8669931141699357
11082_2,0.035829303361648725
7650_3,0.06420685854854016
2215_7,0.4015466839273342
6597_9,0.9602183409631188
12268_1,0.04048121300158748
8650_7,0.7450711872388245
8311_2,0.07055134537342792
10764_10,0.566970280802608
5462_2,0.0018958206108771064
10303_9,0.9941608481942437
12132_4,0.6957621214142653
11786_2,0.007944786217627234
6248_2,0.0638458049186981
5570_2,0.010219661087016987
8367_4,0.3495096232335611
2416_7,0.7986520267736629
4073_1,0.2864304923585954
4642_2,0.36351684860115685
580_10,0.9295817600624615
3328_4,0.03679516481472616
9524_9,0.9702346246002935
11980_2,0.48341435668866056
7812_9,0.7785754495362256
3567_7,0.8429591229675865
9592_2,0.1210227492516786
8421_1,0.005172131744750362
2618_1,0.00013916722710973026
2367_3,0.012145766133015282
10613_1,0.011594992962912028
7657_2,0.1132854025347315
10992_4,0.42476268851980475
10663_4,0.18490848607799887
9589_4,0.2381835578725758
5184_8,0.5936189461600971
7352_7,0.9668390797319515
6483_4,0.8318744566747799
914_10,0.9925215634429674
1239_4,0.5918144210201779
4465_4,0.5256074025616386
82_10,0.9643685455839446
3696_4,0.16950571076319593
1507_8,0.71044239104929
12211_3,0.13531904307469517
4003_3,0.027312106078439344
3738_3,0.47378416690171377
12089_10,0.9628557624818417
593_1,0.0005559725617483197
7555_3,0.4484278221323993
9897_9,0.9940960333147768
299_1,0.12803158664585443
2774_3,0.11013818849754517
4723_8,0.9279959668034221
1636_2,0.0060149492716856405
3383_8,0.985788843691498
5360_10,0.992875307375662
11542_10,0.9972846389949281
1964_1,0.0005402674454292051
10323_10,0.7302146070802331
5166_1,0.005788648384990935
12371_1,0.00020845052038914334
7426_1,0.01239131766584447
11832_4,0.9018640178102283
684_9,0.7466680418733908
519_7,0.03789932303167856
1712_8,0.8516600238561286
5973_9,0.9236145845716615
2820_3,0.0015801827592972003
5023_7,0.9700706186467167
2625_1,0.0008763077130463084
2699_9,0.9026435687244516
7123_1,0.005880364264708551
7327_10,0.9649706929620339
944_8,0.9654527821973177
9757_10,0.8579092089989723
12491_9,0.8139771497151326
12301_10,0.9009852810968668
421_9,0.9976961982926614
6655_2,0.5293508541624827
610_9,0.4604774787604092
3020_1,0.31499788027938574
1797_10,0.9966697093558173
1248_3,0.0707467425265289
2524_10,0.9969901060406662
10596_3,0.3390991598155475
9326_3,0.1038042747542339
9346_2,0.01271239061146389
3890_8,0.9999655731655841
7836_9,0.91153026731961
12388_7,0.7447461113252886
3205_2,0.11510456428961398
1547_9,0.9729128240201214
2706_1,0.0012763483822135584
391_10,0.9116922483188623
1544_10,0.9786373099860701
7861_8,0.7360768838860524
1448_2,0.013523683340319594
6451_3,0.09559591327775235
12187_3,0.8577523597509891
11702_4,0.6232518994812047
5947_1,0.26090436605859896
1282_3,0.007746176765805171
7492_2,0.00045687497384540847
7724_7,0.9312153985185925
1564_1,0.5944720388775989
4425_9,0.9967251396248059
9416_9,0.998819221698951
10826_10,0.9828967728140089
4402_10,0.9753086972971334
9332_3,0.00028247581203944043
5856_1,0.0031775279639479617
2784_2,0.019916562003658322
3216_1,0.07314553441334617
8057_9,0.8807747916730189
526_10,0.7392443495616847
4376_1,0.002070723126270931
9513_9,0.9598761600609854
9972_9,0.7993688824590327
339_1,0.04847860397026449
11898_1,0.33047270299705606
9282_4,0.42354695987606333
2303_4,0.010373410880099725
10199_1,8.626915278526866e-05
11660_10,0.8946526352360906
714_4,0.05388121809812088
9283_9,0.8705827631617024
2972_2,0.5183482519521825
9060_7,0.999258748113031
3562_8,0.546535438194254
11064_8,0.9172319840523482
4190_10,0.8980408357479903
12472_10,0.9992470814653814
2942_1,0.06693050285085876
9560_9,0.24499733882051658
2692_4,0.0072499446660200615
12057_1,0.0014784910560350767
11197_2,0.1749790114314049
5827_4,0.9967774343358121
4752_1,0.017624496203015958
8114_3,0.017431302558331533
5643_7,0.8286241032418469
9127_2,0.29782152514273647
10540_10,0.18590938745631527
7342_2,0.00037788208009617634
4651_4,0.40808956418467934
8798_1,0.03965236466509158
5973_3,0.16590121480588385
8314_2,0.016690745082626916
7856_1,0.020618074913079806
1255_4,0.08270960206873641
9615_8,0.26485163800705447
7261_4,0.09324784747799114
9700_9,0.98154463410747
5938_10,0.9953939332009347
970_7,0.5857091778797756
7715_8,0.9680732189137545
4643_2,0.6056722856395901
7069_1,0.8753245524099513
8600_10,0.8753634144078118
10275_3,0.18668646210033324
9519_1,0.007287997866708013
8861_10,0.9866425916960496
8558_4,0.020777255939508965
7495_4,0.2538030292941089
4727_10,0.12240813680724007
9647_8,0.8377670748502472
7192_3,0.4444652851642112
8772_8,0.9896773454905017
1198_4,0.0328279894986354
4249_7,0.6669762505112236
6816_2,0.04287313459673593
10243_9,0.9429315249603625
8365_1,0.02419809094368829
2529_10,0.5416082228286574
2538_10,0.9508779054043208
5946_1,0.014461799344977152
6716_8,0.9400747784046093
2633_7,0.9968497912531417
10513_1,0.08858581176422074
4847_1,0.004791170413075265
2552_10,0.753273330793717
7166_9,0.5649467685589794
398_8,0.8749530466815719
6925_4,0.15886239774175667
9873_9,0.3926790372531013
3598_4,0.30035709471800903
5996_3,0.004059023067129697
4024_10,0.9954080478891867
3184_10,0.9970624599947123
3801_2,0.007956060474362094
1722_10,0.9994614234461305
9344_1,0.0077033107061288955
2874_2,0.035145290994899187
2914_4,0.3814118857722829
9643_3,0.07860382695999271
1756_10,0.9943801748571376
2781_1,0.019042512984620664
3559_1,4.5911442171042194e-05
6250_1,0.05413053593359776
10960_9,0.9971452239783901
565_8,0.4760515264469053
8749_9,0.09512867871382268
11273_4,0.48908421102788974
6933_4,0.06832591200881614
7295_1,0.018519323005856504
12267_1,0.029480287294220347
9844_4,0.022935542163670015
1949_3,0.3161585359890667
10048_1,2.5807224431964834e-07
7242_2,0.003752447317257478
1722_2,0.02102674104924567
9869_1,0.04740749485954233
609_1,0.16809780403399785
9383_7,0.05814851394261046
6593_4,0.02716403363616074
3284_10,0.9644516645019136
6190_1,0.9305114575765865
8305_10,0.9882454489243372
20_1,0.002665885095103464
10037_1,0.03999339528708041
1751_10,0.9933465384772128
6821_7,0.9506595771482382
4780_10,0.9517848882755052
1290_10,0.9824850974344816
10777_2,0.05760609357053689
3450_1,0.0003152793935128958
747_3,0.03360655822146935
9262_10,0.9999971592603677
7206_10,0.9518481137312639
3700_4,0.2543297332635361
2953_4,0.24043743764013997
6828_8,0.8922933199732052
10831_7,0.8787671769211942
5014_1,0.0007217473450546035
11679_10,0.9834008582890749
3476_9,0.8719768893539536
12052_8,0.25744799901308596
8635_3,0.2831237373634749
6475_10,0.9843633370351408
8531_2,0.3501981178654455
9018_7,0.03618303842257358
1492_9,0.8248924555652095
10993_10,0.9910829125483661
1896_2,0.004274921224827313
8241_1,0.08085139354586438
3568_8,0.40336659717957174
9424_9,0.2527608688986399
3791_1,0.005453409515056213
2117_10,0.9988203738276716
4679_8,0.9757266295325617
1217_7,0.9960710396276826
7969_3,0.11082118014235426
2271_10,0.9219478534549113
5772_9,0.6821375751059495
1347_8,0.9948869989320129
11800_1,3.6486700178914674e-05
8820_10,0.9883669353949689
10014_7,0.6843062472528014
9864_8,0.11796247922604718
6926_4,0.45373544817059275
1842_10,0.9988893188845855
756_7,0.6783704644829697
7657_10,0.9593715724380147
12416_7,0.7617287147051722
833_7,0.38438001069201017
8746_10,0.9913456589244026
6374_10,0.9725598915637728
24_10,0.7921650542705738
5133_10,0.21467199562135564
2937_1,0.12044715921614225
9845_8,0.7569441303419429
6236_7,0.4825628678916041
8525_7,0.7846459232423695
10398_10,0.9665737928368101
6555_7,0.9299533532137011
5873_3,0.921660585553125
12235_8,0.9262330844063175
8972_2,0.015704547595294892
6313_1,0.021124181825384794
3277_1,0.24352978858405033
9661_10,0.12813836208438634
11759_4,0.6691740144671229
7960_2,0.887110087689765
2710_7,0.9478923740798928
3152_1,0.002580315781968751
3186_8,0.999699289353117
6180_2,0.15962888471999406
3303_1,0.08136166182295383
250_1,0.07935161908661884
8902_1,0.004964308675966192
7964_9,0.9882461008747088
78_1,0.001556308428753554
9162_9,0.7427682890357378
11868_8,0.9513882446438698
8522_8,0.6875356562120931
8517_8,0.8251778246920416
12341_4,0.2568198758330635
3300_1,0.06432484364957873
2961_10,0.9887934615479791
11309_10,0.9436358649675737
381_10,0.9690575751646447
6537_10,0.9385879036548429
4623_10,0.39398786910050715
12425_10,0.9867929441149664
817_7,0.9073697693068741
1853_3,0.09276298326019904
3586_10,0.9464245560770528
6148_9,0.9699059179323892
5020_10,0.9966901308434967
6486_10,0.982356504218533
560_8,0.9986180947612431
11210_3,0.4908904567680756
4714_1,0.0011925463331024508
7175_7,0.7104791183288804
10289_9,0.9494247461516518
2497_2,0.04720560005843311
6359_3,0.8905408805322816
4905_3,0.03212355575998006
4701_10,0.9996084353601983
292_10,0.9457922144545134
4010_9,0.7714956378582547
1591_2,0.9926775961126351
619_10,0.396610054524252
8563_1,0.003417152873017979
488_4,0.1777747152910108
3148_10,0.9982789162512373
2046_4,0.016589436851446922
11560_8,0.6231773750492123
8694_7,0.979152161530807
11041_10,0.9941151416629278
6159_8,0.9849706137870351
10205_1,0.056632460373116235
7840_9,0.9592511821708315
3298_10,0.8965207951463837
2854_7,0.4844490476585863
3521_8,0.9545882517496961
8317_2,0.035263278148127665
10564_7,0.8898734372534881
7951_3,0.266566522355359
9834_8,0.9468166506623402
4809_9,0.9989007881029066
4675_1,0.5713008005062121
9493_10,0.6304127737419319
7841_4,0.08029334471459945
8076_10,0.26171390861430943
3242_8,0.9799768385658246
11666_3,0.13546726691817754
9341_2,0.05459461717220668
10384_1,0.045374819036885596
1558_9,0.9986313222552724
9790_10,0.7244066995256814
12149_2,0.1314610386877093
11533_4,0.008604778241201283
4438_3,0.3217068278360186
11177_4,0.008677783876083572
8657_7,0.5386106813996046
4485_4,0.6839597339913928
1313_3,0.03529301381244283
7383_10,0.9999210823347456
11875_8,0.9833369775349887
9838_7,0.7858577735084933
33_3,0.00430552471046612
5747_1,0.0026608478757482487
1420_8,0.9787454303414229
7292_9,0.731748669522214
5218_7,0.7741949657051821
3359_9,0.8007812300675714
10947_8,0.9787342589190456
219_1,0.020568414140809368
6374_3,7.888337931013272e-05
9686_10,0.7893951564308644
6757_10,0.8412320540110716
1003_8,0.9671496251392951
9313_9,0.8969383307910166
6175_10,0.9714165357398933
5391_7,0.8538725036857893
1085_1,0.003907510085588468
9054_1,0.21310298918378376
8543_10,0.9992206412701703
686_8,0.7714144951757456
6959_3,0.022623685541740567
11014_4,0.34979116485367706
9204_8,0.9612135900701447
9029_7,0.7002716402598453
10441_9,0.9879424824602404
5245_10,0.9864453773453842
1480_7,0.06360758038283382
6426_3,0.06032673581102279
1700_1,0.0035088264971807315
2783_10,0.9900237962304659
6152_8,0.894368202480205
12282_10,0.979082971079073
2948_4,0.2294444265521006
11974_2,0.002705740023007379
5944_7,0.7771940681007564
9370_8,0.8744703498139401
711_10,0.3366589230418207
6169_8,0.9742204460674178
12329_1,0.003789230525593963
4904_1,0.0021358932476273347
2070_3,0.02474055328977299
25_3,0.003810146115225486
1819_4,0.01290469374693881
8642_10,0.5397513127330034
11504_10,0.8918337604743046
10193_7,0.9960710396276826
8917_4,0.008108511984732709
9380_2,0.8658334393956012
10048_8,0.9930097756406587
7288_9,0.5023043894358205
8128_4,0.16171052177206602
7800_3,0.1051401859584749
5852_1,0.006451783309266944
8027_1,0.0008801435298797793
10317_1,0.02828509358060684
10280_8,0.8223373721993844
3959_10,0.9990087187634337
6115_10,0.9999106949480068
6078_8,0.8081660841616528
12273_9,0.9863610905501029
1497_10,0.8340372429178307
2969_9,0.9965130375608399
2577_1,0.03563616022132068
4519_1,0.1372401617197873
8596_4,0.36431872828964795
254_3,0.03193024264115828
7005_8,0.8649930381850972
5426_10,0.8042788078661195
965_9,0.4671406993884049
2044_4,0.9739389564590811
9006_3,0.087692729258396
11462_10,0.966573977317511
4990_7,0.12044322849953638
163_7,0.4033900695200501
3134_3,0.14137325346938948
2922_4,0.4355772401658518
5777_1,0.002794385677906485
6340_7,0.9917033934255131
7896_1,0.012183796725505394
2321_8,0.811794815024426
2187_1,0.9187942416459385
1831_9,0.9998474050990136
9321_10,0.9284801367930055
9970_10,0.929777057457455
2978_4,0.704555137127963
7491_3,0.00585459704366536
2491_10,0.8059751280560778
749_1,0.05476975935543683
4751_2,0.10503660966683522
3276_1,0.05603612069240621
10889_9,0.9933432327469737
5887_1,0.1328894850814595
8806_9,0.9814700852124981
8569_2,0.0041401865151556895
3209_10,0.9967367293064738
7139_10,0.9766458777119591
5052_3,0.06011635743998624
5773_3,0.07850688397675937
1663_9,0.9909039563054116
3575_7,0.6950927933664133
12017_1,0.032195472153302186
12460_8,0.9985487185292654
7925_2,0.00026926968220378683
1643_10,0.9854156921615148
4537_1,0.0002503008636165771
10651_3,0.01901067579833848
12075_10,0.9207662616233727
4823_1,0.7147502698206291
5392_7,0.7730505060526213
5436_9,0.7279889693289621
3088_8,0.9813605587972491
6607_9,0.8866559784499669
7648_1,0.058178194110334765
1073_8,0.9755244903069688
4587_8,0.3711269435034526
9463_10,0.9667912249114966
11962_1,0.020062477047323477
8718_4,0.2307237978499016
7781_10,0.9690889308356996
11495_2,0.17703656184380998
2772_4,0.7515119809958949
4029_1,0.00016045752673177538
2080_10,0.7197175645250169
6250_9,0.9946308684384261
2985_9,0.30396605575689367
2935_7,0.36950778178720817
7900_1,9.317964943213238e-05
2433_8,0.9998180436393251
12366_1,0.0030930095687047945
10910_2,0.044285786696480846
5265_3,0.0001465604716463774
9603_10,0.586326646666056
11989_3,0.008519157160781648
2929_4,0.42871571084411775
1796_1,0.004621810340745689
10659_2,0.8760207301005656
4978_9,0.5750556765837155
11823_8,0.9878935647317981
1732_8,0.9354203086067193
1103_4,0.22385893189648348
8958_1,0.039116993458558694
8607_4,0.5835198487432359
5820_9,0.9995800358031569
8885_3,0.004501786839866108
3718_10,0.7901558794848803
3822_1,0.058902277616739385
9886_10,0.9926564255813756
9806_10,0.9460585175835544
10009_10,0.9141155165125175
5979_2,7.373045265353347e-06
11937_3,0.011719897287481773
4776_8,0.9837063502753806
9009_7,0.28708506445557097
8094_7,0.8384870566514729
828_3,0.6962919868865451
3318_1,0.001043286247901189
3558_4,0.2803993090196073
7967_8,0.9793548436281531
5275_7,0.9435157687811146
5130_1,0.0005448044694215386
1327_9,0.5716522963149117
11526_8,0.4489228959850895
32_10,0.9773098946604332
10697_1,0.00011588945851729934
9966_1,0.002927057482756716
3132_1,0.29026022372100463
967_2,0.06645312953685019
6483_10,0.834348539477403
698_10,0.8676402158830312
7848_2,0.1693630485854782
9349_1,0.04413951775562839
10532_9,0.9962658243890529
11819_2,0.18583496885362133
6812_1,0.001074498583735819
5401_1,0.026473168019958544
3528_1,9.267808616183638e-06
12239_1,0.005518466682127634
1479_4,0.0008886734677101912
2732_4,0.6536317400728701
6806_10,0.8092016959593088
2119_9,0.9782190624467565
8565_9,1.0166905272673095e-05
1914_8,0.7562173442840066
4835_1,0.003478307780595257
1029_2,0.02410344812565624
9228_4,0.48354636380465255
2391_2,0.028924517679403898
9674_9,0.9985068494324932
9404_9,0.6655638470309141
5987_1,0.007691046528357708
9237_8,0.9903493300635955
9879_2,0.1964713496723737
1370_10,0.04905317600481745
10662_1,0.11294381111778358
6937_7,0.5891671641447287
6355_9,0.8166861038445615
3784_4,0.12620386304817519
9136_10,0.5432924033453764
9557_4,0.3348474956831003
12013_7,0.9964755124928723
1114_4,0.16009433662052092
6890_10,0.9964854019124493
3238_8,0.9819708049514384
1790_10,0.9996575293968447
4277_8,0.9859826523099862
2257_4,0.9429081528443793
7677_10,0.9913426345495634
1618_4,0.20723158580660428
7314_1,0.3445398820038506
10332_1,0.019470700906818066
7746_2,0.9990264274464847
9303_3,0.02862991976201899
12321_9,0.8364910608284066
10341_2,0.05969932431337466
7745_9,0.91510395832786
11104_7,0.9632560315584736
10855_1,0.016887780485481837
10300_1,0.039182554079546524
2037_2,0.01343714108640633
7754_9,0.8260204164136673
9503_10,0.9303476842302737
396_7,0.9336531417876787
583_2,0.013089523697286814
4469_3,0.23766642743529653
11038_1,0.04557185080264413
2285_4,0.3502295029802884
5069_8,0.08954976315409757
8736_8,0.9677528039959653
9486_3,0.0379556091230702
11669_10,0.05307895081546056
8598_1,0.013854254328269477
1344_3,0.02115744956346506
11789_3,0.01289379090592607
9605_2,0.0802133476938348
10122_2,0.028339681689814003
3752_10,0.9370140434167489
3864_4,0.060498111804584434
10505_7,0.3942373609420572
3822_8,0.9373790518886902
8146_4,0.32918142233488046
11114_8,0.6436646955340443
7847_2,0.05708093758193224
10300_10,0.9727902224586017
7021_10,0.9437616698005309
8_9,0.22752380619069543
7199_2,0.0862378448309863
9392_9,0.5363449634409326
8234_7,0.8516548321333729
12328_7,0.8726561403784171
9918_9,0.7273323236051542
10066_7,0.0637185903632164
5482_2,0.11452835912713666
6914_4,0.01532871740889261
4665_7,0.3581691627599816
613_4,0.4677122435736442
577_8,0.7461739463700272
12490_4,0.36435842647141303
8637_3,0.47253389206501606
11815_4,0.14756806159623145
9490_10,0.9869130832175818
4388_3,0.0039038431268838994
11778_10,0.9943913371871276
4988_10,0.9936732696640114
6590_3,0.9225075748450368
4761_7,0.9090885055025398
8828_4,0.41322607567220915
10382_3,0.002381814357235645
3321_1,0.18220613998090207
2550_10,0.8566740254776268
12104_1,0.30748671090156565
6431_1,0.014527869894273356
8829_8,0.33568704085475143
858_7,0.39714528582127123
197_1,0.20263140522318934
3599_7,0.2331912580270166
10808_2,0.0012853189900380322
12050_4,0.4313278242026838
6348_1,5.1104094399649966e-05
11051_8,0.9315806532467569
11216_4,0.15178537284960897
8360_3,0.036894330213050164
9570_2,0.15361384635963568
8040_4,0.46570528461817384
3664_8,0.9933934334816774
10003_8,0.9977868072276045
3763_7,0.30936581770571253
9692_9,0.03305003433447799
4503_1,0.00013682586544191874
10985_2,0.3419619880470407
121_4,0.7541126265978966
5651_10,0.854793126268781
9416_3,0.0006955506807563794
9128_8,0.9421937896478979
8955_8,0.9839668754222917
8787_4,0.41366476024612814
1622_9,0.6775847115997026
762_3,0.0026916475408360814
6915_2,0.0574038088159364
8998_4,0.03751014336187347
8200_10,0.8178310764469018
1878_8,0.9897827254076972
5969_10,0.9844122556224002
8000_3,0.18212784163974258
8161_10,0.9977425002452884
9805_4,1.381224627762347e-07
3815_10,0.9927002732308333
3783_3,0.02544362096284961
4924_10,0.8704343722153088
7952_1,0.041422355133104195
4060_8,0.7246654955591433
775_1,0.029616698477988698
696_10,0.9836451144828334
8751_10,0.08615301019727833
6073_10,0.9935761561862975
9982_1,0.11086844680697332
3706_10,0.6626528955794554
5996_8,0.35757322080551146
3107_10,0.9273974970461943
8913_8,0.7870794023571939
8982_9,0.9832820847756517
8938_3,0.8143873175552087
3008_3,0.017198786060925113
3787_2,0.013100558062871007
6146_9,0.9940167312069057
5664_1,0.02419177921927478
2408_3,0.29890981385291
6153_2,0.05210025366368491
7023_7,0.9138331974525106
2571_3,2.9502868822102293e-06
6808_4,0.012588698462361495
6425_9,0.9998266786364244
11139_4,0.14240738690052188
320_7,0.8329187632433006
3098_1,2.7722967888322e-05
5369_10,0.34549371919972227
480_3,0.1282750189209397
7884_9,0.8742575661170671
5247_1,0.00020525171947861085
3192_2,0.04930531847270748
12127_1,0.001035414092326584
1237_7,0.9556633079545027
612_3,0.8594264519710416
6016_7,0.6094560318199792
10490_1,0.0020503403825145755
5180_8,0.7453133062522341
3122_4,0.2992880137324127
2845_8,0.9888811317776782
9000_8,0.9670163102552114
448_2,0.28623236348324455
1207_10,0.9447549782730621
11989_8,0.9977855013161749
11102_9,0.9989182833397411
1761_1,0.09597895004005028
9815_3,0.05156556030871699
12023_1,0.18470554540027279
9901_10,0.9979986137999322
11740_2,0.7010694211672927
4702_10,0.9942684254621154
4885_3,0.03656403064545093
0_2,0.15177570566186183
2273_2,0.03678706954767255
11340_8,0.8831683525381633
12012_4,0.5047463890591045
10534_10,0.7871611003977343
8424_2,0.051240392397206284
8716_3,0.14934629586845022
7154_10,0.9605333706711275
5001_1,0.01401871076007587
6511_3,0.11576766058096982
3308_7,0.6729162803947012
2720_2,0.06326800129592418
1183_10,0.9553969377032778
12387_2,0.00036024355421264485
6580_2,0.22060437538727
4431_9,0.9839114171070604
11828_7,0.7955362752092608
6737_10,0.9351253146048436
7505_4,0.06374286086171167
4798_2,0.7855637304834494
4773_1,0.03205691018144694
6719_3,0.005797952291482845
6475_3,0.009114317291868854
11733_3,0.20411920911808143
9360_7,0.828187558606698
5571_1,0.00021191843580984856
10316_10,0.9053605042068008
5068_3,0.009279530124597106
11188_8,0.1601115929269418
7291_3,0.6184302348589839
6233_3,0.1282434929229951
11710_1,0.06578213603562405
3780_7,0.9439426288419027
3210_10,0.9994785672035476
2885_3,0.35287806362752816
2912_4,0.19800117027147318
3320_4,0.048381974423495434
11275_4,0.27932677794385946
8406_1,0.0005508274625448042
8275_10,0.767369559590043
4862_9,0.9492147890289809
11817_2,0.05784870711719384
302_10,0.8492661930938341
11341_1,0.45178169303143223
4626_1,0.00019719624858725466
1030_2,0.051510665010992635
4799_8,0.9802431826951448
4845_1,0.00015089041080681222
3458_1,2.6915594441128922e-05
9535_9,0.9568884560585005
6553_10,0.9825351684727737
486_4,0.09221771833535124
11162_7,0.8371948928883186
7689_7,0.2893265084668005
12058_1,0.000733629674975955
3740_1,0.08325394099263297
11656_8,0.011693371095214775
9795_1,0.00304653911902867
1947_1,0.004510708324804503
1468_1,0.016277398473250052
4158_10,0.9497085794999599
5876_1,0.08866820338918487
12084_4,0.4397928931800376
5434_7,0.6603890378495806
7984_9,0.7212074480535424
2217_8,0.6847851641580736
2300_4,0.017169486200651774
8707_7,0.5173703978219552
3345_10,0.9998033855428777
7375_8,0.9273592100402116
1150_2,0.0253064268528815
8557_10,0.9415755957040639
5590_8,0.9648424490446161
5270_1,0.6282536077472186
10339_4,0.4767149409516194
6789_3,0.2707558950803655
4289_1,0.3389675954425479
693_4,0.550251674146642
326_1,0.9746422456256238
9786_8,0.9218961240596057
6610_10,0.994202637462107
11350_9,0.9903564273576648
10907_1,0.23739324857850277
3285_8,0.8000102282604452
10964_4,0.00088239206005715
5411_1,0.0457061358275867
6188_10,0.9696401767632837
7110_3,0.032294219601750905
7355_8,0.31252736630139133
12116_1,0.1745769254103583
1187_1,0.00015279958429306978
12167_7,0.9218821556567667
5530_9,0.9347007037419462
2829_10,0.23092533675751514
9549_4,0.015026430860146345
8805_10,0.9970048498252551
10265_3,0.13739565360716302
5227_3,0.000677281998979719
8693_10,0.43292190195957636
6331_10,0.9921210748708916
9079_4,0.026097937894032527
7200_1,0.00952774303813635
9322_10,0.9992798774726622
2899_4,0.00015451575832965843
6478_10,0.991497557955732
4659_1,0.012873579076332986
6755_1,0.015956799940160193
10385_10,0.9943066342971553
11861_1,0.00013863226488942696
5483_10,0.9988463152783569
4012_10,0.9946634527066951
7146_9,0.9968438054442086
3782_9,0.9655202935907291
12181_4,0.03067912214864641
10663_10,0.7691341807374286
4712_1,0.0015959848257110273
11071_10,0.5547362932864369
11171_3,0.04839375597884767
9043_10,0.9963265661750118
9912_10,0.1702866326552177
7306_9,0.9227749452800649
12382_9,0.5770272083715998
11654_9,0.935276607106049
8848_1,0.00016721201880772835
4076_3,0.1827015336589811
8248_3,0.453443986143848
10011_1,0.010716762607362014
11769_1,0.0017901433553408081
4164_9,0.9951800820730561
1831_1,0.0006339563395937139
4164_1,0.09485574971429836
318_3,0.27248406083111015
7221_10,0.9462017266505405
10912_8,0.9943062007280494
1321_4,0.23366481049638066
7712_7,0.9313714875435957
2680_4,0.017949866887683845
8374_1,0.007271965895082401
995_7,0.9802201424464946
2009_1,0.001701401625335414
3905_9,0.9770569740687362
3348_3,0.06712758256313912
6466_1,0.05597779098924919
11900_10,0.9914797693844898
1634_7,0.23681923136547992
8245_4,0.07373277702411672
8561_1,0.0523309966911549
2072_2,0.0067375048241217796
12060_10,0.9777423260054876
8178_3,0.16540019051829485
8778_1,0.06328614230638077
10489_8,0.9856407407025964
10118_8,0.9654641360968237
3470_8,0.99635686602486
8014_4,0.9404312651109701
582_10,0.8937720068923178
8984_8,0.39970043651271864
9085_8,0.7516023422893835
8894_2,0.1575846553240139
3762_2,0.08527511991042368
3815_2,0.0006114538280012631
5903_9,0.7188832534948696
8907_10,0.9926124178037239
6140_7,0.9675482330894809
9279_4,0.8349202987719775
2948_9,0.9913878143118928
10588_10,0.9877723157166459
8239_1,0.07229294012809087
6986_2,0.00500744950576083
5308_3,0.020775505244456573
11984_8,0.3937259926603878
9984_4,0.41780392409414757
11803_8,0.9951678419992797
2925_10,0.9052485100961256
11396_10,0.6856213235364876
8998_7,0.7973996187033412
4511_7,0.9966636574361778
5780_2,0.3857884865098706
9838_4,0.14429085479214554
422_10,0.8588832247797209
11389_10,0.8453382199101934
8511_3,0.8629196476974673
2089_10,0.9932927624007207
5818_3,0.03984947632842262
566_9,0.6030704032587004
452_10,0.9977283045211541
4451_9,0.990286352225459
6105_1,0.10158105389012262
2158_10,0.01925934684632399
10395_2,0.4292252923016488
11291_3,7.12123241972654e-05
2408_8,0.9778005025038969
3698_9,0.20146828650971274
6060_2,0.0009402288594018978
9509_10,0.836411857266389
7136_10,0.9820073509823947
5557_10,0.9990131319932639
7155_2,0.0010356057184026499
11421_10,0.9650950674903307
3620_4,0.9585055435871722
2176_4,0.7041551355085169
8970_1,0.481726322781074
11186_10,0.981896126056052
9604_3,0.12191932404379338
6047_10,0.2937131753871432
4487_9,0.9762867432119898
11880_3,0.03345775242718163
2650_2,0.032802786959206284
5279_1,0.05020018294448064
9289_1,0.023139495219198725
11673_10,0.9576690774966682
6890_2,0.0021118529296296064
2668_10,0.9538797696705876
942_1,0.00029229638709653733
264_1,0.03259085922840223
10157_1,0.08995644868026076
791_10,0.946905030251177
11434_9,0.9651098644081565
5630_2,0.5706807640826218
9392_1,6.042099243969779e-05
12471_3,0.28847568607018037
8593_9,0.2512186789038291
10333_10,0.7030875401332312
9146_8,0.9700666402599705
5404_7,0.9843453479806378
7662_9,0.828600878953447
11068_1,0.20413155960214888
4460_2,0.1327883445858181
5002_10,0.9892936470139322
9269_9,0.9975376500030716
1639_10,0.9843095153281453
9045_1,0.30304483376263075
9944_8,0.5484302743871804
4091_4,0.103552773052942
6889_4,0.29251641743365797
71_9,0.9999455674812548
10173_8,0.9940689879597691
2513_8,0.684993726790187
7507_1,0.006557039419484218
1235_2,0.013542746557719452
3325_1,0.15473369999399886
4146_7,0.144403899254315
7286_8,0.9086188650682219
4096_1,0.005682882043820574
3897_7,0.9997509001706434
11240_10,0.9989756695062725
4109_1,0.004665160828280452
9566_4,0.0710372730890061
2038_8,0.9742895091196814
6985_7,0.9363116800434389
6967_9,0.9540892703615276
11020_10,0.8219795135292747
3291_1,0.03094262624289865
9763_3,0.10588666291726799
1943_7,0.33154899094487245
7599_7,0.772220450949747
8158_8,0.995354741002132
4140_3,0.00958966961647557
11840_2,0.0004119232044283653
9675_1,0.00249271049237698
10878_1,5.1866846212182765e-05
10760_1,0.004147621006749069
260_1,5.0844625877648566e-05
8188_10,0.9595231733659954
3260_1,0.2742620914768889
6172_9,0.821873213789887
10021_3,0.17924147225297843
7784_10,0.9987632438713239
4066_1,0.0431237833509407
12325_10,0.967165321686687
9894_8,0.9751821411428255
1242_1,0.002501356248917406
2059_1,0.003297223963488018
10686_7,0.9421971354693461
8110_2,0.01064319826431464
8398_7,0.912304909538527
6096_9,0.11603053758557393
9422_3,0.0526991123966971
2919_4,0.9212316512298251
10248_1,0.1001726845935879
7480_1,0.011310587168996742
3248_8,0.9968804257559518
10264_2,0.025048608929165703
7401_10,0.14756563159481878
10528_1,0.25626228778577664
7623_8,0.17399783583764697
3968_2,0.015124686832510283
10918_4,0.09808186127041697
5146_7,0.923453347418906
12466_4,0.030057058580537793
10395_10,0.08687298342064805
3862_8,0.9957914740549051
2247_1,0.41097070358652416
2979_9,0.9995987266118811
3271_9,0.9377988511911219
5225_1,0.010166909941178444
5662_1,0.6770105327489395
12087_3,0.31955093715004673
10765_10,0.9997189466123902
1256_4,0.06925276077620199
2057_1,0.0012815127452702984
2610_7,0.947601105885709
2065_2,0.0012046748951114
4410_3,0.28462516431096774
6847_10,0.9980069347675569
1927_1,0.21364877733215729
4201_9,0.9503309046150951
2578_8,0.951314206308277
74_10,0.9859126749293194
8324_10,0.9999815480550167
4762_8,0.3488680235450838
10612_3,0.07827818404762016
11353_10,0.8211321962143889
10709_8,0.7630163973441316
3978_7,0.624511982300981
954_4,0.04132472535641665
2493_10,0.7534340088109341
8293_7,0.9651502104515072
9454_1,0.05665610125717434
8982_1,0.35290638532471114
5201_3,0.12828356802561355
9758_1,0.0006812993155105593
5999_8,0.6681401870600314
11000_1,5.02140618265736e-06
647_1,0.08109534795024857
7345_9,0.9994617314147185
5105_3,0.0883706968923244
9488_4,0.03738474369023355
11810_10,0.8346887245227919
5343_8,0.7260379193910605
1671_7,0.9488256183860648
6414_2,0.32531870968460597
3749_8,0.9049804872756163
2310_2,0.0015783776430158582
8460_2,6.924151294263604e-05
12305_1,0.0045275485552126755
11672_1,1.7206966612444323e-05
11726_10,0.8704398287835742
11659_2,0.6769533576553727
8684_2,0.03645910704649121
6546_10,0.9886574942737626
1980_8,0.9833617760690248
3113_10,0.9432196137987646
8440_1,0.0025529888859992084
7473_7,0.9427766903242082
726_7,0.470718986813717
11165_10,0.9874908622966455
9830_2,0.1729555577006779
6409_10,0.9129919561678899
11455_3,0.038352536008787956
993_3,0.04855176501005817
3186_1,0.045271255894423504
11631_4,0.003836210858695174
3225_1,0.0026868798382066127
4442_1,0.0017208813942143986
6775_9,0.9726789404803731
230_7,0.36859239205799454
5971_4,0.24110288540952177
763_10,0.9994865094560357
9943_10,0.9954195581645641
10098_9,0.8007282096939162
7219_10,0.7194314043275618
6348_8,0.5528737543773121
5774_10,0.8102120792014366
1842_4,0.1565577098686221
3544_8,0.9392446050076259
5661_10,0.9827383896134875
8698_1,0.08459732894218004
7576_1,0.006510797678209147
584_3,0.09375520731838705
9963_8,0.7822001169532741
11653_8,0.9928819738346025
4269_1,0.0003363780951857671
728_1,0.056364672264268674
7118_2,0.0005915941409223095
6305_4,0.9022210343681628
5970_4,0.40294752483783614
4729_1,0.05064037629942178
7638_10,0.7315791654615621
2709_10,0.9480737249060848
1461_7,0.5708851710147094
5302_10,0.953691664389603
3589_10,0.9999304456443486
3897_4,0.09967790017554667
9883_1,0.05718759037269971
9903_4,0.005619342850848948
9789_1,0.15582593924143748
2971_4,0.09559808533829359
5015_7,0.9701665741130644
9215_1,0.0864690050875517
8553_2,0.058918880605481984
5671_3,0.047787587510295916
748_7,0.9285270833589361
8222_10,0.982973356689291
9336_3,0.4698119241995545
1585_1,0.15179722644359664
10634_8,0.9434582801615872
4549_8,0.9986362313999968
7014_10,0.9591794906751459
2412_10,0.8706959578702368
5779_10,0.36316413457089164
11949_4,0.22442526877016106
6879_8,0.9537854518192449
4432_2,0.26330197660720184
5825_10,0.8810669999144454
10422_9,0.6025250499391871
4575_10,0.9954431300965776
11520_1,0.0044008269380347844
6612_1,0.6836808427205799
4206_7,0.8698039925585874
1611_10,0.9109542505470086
8170_10,0.9937409665442114
96_1,0.0010886833509749867
715_10,0.8431759601116284
10032_8,0.8866362896235285
2585_1,0.1052767024538307
7477_3,0.6333480204142434
2778_10,0.9918690793957917
6807_1,0.7339353309197156
6378_1,0.2602261964255098
1752_10,0.9698332220538091
2305_8,0.9857148964119938
7423_3,0.010276603879518096
496_9,0.9999868776175291
10829_1,0.00027570637009239214
7012_9,0.49898388186924114
7701_7,0.9707332859521944
6858_8,0.9992358074417659
2723_4,0.12688921568044978
5720_1,0.08187411118595048
1531_9,0.7825082399803324
3052_8,0.9244484702423413
2728_7,0.652606571047656
2275_4,0.01805994131484103
11211_1,0.41183893999514687
4603_3,0.7586360315150029
2273_9,0.9996641136629775
11662_2,0.292858963564043
4887_3,0.030057580066952357
8155_9,0.9909997995840041
2373_4,0.3108464353909434
1754_1,0.014779408036628191
12247_9,0.9738343656304514
10327_1,3.6748055052879316e-05
8968_3,0.14248155991578929
370_8,0.9792651164484678
559_10,0.9955718378541788
8273_3,0.05000576989055702
8125_2,0.08298938844352752
8666_9,0.843266763751353
4827_7,0.6790522036830341
9737_10,0.9682445461071557
5604_8,0.49523447720534247
8331_10,0.9742428900060337
886_2,0.019650931707468722
4413_7,0.8211225804005962
4116_7,0.9401510026438142
3675_1,0.28396219506052794
496_3,0.5666066395711628
8837_4,0.43296507848150056
3099_2,0.05849408157567415
5518_4,0.6368845454837555
6953_9,0.9830304724810608
1240_9,0.8922830766580112
8614_1,0.03205695826962255
1628_8,0.42785882495371724
1673_3,0.06038477347530853
10806_8,0.9916904395814172
780_9,0.9265155760317237
6957_8,0.9842054215852403
10903_8,0.9948945956829827
9908_7,0.442316826676584
4696_9,0.9368351780464161
3816_7,0.6916072805930303
489_9,0.9999926248813639
2254_1,0.10669723254052298
122_8,0.6413003627581251
3171_8,0.8741373666215329
54_3,0.31912995477526734
8826_4,0.562386036658316
7686_1,0.003048551322951627
10875_3,0.0007508811905900442
4858_10,0.6785011651646693
1268_8,0.8528148219357901
3497_10,0.7447451334580666
6527_1,0.021816184222021088
1345_9,0.7956141512034264
10092_4,0.4965894375932854
11571_9,0.9867509283776773
2899_10,0.9866542565901725
5381_10,0.9982965953761644
8722_1,0.0205213461072725
10521_10,0.9090002551912443
296_9,0.996654363053603
6184_1,0.09646674934360647
6657_10,0.9866627682057705
5972_9,0.84442876945171
8599_7,0.17324068039435545
6125_1,0.0505985903284525
5834_2,0.16683944888010158
12479_9,0.6254380759239508
3253_2,0.08051119921532975
4986_9,0.9382850252044367
6439_7,0.855653439425801
9659_8,0.9656384578937566
3375_3,0.02674723861977976
3155_10,0.9673100376743926
3478_9,0.9234343705112102
6251_1,1.31873855382336e-06
6281_1,3.5491673167716426e-06
4669_8,0.9541962015331438
2843_2,0.00449860555020636
8137_8,0.9230247350196539
9390_10,0.9291086073224613
11401_3,0.041506507276284965
1455_4,0.3204218155554381
8418_9,0.9676256316864773
7064_4,0.17181603310791532
7467_4,0.26099096269190697
12492_10,0.9869245258239245
1969_4,0.17009549314110578
5388_8,0.2837993218548146
3287_2,0.029624263623965363
3493_1,0.10001742977243011
11682_8,0.7448159876081055
7860_3,0.6243135815608637
5507_4,0.028863264002655726
11741_10,0.956866320948122
8041_8,0.9941442110474973
3525_7,0.9249701962273185
12256_9,0.9864775573782314
1559_10,0.9982989322245959
5477_9,0.9742106079564995
736_2,0.014057966767522367
29_10,0.9997894864975704
12257_7,0.9492017909702041
11184_3,0.07073183330783618
5323_4,0.0015063728355448074
11315_3,0.9325797000063206
1400_4,0.5439597981984748
7978_3,0.004095361297167755
6543_10,0.6986670894464599
2120_10,0.843736001954604
3033_10,0.992128273215514
4096_7,0.9620040659594586
10945_1,0.2297998123136316
10726_7,0.9741737832204325
10568_10,0.9998957354163386
8966_8,0.99305553792421
12274_4,0.005964252566495578
10560_4,0.1319933976203273
12352_8,0.6702951399307047
5860_1,0.003710463600168966
11828_1,0.016567183314146812
10752_7,0.7771332156759706
6501_4,0.2711406277098473
561_1,0.030359393509155348
6796_1,0.09482510423102113
2626_4,0.7430770685716035
9089_3,0.005411493851229238
10921_10,0.9976247171727087
6969_10,0.94893255789332
1039_1,0.0014099682883418564
9561_2,0.022982222809773613
2651_10,0.9840593753425408
8929_7,0.39544308641525816
6434_2,0.2024598956301444
3954_1,0.0023957406895403943
12408_10,0.7999054203144881
9230_8,0.8056971612368514
6626_1,0.05126712826975892
1913_2,0.5559041626465903
9277_10,0.9623521651264868
8177_8,0.8363631370658785
7174_2,0.31561377151001807
10000_7,0.9787592338697462
849_1,0.07320106683585222
9768_1,0.04935560830116526
2852_7,0.9522496054849511
7872_10,0.9989696611228304
7331_7,0.8767167836134236
9716_8,0.9406094479588751
5672_1,0.30364125525733154
11305_7,0.2816007022676129
4750_2,0.24236804770002526
3606_7,0.9788768804839861
10329_1,0.0007451936578959727
4407_8,0.9800944750110984
4298_8,0.9936579997736932
1526_3,0.7686246038319149
1177_8,0.8389553686364363
8366_3,0.0019668693373087773
1848_9,0.9869825262736158
9689_1,1.953762059706439e-05
4883_7,0.7752420897020803
10485_10,0.9916027941434415
10851_9,0.6330326477568401
1550_7,0.9580373011357779
5088_7,0.9122831107538162
7420_7,0.9627458361672014
8306_4,0.3761843239964365
7474_9,0.46364943288426835
5297_10,0.998290417718597
9105_1,0.00013863731700344947
4806_8,0.9871167426643622
11659_10,0.9684051545800031
5491_4,0.6552241100870382
4175_1,0.0015253962091234911
8726_1,0.0004416685356977253
9049_4,0.006927764298275043
3266_10,0.9491837852169798
1396_1,0.060189911949977026
8364_4,0.8247348575003102
3945_2,0.0011551262131079285
196_4,0.03898817473175857
279_1,0.02190628531719827
12203_2,0.0005107148982473015
8613_8,0.7836934577548919
3839_10,0.9998346777601256
2780_7,0.3436750728638619
10493_10,0.9937879515847736
6866_9,0.9725180378595336
4044_10,0.9069759086200775
2435_1,0.0030910523143961124
1976_4,0.8233221371926916
8649_3,0.0028363198825235095
7299_1,0.005178856123311797
6018_2,0.0014659640792772854
9729_8,0.9823491827563473
3154_10,0.9105365413747691
950_1,0.015390648436153445
1409_4,0.08232176343608187
5175_10,0.9999894538639142
9722_4,0.05113442545322284
4077_2,0.06525402758543611
7067_1,0.012066965110995972
10984_10,0.9924690489823138
7117_1,0.002623802455880809
2121_10,0.982168173311014
1386_10,0.820169346644338
12236_10,0.8157930333827502
11844_1,0.02751123463685413
8085_9,0.9417004043352524
333_3,0.09508045828176172
6522_3,0.08476753525693231
249_7,0.6963697166453452
1199_1,0.0001085299331898942
499_8,0.8556205508511355
10033_1,0.007622845870615702
7699_9,0.9617100043342424
4829_7,0.6757036839688071
665_1,0.007344041541911936
6743_8,0.44906467480231776
10153_10,0.7275925199665634
4757_2,0.22633630858412307
6942_10,0.9788598140132265
3895_7,0.65941520452687
11128_1,0.020753544953648742
4404_3,0.10167619154020019
10811_1,0.001535944845909638
1165_7,0.911493159603404
10907_8,0.8869651179779497
1859_10,0.980597033215951
5836_10,0.8846038936848888
10158_2,0.17434895891200142
899_3,0.3409630377998655
8631_1,0.8535313185431118
7153_8,0.883943881884962
847_2,0.020608821618996267
4418_10,0.9977243509583671
12320_10,0.9447848299624374
11242_8,0.6508868800542245
7046_7,0.9595958038534532
1819_10,0.9940172983802723
1651_10,0.8507803606716462
8280_10,0.9999709376774565
2062_9,0.9927043958912942
4781_8,0.9994075945312899
10314_1,0.17588503125574917
1934_1,0.002721191321845679
12230_7,0.5918665338817127
6689_9,0.9992728550405342
987_4,0.22189926881277447
9881_2,0.29601110806501946
4571_7,0.8668652253129095
569_4,0.18722495052538626
11392_3,0.273197471220883
10716_2,0.000896846265259316
7643_3,0.1313641507188206
7429_8,0.9691669565155472
11315_7,0.4644845775582545
3097_9,0.5188421970566944
10398_1,0.012036200362636388
6299_8,0.693899606687484
5951_2,0.02423447016709646
8930_8,0.8912557768447097
1852_4,0.0053960472363035455
2857_7,0.49631064307696904
4544_9,0.635509252874811
9492_10,0.27646635901198924
1947_8,0.9194518524922743
9178_2,0.2136238960057603
6290_3,0.0014720346093110832
6313_8,0.9593750370534573
6975_8,0.9310180143488821
12258_10,0.98599565449638
3970_10,0.8388794252519829
8096_7,0.9773155142567805
10872_3,0.003946602278667322
3660_1,0.08306747564437306
7958_10,0.9845690178479087
652_1,0.0010287001297414886
10331_1,0.0014758623037859676
2368_4,0.04078831299369986
12367_1,0.003117214103244052
12125_3,0.3221461574062749
5785_8,0.520621858308387
5213_10,0.7108110148292175
6334_8,0.9147191193457735
8005_4,0.19115252843238956
8405_7,0.8833949129693988
4629_2,0.02002742660478166
9342_8,0.9843925551424428
11634_3,0.040431216237530376
2878_2,0.6354412124273042
6195_1,0.11674001344587297
6994_8,0.9124215642781959
12170_3,0.11487369851185109
7384_1,0.010755479735862638
1047_8,0.9628835995747246
669_2,0.11354513812351374
2976_1,0.0753405247684014
4718_1,0.009845437825215624
1203_1,0.0007673988235959044
9113_10,0.983094039200408
2928_1,0.38760035476417043
10734_8,0.8936781666491058
6469_7,0.53791220232988
2896_3,0.13399589607765774
12061_8,0.9901762227401019
240_9,0.9306009620223643
8580_1,0.3222069821993121
1961_1,0.790971822365246
6145_1,0.00046293865459294336
11028_4,0.7961583930633124
7664_1,6.083764007708439e-08
3022_1,0.7150563571390381
7893_8,0.5953838636737568
1149_8,0.9620586585746875
8301_8,0.47181283918322686
8210_10,0.9482481122072771
9949_8,0.43588429557605285
2961_4,0.03896985743555839
9796_10,0.9685787536334771
4397_7,0.9296054756079171
2936_3,0.5139445182376376
11382_10,0.9758359854871853
11671_1,0.2509754079951898
10864_1,0.006391342627166349
11253_4,0.12670524733113
4692_3,0.23975592368158896
11905_2,0.6369763099181756
12066_1,0.3088039942652321
789_8,0.7155628081039478
7700_8,0.42159598615224525
7697_7,0.846393431201419
8628_4,0.09388430959172514
5719_2,0.11548478775582531
4761_2,0.0012499260137583974
8777_1,0.004856924379781807
3525_1,0.06062031873591395
11990_4,0.2792114069844218
432_10,0.981576385753949
4115_3,0.01415870850694894
10888_10,0.8979710386782209
6995_2,0.4333246430335187
11910_10,0.8473083223432581
8895_1,0.044853138055347165
12149_10,0.9826427115153438
11782_8,0.01760193481411788
12139_7,0.5580510799263042
380_2,0.6737196155995829
5242_10,0.5321563616417448
3542_9,0.9676352555728246
6821_1,0.48251103561232284
6931_1,0.013802518837330378
5958_9,0.8860559176094622
5332_2,0.007616685961981676
2630_2,0.034749880544594824
6387_7,0.031643233373989235
7899_8,0.948128846755699
11017_3,0.008875785582922534
11800_10,0.9476666422112008
10926_10,0.9556964853789165
9866_10,0.891740656554124
3203_2,0.03691788209246198
11276_4,0.274686582187942
8342_2,0.8294966958373626
6167_10,0.7970148850120211
36_3,0.010311624921901264
3340_1,0.006513904510144554
3997_9,0.988289175685458
2627_10,0.9968210998973844
4204_1,0.0038664202077152263
1018_4,0.1330832716173559
10951_1,0.0020011027255977614
5315_4,0.34187741729974225
6301_7,0.9061090572624245
12038_10,0.994756197549657
3164_10,0.11835490609293926
10989_8,0.9915498728305401
2449_9,0.775510741245474
4375_1,0.0006503862757606341
7037_3,0.10317380290191926
33_7,0.8879852993121383
7457_10,0.9099827578654295
2082_3,0.04508241427653479
1316_10,0.9849456080625316
9097_3,0.3620781975120678
5804_10,0.9658118480482063
9411_1,0.0030613267400416986
118_10,0.9715678566769976
560_3,0.2819359104100488
8914_9,0.29319515466067714
2745_4,0.36964992206462605
2607_1,0.005387632600450999
4405_4,0.8954157900718258
10451_1,0.037110584840253036
1887_7,0.7697280356027518
725_2,0.13393111868299276
5118_4,0.002547292348037501
9536_1,0.0015151417410322772
127_3,0.02023268620231861
2833_8,0.9826195608897698
131_7,0.9666855051106071
7789_10,0.9661649831706302
6294_7,0.7396357396120024
3872_4,0.14208357315293102
5454_7,0.9199023202534956
11162_1,0.0004583480143411516
1685_1,0.0006229781475366843
8352_2,0.036507664896289635
5003_1,0.007580359939122891
262_9,0.6696173776414579
8233_8,0.6982869354253611
1814_10,0.9989448413936605
1967_10,0.15073177575531768
7545_10,0.9504888671401168
12386_2,0.019157249717176642
9531_9,0.9427163315312944
3013_1,0.03233830671371893
6835_10,0.9993370467965177
1279_3,0.4450806868419288
2411_1,0.02744996771024937
9537_1,1.1797458962394678e-05
3446_10,0.9956231415799558
656_4,0.14829637569113235
7085_1,0.004376788893715349
8355_1,0.41918242466082534
1869_3,0.3744779786703456
2317_2,0.006939090031583513
11228_4,0.19437033277422916
3987_8,0.998459681517845
509_3,0.016088256037023786
5168_8,0.9829662302937678
9267_10,0.9993954147898455
912_10,0.9923425719762996
10275_9,0.9836183342807414
2855_10,0.5312431917597871
6079_4,0.3525994754799796
2728_1,0.008014152567613201
9895_4,0.11719800567855301
8230_7,0.9756947321257142
5152_4,0.4470984323523072
4137_8,0.9996319598790727
919_10,0.9049608340950538
1481_1,0.05981874850401356
2468_1,0.007835319053874624
383_1,0.0002088287344090291
11552_4,0.00036639387446760717
856_7,0.5129639418005196
9047_1,0.002666652105668468
2300_9,0.6891118814227796
1346_7,0.9670798073847733
6316_4,0.5606182412936158
7983_10,0.9732363541622019
9685_10,0.3507819877815273
2745_10,0.6123291787699257
8149_1,0.3920982493643561
9478_1,0.004486813007450687
3126_3,0.19009588652275725
11629_10,0.8323355187778714
5858_8,0.7543784873528888
200_8,0.9656180364987972
7721_4,0.7839095210929459
12334_8,0.7779728090968588
9582_4,0.21753064978115796
5696_9,0.8292304257341222
3823_3,0.2729162239702649
11571_4,0.9260898779668207
1349_9,0.9387363096219459
4306_7,0.9984378418468208
6924_1,0.047600510610513666
10639_10,0.05720747058066481
5674_1,0.1114089554557409
11321_1,0.0005568883627063835
771_4,0.15508598812687732
3519_1,0.008006322701300079
2378_2,0.055930502202393345
5677_10,0.9954338504505122
2807_4,0.7191388469707647
10165_9,0.7464710486379522
6940_1,0.01568739700310508
11015_3,0.08463742763142622
1055_3,0.27258122706205556
11055_9,0.9851642657717838
8173_1,0.7237499279217422
10743_1,0.08902616768163116
11927_3,0.390524194715437
8785_4,0.9226000676951637
10995_1,1.33031367569656e-05
11899_1,0.002834930132635754
10078_10,0.9823128747591736
11831_8,0.8511518202997311
8182_1,0.814158930905693
9664_2,0.023591454592709532
12229_9,0.9999261506636233
6076_2,0.049719560808961935
8529_2,0.03568787834647711
4686_1,0.024336700406059043
8174_9,0.9989562810043408
7395_4,0.4143523949231185
1803_10,0.9994478378975749
2508_1,0.0006355112955602066
452_2,0.005703305402437248
8830_4,0.225087044061502
3240_4,0.9566129563205535
578_2,0.4832138708008999
3093_2,0.021754922198488083
9543_1,8.436862936371754e-05
9065_4,0.041342781279869026
534_4,0.10005435212576579
9762_2,0.27398325025063563
3037_1,0.043313451324997046
4632_7,0.6490279248345898
5064_8,0.5741142473774339
9962_10,0.8532150325541392
9340_10,0.9835013077556172
5881_1,0.0008502063442346853
4642_10,0.9993973451736357
5293_4,0.3097852320890677
6721_1,0.001094541703532461
9869_7,0.6407240382834858
7070_10,0.9941463519575036
12486_9,0.9847676706162497
4943_9,0.9230115616052004
7939_10,0.5160960469950819
5786_3,0.4201097225752364
10357_7,0.2539895342906596
7147_10,0.9993453627834553
8627_10,0.8139084186528216
3370_1,0.10464119536109703
4117_10,0.9955048894774426
8178_7,0.9925054849355951
968_8,0.9995271373647746
5931_8,0.7700213609255281
6459_2,0.001627050786289935
2480_3,0.07271026691703894
5511_10,0.6278671434796921
7554_2,0.00172953713637809
9276_8,0.9835736421075123
140_2,0.0942319354207135
2776_10,0.9943170988128981
3690_1,0.6744152716275892
6369_2,0.6249352356993267
7438_10,0.9999907381076706
872_9,0.698510583329766
2389_2,0.2051697197334339
2882_3,0.7792904423052426
10404_9,0.9473760241087971
5790_4,0.4923388332395167
2382_7,0.9771566664785418
7798_1,0.006174301415871715
272_1,0.00242187470040787
298_1,0.027846717443760174
11414_7,0.3385538105456897
9255_4,0.7527414248681923
5914_4,0.1977997001117211
2974_7,0.7056276532215298
6739_7,0.9287805368096013
1229_7,0.5069740662313357
2268_10,0.9793346216381255
2352_7,0.6709249460186322
9329_10,0.9989320077159208
11380_10,0.9591314592986254
215_4,0.014568842529716217
9915_2,0.007687715907220129
541_1,0.01621492854574612
10975_2,0.12472447979354724
6946_9,0.8837533714768938
3286_7,0.8511584333604819
7482_10,0.6670154454567503
48_4,0.8707629003225987
10046_4,0.5126105581999923
6295_1,0.0011342153815608255
6417_4,0.008972396634263642
2401_4,0.03308171231365931
8608_1,0.21641433162697327
3500_8,0.47697639180320595
11903_3,0.012284275135898547
4012_2,0.781341740031759
11415_4,0.7229316599549747
5835_4,0.023045878308184064
9039_4,0.1901131532327129
6526_1,0.5493445900886657
6379_8,0.9485590602425865
6136_10,0.764144273707224
6094_4,0.157669374876367
11608_9,0.6393158598724922
3745_3,0.13225495245531455
10694_1,0.008591652422631766
3222_10,0.95175190196996
3394_4,0.059391892099600725
7790_10,0.8991878981323245
2982_10,0.9757548018223418
12253_3,0.9959878378561603
5900_1,0.8063845205853171
3398_4,0.6015262595682559
10038_7,0.2772067876208566
1520_8,0.8647628412972082
11756_2,0.14277279670421855
6228_1,0.019249690973446615
6226_7,0.7518704154062521
4377_10,0.6030742267492382
9730_1,0.03474989576604383
11088_4,0.9496912264505496
7867_10,0.982462601447328
5072_1,0.5323843615282836
7935_3,0.2176099173179471
4536_3,0.6616558632361955
6989_2,0.003683231222778061
8101_8,0.9696318867322681
3364_7,0.7713155901176505
7862_1,0.0035887596709231057
8562_2,0.007343790765084377
9783_9,0.9464022378339623
7272_1,0.005911873287613523
1025_3,0.14694994689064103
9432_7,0.8620784419317062
4153_8,0.9981960698505903
8528_1,0.0009081368426161825
8427_4,0.7494359228292795
5417_1,0.03161379320066217
6575_1,0.11809227491293185
10041_8,0.9687793473886367
7589_4,0.35624697331956556
10391_9,0.2513653979539981
1400_7,0.8392545203740815
9428_2,0.4469291654801002
7106_3,0.0237092502986946
5695_10,0.9839675745248119
6430_10,0.9876728760233595
11722_4,0.04240349281872252
11328_1,0.00012414210655540108
9020_3,0.04677825849270807
183_10,0.9948917992661689
6674_10,0.9850344633338645
5495_10,0.8669795458256221
2237_7,0.4996349873748899
11943_7,0.8381836229382906
5872_10,0.8076940202686145
5043_9,0.6191135430260931
3869_1,0.11175605136243921
5113_4,0.748576739233748
4671_3,0.006746950346443452
9220_4,0.8655463137498642
7330_1,0.0005036915963962663
5344_3,0.0002248925567082355
11965_1,0.010365087653071321
7620_9,0.9123450683345785
7044_10,0.4628736691290046
6296_10,0.8646429926248305
8204_1,0.0021044723734102194
7661_9,0.4283465171852708
11708_2,0.04460820745292132
2415_7,0.9457881065859718
7840_4,0.016141585117262817
2628_10,0.9972365339088747
4633_3,0.04269726526937881
7320_2,0.010502940025000391
11755_1,0.04303628491368088
2589_2,0.5341107001397689
5044_10,0.9999065321162335
5189_1,0.00030167466473093266
7926_7,0.9058738337176953
2454_10,0.9829779638760807
3368_1,0.0033418568376986212
12223_7,0.9543492001993306
7348_1,0.001726043375669007
12007_8,0.5378077771727269
5501_7,0.9445208161487558
4025_8,0.9997214719162039
6447_10,0.7942751912536192
5438_3,0.020957439674387734
7910_10,0.9805407977914137
377_1,0.016505219166659656
409_8,0.9970878783404968
2150_9,0.929301949343674
11986_2,0.138742050194441
2544_2,0.2808474750422302
5141_10,0.998054306266232
8305_3,0.8515614438705567
8329_10,0.9261582721926658
2333_8,0.7091599342542277
5171_4,0.03964533043716123
5412_10,0.9937893695967575
1081_10,0.8076160067469949
10773_7,0.9989562677195459
1969_10,0.9634139122538821
8276_10,0.918039826540986
1244_1,0.0834784705045157
7113_2,0.7177611250394764
9535_2,0.06890410234512898
4627_7,0.9639889997744732
10757_4,0.07540158316562065
10091_10,0.8714249171327402
5211_10,0.40253074580056986
7510_7,0.2032547592883959
11674_10,0.9946273616485447
5299_8,0.9784754991413654
3515_8,0.3956090996059761
10143_3,0.04567357129049566
2274_10,0.5410522476685159
2372_3,0.45491917383673436
3116_8,0.9421449578086566
7340_3,0.00942120560700074
1394_9,0.9912494402882536
2047_9,0.3307821611622337
8587_2,0.8173810037362471
11579_10,0.8182728196359292
942_10,0.9960270230847666
9355_4,0.5221065736651027
8812_10,0.9216295940514753
4732_2,0.0001854671224787205
3180_10,0.8640183105312165
310_9,0.6181800436113553
3980_8,0.6378952442981083
6923_2,0.14859519614170164
2424_9,0.6557042540589145
1092_4,0.05187335082665225
9238_7,0.6663909420359763
2382_2,0.00045897900217168924
3579_1,0.0001806852153886497
6801_8,0.9635524517565728
3768_8,0.986201197456341
11717_10,0.972728321075188
10001_9,0.9666798098711706
355_10,0.9664158550694949
8896_1,0.2155139974237826
9772_1,0.019557811015381725
7624_10,0.06518338715086144
1102_3,0.0047090550867063055
10949_9,0.9446249317431332
1269_10,0.8510902108110955
11768_4,0.022063623689002224
5555_4,0.2355417231561299
2233_9,0.7928243093011837
6567_8,0.430846031549033
12130_8,0.9992591011606164
8587_7,0.9923844176906693
10973_1,0.05014356530603734
3863_10,0.9913597240425928
9220_8,0.41595013401475484
7579_10,0.9965050666884812
4411_10,0.7464821135073919
2093_8,0.9829902049952971
10883_10,0.9717201859242347
3583_3,0.07914666242585057
1396_8,0.8584310442572672
1930_3,0.2617105682459816
8779_1,0.17735417243719426
12478_9,0.9722848964359087
176_9,0.9106878496135933
11733_10,0.8392817019322673
11368_1,0.000547264014016095
4077_8,0.9693882698749373
11056_7,0.9061533866946967
5567_3,0.03978155716160702
8549_3,0.370406581478826
9743_1,0.01732908551927237
6916_9,0.9968145492555203
6147_1,0.9878757783326624
7820_7,0.9667586748180337
1352_7,0.8953056381265828
5337_10,0.9905176070041729
12285_3,0.005429191314957626
8992_2,0.04838473173311537
4644_2,0.011214650517021717
9793_10,0.3275334116636548
2359_10,0.08541807997882365
2137_9,0.9960358102982619
10559_3,0.2638546613570957
2679_3,0.05602765418496432
10010_2,0.2614261578035284
11987_10,0.4044379594862107
8824_10,0.9711804056678257
11418_7,0.927652778464611
2423_9,0.9083346086589503
1576_7,0.8041767961167565
7947_4,0.876791886946382
1714_10,0.7467914084323916
6006_8,0.9769205781461552
939_8,0.8096918922821539
3755_4,0.02181381139094429
3213_3,0.19913148723749882
164_2,0.04314423224378575
1123_10,0.8739352898130486
7397_7,0.11963082199738477
822_1,0.0001645873009691279
5631_2,0.07159406797215641
10464_10,0.9617612519999811
11397_10,0.9552783144687579
10679_3,0.04819670582673045
8205_1,0.010607078841086305
6947_10,0.5143355313491044
2000_1,6.89387508419003e-05
4075_7,0.7526341730900593
1388_8,0.5445674344554232
446_1,0.00562202743999491
1063_2,0.005209601624425568
6030_3,0.1561864246178815
5613_2,0.0039617758153819085
8759_3,0.8571169159170796
12169_1,0.006884083721022728
5111_4,0.5593656289218271
2891_4,0.643956700139967
827_1,0.15518265428692188
6229_8,0.8748610013820736
2212_4,0.03291409993018134
4788_9,0.9868928361026099
8859_1,0.0008997427640844356
9798_10,0.8930634863850374
9763_9,0.6815452004316738
3889_7,0.8692726920232877
3275_8,0.11901920785684356
5106_10,0.9577067919557525
7576_10,0.9767554681081172
9405_3,0.09433834339257538
7108_1,0.05552674857152587
9794_10,0.9645640655827712
2653_10,0.9077749404615894
10545_10,0.8228005589763827
12306_10,0.8362554636649269
4696_2,0.0008056457603846543
7982_10,0.9975195027224044
11066_3,0.7237382179722542
10034_1,0.022693308077843255
6035_3,0.01917047817374064
9518_9,0.8777425994198393
1266_8,0.8376336209163359
11336_9,0.8621444405188792
4159_10,0.9311643992415357
9375_8,0.9056720945555697
5204_1,0.0026102042317512715
3360_10,0.9627040052815445
5659_1,0.5722245996866484
8839_4,0.298384022244641
4529_7,0.5534908023521253
3283_2,0.42202225811666955
5376_7,0.8284011885017278
5379_8,0.9991716283506691
5266_4,0.3727798547764975
7463_9,0.7987442003036345
3595_1,0.20251853287099686
3141_10,0.8287280614411693
9986_2,0.5442460718619064
4279_1,0.30304401786990215
1427_4,0.24794191585663947
8357_10,0.8333950371764116
715_4,0.8261591994511649
8482_9,0.9507463851239228
3091_10,0.9095101384029345
5735_7,0.4104200872328828
3100_4,0.036050745670380115
11447_8,0.565276987931848
4577_1,0.21847650934742258
10287_10,0.8687654551749472
3384_3,0.0012451746088373865
3820_9,0.8712915874143362
8883_3,0.009254669132721329
11279_10,0.9663550037708118
3093_8,0.8204383663106579
10465_3,0.012910952791479609
4423_10,0.9941379868035949
601_3,0.00893241390815003
1902_10,0.9910481758654818
1509_8,0.5536311354196874
3019_9,0.9190199020957472
11994_9,0.947456886142927
4246_2,0.1363769311020456
842_10,0.9955498876290001
4917_8,0.9369980808637418
68_1,0.4096164798509729
6613_2,0.08302767770072383
7230_10,0.932732852298373
6183_4,0.08541128102169007
338_10,0.9128848580026978
6182_8,0.7569100157501463
2409_1,5.302385267766573e-06
9965_8,0.9351022934033274
1336_10,0.9368936037090477
4456_2,0.017274086215885838
12437_8,0.9280333086157695
8437_10,0.8915372657656752
409_4,0.11180575271948122
2303_10,0.7945751584097501
2144_9,0.7053286959455658
2302_8,0.9607444927980118
385_9,0.3209592462379379
3617_8,0.8873937669838846
5450_7,0.801823057436118
6882_4,0.0018735345478062175
2980_4,0.6695986128747129
9828_4,0.019581765300067448
10745_8,0.9051352127748999
3478_1,0.0011506671885078148
2167_2,0.09247594476963918
5562_2,0.0004503688759152817
8771_7,0.6012540275127372
8372_10,0.9907875730135194
10749_8,0.9175784244183135
7394_10,0.9131441066314858
3711_7,0.9582398801260259
5375_1,0.06178705276843547
7881_7,0.9832404040185544
7023_2,0.007691619781409468
206_10,0.9962119798791862
4760_9,0.9908664216507921
12026_1,0.014513819843700575
12182_10,0.7946445369323355
1821_8,0.9939356399459646
10828_1,0.045764747952774174
2446_10,0.8939661995581746
5327_10,0.8513293662353159
5727_3,0.0023271016776896776
11460_4,0.019341115452051545
6484_10,0.95744199687155
3555_4,0.1280976290827588
10641_8,0.9941725908119479
650_3,0.23965725067755075
1467_10,0.9169809431863513
7651_3,0.02468576068280533
11459_4,0.03732051893401746
9255_10,0.5916745593638917
7888_10,0.8989137196119411
4118_2,0.13842901170481448
2540_9,0.3532880021988383
2152_7,0.6983129033824829
2614_10,0.33341686295228606
2892_10,0.9911184662384307
3878_1,0.00484402739220617
273_10,0.9896855355665171
5565_10,0.9244136291391968
444_10,0.9998300491821499
11062_10,0.8718030436123163
5184_1,0.038620412818651396
12140_3,0.1011896591965372
3254_8,0.7718551346308752
11537_7,0.2512509156556389
7606_10,0.906604799827586
6120_2,0.0271855604464865
7416_10,0.9951965856751426
10759_3,0.90592059640579
12255_9,0.9994152368595581
1114_10,0.9729390558981905
6827_8,0.8046544718146885
10246_2,0.05121715556152128
204_9,0.9801220032472556
5816_10,0.9980130592441503
2693_9,0.8431937980808454
2578_2,0.07007494495353356
4958_3,0.15461302893537715
7873_10,0.8764871217546847
8795_2,0.03930466945158221
1431_3,0.002589094790814857
11635_7,0.23531966529876758
1327_3,0.0005034421714261564
10813_7,0.9388670887262112
9764_4,0.21046718041738524
5861_8,0.576996660844968
8995_3,0.07206037466624547
2243_1,0.004350017334462041
11708_7,0.7039736197940865
1998_2,0.01915627176839966
11887_8,0.9833415382154825
4836_10,0.6479542212647595
1603_4,0.08569750884324905
9860_4,0.37841509840028686
1728_1,0.5601414790994098
12108_1,0.1379450017165681
9756_4,0.8817825867535066
1325_3,0.3746878644106838
5174_1,0.18567857545229488
9917_2,0.2977801077604057
6101_1,0.05138499621780403
2010_10,0.9991629097307313
1132_8,0.21313271570787828
8516_1,0.20804791979964746
3563_1,0.07102328172311757
2362_10,0.942850830699877
10971_1,0.2659605027078262
8672_9,0.9876756884310379
2863_2,0.04193083986119141
2750_1,0.06993101238677432
8599_4,0.00045369918931923906
12115_7,0.9819229254642412
4921_2,4.1724745523252056e-05
2975_2,0.01738006196641161
4245_8,0.9993540836232455
10778_10,0.9983897754485059
7816_7,0.5096588211213917
9131_1,0.3209880579380428
5541_3,0.009792946137044603
7956_1,0.305751445228795
780_3,0.583244526129034
1052_10,0.909240547873962
6842_8,0.9925440825939115
8279_10,0.9999808707932862
9653_3,0.10872988966666682
3025_1,0.01347520296086773
1174_1,0.09260492502680084
1039_10,0.9376558500424322
4609_10,0.976517708235459
2150_1,0.27751510014546804
6289_7,0.00947374526733973
2963_2,8.987651833586435e-05
8801_1,0.5634723243365592
5196_7,0.97777860237981
5723_2,0.07496758496806712
10530_10,0.998177464634817
9473_1,0.02558566777055516
3355_3,2.3617320987256476e-06
5388_3,0.8050496248164601
12102_2,6.291144913844221e-05
11038_10,0.9478022156987498
9672_1,0.008539074107702408
6875_8,0.817441723188745
4754_8,0.602666697412513
6814_3,0.7622342016017811
8937_3,0.06503496395485549
7077_4,0.561596843224513
1782_1,0.0004983754032481146
631_4,0.3000919239410283
7876_1,0.00038869465716193167
74_4,0.06454818099844252
2846_9,0.19160174768252186
4190_1,0.018676147199187445
7843_4,0.19452617924321275
7528_7,0.13088357836328676
2396_8,0.639815068609152
790_1,1.9070196191770046e-05
2020_7,0.99734142855427
2526_1,0.003389707936278816
8104_8,0.8602066117580979
12372_2,0.0019392795320231106
417_1,0.05234876988097761
1318_2,0.017174459960621676
4530_1,0.1032957054082724
2370_4,0.9067551202102767
1886_10,0.9970978309777032
9386_1,0.016732492176389124
7863_1,0.0009787039734488524
3864_10,0.9976109583250939
6559_2,0.0002542803771608478
7855_7,0.9732056624939401
1672_1,0.10373594540001711
8453_2,0.7361536197376778
8373_3,0.2786820067649439
9770_10,0.995756849091367
12009_1,0.003567999521259725
2770_3,0.010391548297445216
4618_7,0.8987820576447664
9797_10,0.9609039883535394
6605_1,0.6101875329481259
10176_1,0.043057902267779315
8949_10,0.9801941507120558
5401_7,0.4421858496798413
3295_7,0.9920179721949111
4791_1,0.0013304200962154999
4016_1,0.08847763757414212
4314_10,0.32024707087985255
2903_1,0.07757569021259957
3835_9,0.6392280249074315
7532_1,0.005766509112021011
729_10,0.49748489545971075
5753_1,0.23049353841634385
11976_2,0.0026709917028391247
3027_1,0.1013069148306119
9721_9,0.9913118156898056
11295_3,0.18223756534042718
3241_1,0.02789066301430923
5389_9,0.9746186357258111
9889_1,0.33636320953740634
3522_4,0.000922630545039091
10865_8,0.9772979182140421
1015_8,0.9823542545064347
5048_10,0.9722458269269153
2671_2,0.02227799999250588
2841_4,0.15897645848857844
4928_1,0.08322099200974664
10499_1,0.02715218341484181
9409_10,0.9685643201453925
974_10,0.3258094036406848
11582_7,0.9646233738842723
9988_10,0.9915954542062604
3463_8,0.8702910451795363
5194_1,0.6389298109268162
3377_4,0.17009549314110578
4352_1,0.5123307886111542
10862_1,0.005008019049958206
1545_7,0.8684179999148421
9801_10,0.9497331818935921
1905_2,0.006184967913679438
12276_9,0.9893795894243533
7544_1,0.003371893033089694
10056_1,0.40817433762850414
3623_1,0.03766397238048237
4013_7,0.970751521574778
1294_4,0.2382879045116519
10285_9,0.9894197210143545
7793_10,0.9987042984609332
3809_9,0.9998937474476763
4586_3,0.04372635514375434
7511_1,0.2868394724197141
10873_4,0.023052369940106527
4888_8,0.9664933385470559
4349_10,0.7582187158929299
1531_3,0.22914255301149816
8884_3,0.013227376759701544
7336_3,0.6153054561545191
9688_10,0.9442526173900134
7208_1,0.005327797002937594
4355_8,0.9831217916131944
6098_2,0.003804952116719598
9106_10,0.7124535746517422
6422_1,0.0005190904004124247
2054_9,0.8371902087820419
550_8,0.8705265467924771
402_8,0.8078781049195205
11832_10,0.9999860191608473
10256_10,0.995267673659339
6131_1,0.0020274995154170436
11907_4,0.34693192349989227
4459_4,0.519449988779551
8555_7,0.9304793891375013
5079_2,0.008133655222260224
10304_2,0.016877094572477384
10489_1,0.00028465190981290456
566_3,0.39457774930965106
1999_1,0.03160854925205968
590_1,0.047941144784351054
11159_1,0.17594318986963778
10612_9,0.8115302621874573
10810_2,0.22888695368541834
11658_4,0.0378360137637307
1950_9,0.8923815708162292
8977_4,0.1786279973760537
9040_1,0.02441915241995978
2891_10,0.51847716575631
2966_10,0.9772876253707135
8665_4,0.2379239770039669
6600_1,0.00018241272393744153
9308_1,0.3171108477411839
7870_10,0.9614268430671221
10511_1,0.07881087684720914
7235_8,0.9178134751791976
132_9,0.9974073140412332
1575_8,0.8180368640992169
3328_8,0.9993667124179981
3273_1,0.026263759655265593
9475_4,0.08603024345771211
10938_7,0.4876881576876967
8143_7,0.9394644542860775
9003_10,0.8339694953750283
9854_10,0.9947606630342741
9932_2,0.0011020617741245551
1017_7,0.6500852212256844
4386_9,0.9709985829049731
1105_3,0.08631037909251878
7315_7,0.7673632843874197
37_9,0.9800376163954959
8409_10,0.3390193903875633
12118_1,0.12238695567194295
1665_8,0.998031244949123
10284_1,0.0026734768689954157
8922_3,0.12214062201889622
2524_2,0.10767507816246445
11205_2,0.0005277306696303523
4676_8,0.9989750478559615
10479_4,0.3935214794174538
9849_8,0.7414021555199841
4841_3,0.9434001012930994
9153_9,0.8962364004086935
9279_8,0.957484124680725
11008_10,0.9962985281876353
614_10,0.9999995107702506
167_2,0.01637136884726924
2041_1,0.0002748330886664301
6509_8,0.6426835520268744
9832_7,0.21547166162073605
5939_7,0.5630032664943938
3267_3,0.024091133850550485
3555_9,0.9114609692347776
1668_7,0.9636574811036933
11048_1,0.019251330452022507
1856_3,0.16057187687891797
4426_10,0.9972475295960793
8457_3,0.6262268278675808
6603_10,0.8378669073013197
4738_1,0.0014082197113095875
11762_8,0.9281518979928022
2078_10,0.9947560197959633
6754_1,0.010670340743417923
11721_2,0.008073539204889464
11558_3,0.9171688197164908
973_10,0.33988021767046805
814_4,0.0005786373781520818
2102_3,0.004765266922432309
11394_4,0.9726270894301744
312_4,0.02015382769807743
2994_1,0.008880387120381267
5649_7,0.6714482602135522
7281_8,0.8305074166832305
2756_4,0.005792952472781391
2137_1,0.011874449578226165
8696_2,0.031305244804325394
1158_3,0.5724350319030723
4531_1,0.023851855605471085
10047_10,0.9998309965225608
683_7,0.6457951098640629
8645_10,0.9452943367036858
889_3,0.09400672670022471
4202_2,0.0003571257215937235
3859_10,0.869123526714727
5038_8,0.9980998172745016
6906_9,0.9768615086441209
4154_8,0.973983929804265
9548_1,0.03196570217481135
4434_9,0.9322808270896178
9235_9,0.42425893550706795
2368_8,0.6230978952730757
8391_2,0.00012128270672582281
1391_7,0.7374953048769929
4317_1,0.05941538758576704
8345_4,0.1814010680043089
8610_1,0.03152804297988119
2888_10,0.9933826289310878
5597_3,0.00917258901993292
4900_7,0.6442139559442946
3016_2,0.3647386756575624
1057_2,0.37845093467779667
5143_8,0.740630118070101
6932_2,0.22503257229963894
7879_10,0.9893499766943331
9300_3,0.026760351492831895
12142_2,0.1844938210632668
3426_3,0.5207263109348678
7977_7,0.04184576217213695
1573_3,0.26475624588247015
336_10,0.9994412489288914
4248_10,0.9618791257879984
9693_7,0.11963775066900749
7753_4,0.117023370433461
2290_10,0.9604365039616869
9156_8,0.9535441261711042
5526_4,0.12149001997696053
3896_8,0.681411877105487
8520_7,0.8091940962771063
3566_4,0.20543878383098418
6386_7,0.9940456963562905
4201_1,0.99908255375336
372_9,0.9756336968645204
6768_8,0.9970140391418211
9177_8,0.856227275835438
1079_1,0.10554049557402509
934_10,0.9820117818429588
11918_2,0.037118570229633496
4867_4,0.03436978686241127
12449_8,0.9898276404318502
7907_10,0.9961438204721372
4508_3,0.0028956028126623286
1075_2,0.3369397350036061
11466_8,0.5890639403045622
10935_2,0.19717942087571846
4826_9,0.4983541696316635
4814_7,0.6167402389309603
8676_4,0.617284616900341
1058_1,0.0012377472082041113
7831_2,0.009778011184838337
1150_9,0.9971340948459639
5395_1,0.028661256236038834
5435_7,0.9437366418147982
1745_1,0.023188506684850944
11278_4,0.3508910200102249
8629_1,0.36761533466473445
3145_9,0.9389306213676484
8108_10,0.9804776623392365
6377_1,0.1895371517188003
10298_1,0.008691590845385492
12265_1,0.04233295192798936
11930_8,0.28543728445740213
2511_10,0.9976229062463816
7955_1,0.0191689535044635
2335_9,0.7996770957287349
3194_10,0.9260596047618277
6724_10,0.7982868035848489
9406_1,0.343828553564216
11369_1,0.022512606380844957
1972_4,1.2705824805305406e-05
6900_8,0.7303999989054616
7813_7,0.6605585685785224
785_7,0.8022552653704076
6368_3,0.03252860283864981
2163_1,0.008596975692472458
11487_8,0.9950281679140286
4292_7,0.5427022869486234
7451_4,0.11264286404105386
11465_2,0.005052214065691762
7641_8,0.9488705961295244
8250_8,0.22009983294551788
4490_1,0.264876399084859
10452_1,0.16721444967776425
7442_3,0.14501194834628975
3027_9,0.9846996074791237
235_7,0.9921984734452094
3750_7,0.8768781703781195
8700_1,0.004656741448707647
3584_10,0.40345686295948135
7217_7,0.9669036086982497
7769_10,0.9954886882311346
10149_9,0.929995195592178
7607_2,0.012304925372767991
7749_1,0.0065428425992530796
12067_1,0.011065867519234348
388_10,0.9709204135027639
6596_1,0.03577550133257953
10242_2,0.03154451937331091
3853_1,0.0001861073542232072
5726_4,0.038669415640407295
9031_9,0.23300083609017377
1543_7,0.8746046551321026
1442_8,0.9963562070018929
6336_10,0.9449362694026002
5929_4,0.4857979752972416
3378_3,0.9032860764926782
183_4,0.16807912714459458
3518_9,0.9977930002496482
5870_8,0.957427519125019
5053_4,0.05720014934187023
7330_7,0.7789885843519803
9553_9,0.5508852000164532
9552_10,0.9074524720623235
8515_10,0.5718520717904941
1666_9,0.9937791935977405
6661_3,0.3146149187938386
8721_1,0.03327720456910465
1368_1,0.055492137196745825
5076_9,0.5917059676130739
12353_2,0.15949899109216678
1099_7,0.9561726560392445
8669_9,0.8867256112439053
2564_8,0.9505226113200994
4369_10,0.9737899401889656
11951_4,0.22534475203083357
11384_3,0.8021169524148131
7459_3,0.17399092479395553
6776_9,0.477597724276752
6673_3,0.0066017361373802074
2500_8,0.9853399227437152
8739_3,0.019193909847306373
3828_1,0.0037553812554132126
7945_2,0.7864844896194011
7934_10,0.9677815390574522
4571_1,0.0712202839576877
11689_7,0.7700725693690534
3681_10,0.9572380732771837
5110_4,0.20860726128393295
5953_8,0.6267968954033426
10906_4,0.0010516267773304968
3424_8,0.9807608830379755
6492_7,0.9672136081038433
10450_1,0.0424207445436426
4856_8,0.15699743527808233
12019_1,0.0030899300125254553
1390_8,0.9582034197247687
6452_4,0.2915314118412301
4916_4,0.01596748185715461
3979_3,3.5123065630090815e-05
6023_3,0.051605566196682884
5762_1,0.0010987197815736749
4176_9,0.9888655552728343
7194_2,0.028195141522985738
3143_7,0.6635691522462599
954_8,0.963334297159794
5291_1,0.02660831008148274
2258_1,0.39718039358137297
5412_1,0.0011069938870658133
4088_3,0.02008280845242496
4312_1,0.08540747156905283
517_1,0.0009280316360879671
5601_1,0.0040888823560473785
288_1,0.7364325571395051
234_3,0.07540403816864977
6665_8,0.9838381263869704
6957_3,0.0264130637716855
4454_2,0.10061443806128927
3270_8,0.9762487431157505
4500_3,0.016582919230070402
7551_1,0.004180708001249358
9033_4,0.0757889914912141
2619_10,0.8336838696096943
10093_10,0.9791709804852033
5483_2,0.2125768072648851
8383_1,0.0024276473130741025
11683_1,0.08144797101097291
10649_1,0.059989665953380775
181_3,0.5896052433785898
3668_2,0.006023816086328812
3769_1,0.03735215368702511
11519_3,0.6548940330264158
5716_10,0.22206271701693872
10918_8,0.9963165158454598
3103_1,3.91780492406878e-06
7210_10,0.9924090235639549
2515_8,0.6924223359436745
8424_9,0.4875905950754574
1404_10,0.9999352843245214
3158_10,0.9797494200894185
4996_2,0.014380715256937508
5493_3,0.01956495875754189
8540_9,0.8758978049238809
8960_8,0.9595458143300314
11274_3,0.004136483453681492
11067_10,0.9949310650313749
3335_2,0.29132365529276727
6578_4,0.01327214646550393
916_10,0.9717466572095184
3844_1,0.0012227449957215326
7108_8,0.0630205413203066
565_2,0.5267704214906148
11622_3,0.00417689369750554
10700_1,0.0003981366443137999
10483_1,0.03365024676988976
8951_9,0.8058554012240101
6326_8,0.9908566826266154
3035_8,0.795186337102816
2292_10,0.8265366240382535
11013_4,0.10462562217168458
10618_1,0.04004192543538044
11544_1,0.030525660382208036
7550_10,0.9410855999958753
289_8,0.9326526493765855
6571_10,0.9648338655834525
6056_10,0.3479293314512799
10814_1,0.0005874739024093222
9377_1,0.0007127619506778146
1577_8,0.38466307368998576
9268_9,0.9983650925628261
10116_10,0.9989682279815699
7411_10,0.9825791716657973
12279_4,0.8661836850983669
3575_1,0.06368737523613455
8105_8,0.9941542691167755
6092_10,0.9998774116394088
12406_1,0.049466417061697215
1117_2,0.0003008479138175756
12358_7,0.9104135585057709
4469_9,0.8451575235820454
7055_2,0.06254396092411567
10412_8,0.8217513145030851
12155_10,0.7991483783182254
11222_3,0.0030023125304503213
9622_9,0.8416941448034223
8992_8,0.9801535766956939
5305_3,0.032244347578815113
8111_10,0.9999777089930646
3436_1,2.7183845550215295e-05
2748_8,0.9563526959010387
6527_10,0.8464488905165861
672_8,0.9328634507679494
8172_4,0.3054828336596927
5513_10,0.7667335300708199
741_7,0.49055612193031284
8886_7,0.7994209506518873
6939_1,0.002943086083633245
12235_1,0.011377154302532196
10607_1,0.0020697872037365992
4708_10,0.20564049637511878
9034_10,0.9997946672384613
6600_10,0.9491382844796252
2934_1,0.09635628272307967
12168_10,0.9443462835462313
9362_9,0.5392749880450519
9627_8,0.963945864337253
9547_8,0.014178996604860866
4108_2,0.0002686240549321863
10293_9,0.8863108552532956
10105_8,0.6771010304309601
11864_7,0.9692816402144734
2843_7,0.05793601610606975
836_9,0.7385984415664927
6201_1,0.0029909924149193225
8192_4,0.9898821448678377
2596_1,0.025259591210393603
6847_3,0.6062880659435594
8794_1,0.011894557147245802
7281_4,0.01737357070113412
9678_2,0.17611397845879725
10950_3,0.5405547280910555
5845_4,0.10774783403848183
6187_10,0.9748157176303572
4684_9,0.506537928687725
10852_1,0.2595147152283029
11542_3,0.11162558492123452
5385_1,0.028642620190145796
9597_3,0.4112139211055924
8975_3,0.13439433752831978
10766_3,0.46802348127352533
4236_8,0.7713783827921594
118_1,2.0862808191710093e-05
7278_7,0.8474910458530245
11069_7,0.9843721166118443
1002_3,0.2713819955061311
4210_7,0.9960315269333491
8514_10,0.9583996431649826
9676_1,0.010038443123121158
11826_10,0.9789908783250533
8216_8,0.8073746340446303
575_4,0.04666355449055095
3867_8,0.6875147230005798
321_10,0.9971055844390846
1654_1,0.09237841437944425
973_4,0.4996352879665894
8796_3,0.010380245721283201
145_1,0.00012968990700260906
2649_2,3.631853695943532e-05
2432_2,0.0025232767965276486
5713_10,0.9993748805129693
6851_1,0.9566294602618102
3523_7,0.9352575137926417
9862_9,0.8739465706749426
8888_9,0.6767208190227801
12343_1,0.0027931333218078505
2298_9,0.9966141476267106
7129_1,0.002259482860052348
12163_7,0.7015622443830636
1090_1,0.01795065655634919
8249_7,0.9725458395296004
3716_7,0.9840068651863988
8095_4,0.07341519699289722
9739_8,0.6634621721613311
7041_1,0.16091471111116995
7673_10,0.9956386074892355
210_4,0.07298983891082786
283_8,0.6802391625273804
12361_9,0.990637287363025
9254_10,0.994763456954708
5598_1,0.00026004865917967046
128_10,0.9780847437073831
11557_7,0.7300991321368444
10232_10,0.9919460730857904
10747_7,0.9953829900414009
9984_9,0.9987656119346582
9618_1,0.003392155261497993
7976_10,0.9122112739903712
5788_10,0.638749500582698
7378_4,0.47560087720125144
2047_3,0.42854323506977243
10053_10,0.9824471904699873
8399_4,0.4658450696577548
7925_10,0.9723562945924297
6830_9,0.18307150781148449
2530_9,0.9478375912048542
9521_1,0.6524771763952257
784_10,0.9969433225333623
10417_7,0.9651524501497062
2198_9,0.9813346077155846
8219_8,0.8081387307228335
6896_4,0.19192964207417018
5341_7,0.9776870850257426
2386_9,0.97678651900373
2323_8,0.4450308340337262
9028_2,0.1309718549946189
6983_7,0.5950634310018981
9885_7,0.9912603085771422
11720_1,0.003877975757311079
8409_3,0.3407135631213783
5797_7,0.952186538179377
7729_9,0.9986918067104138
10591_10,0.9999571417030714
9593_9,0.9937933009966154
6364_4,4.001885626383132e-07
7215_3,0.04587274034025523
3653_2,0.05938712344215389
4533_8,0.30521263001665166
10899_8,0.8477881667251572
8312_10,0.9541854452046978
9543_10,0.9691982749542326
5608_8,0.5758064379890763
1432_10,0.6236205175321908
5562_9,0.5568785275656465
12171_9,0.7717247808359318
4428_10,0.9999997931169782
2062_2,0.23835799351027895
8468_8,0.7009477506998306
827_8,0.8835753821895934
11539_3,0.049415379454602344
4215_3,0.00010645401749779487
11310_3,0.03481021956653207
4525_1,0.019350871696794676
2093_1,0.0120014036853222
11238_4,0.6035915452207771
5523_8,0.5488888330475703
9848_9,0.9981753600670826
10000_4,0.041117647313782146
10304_7,0.9931993135011755
511_3,0.07432719724770696
1807_7,0.8777058287077478
9080_7,0.7714807482325482
1808_9,0.6283738887172782
6283_8,0.3956865360433005
5913_1,0.0013452318190126087
685_1,0.1892623407322246
9505_8,0.8239454180323083
7152_1,0.10237715440077713
11292_1,6.476017081567584e-05
8334_10,0.9597982546306267
11476_1,0.0021482103611734035
3431_10,0.8741681420207281
4019_1,0.10534764818458817
7292_3,0.23933798188313246
1990_7,0.894919607586492
1574_1,0.026852470365103152
5516_8,0.9702684242625779
4687_10,0.985874562180887
11493_2,0.009810173011563327
771_9,0.8651456269486761
8864_1,0.01231141071681293
3001_7,0.9767128896766706
423_2,0.019374474679641544
5062_7,0.19161132946373524
5198_1,0.013075794645692352
7303_1,0.0353625402098867
7433_2,0.373701191801773
3085_7,0.837484917167498
3293_9,0.9832581575273985
12426_7,0.4114135552350517
5775_3,0.09677147838694615
7358_1,0.009039204147321083
3851_2,0.008131590716420214
4785_10,0.9806039677130781
9650_4,0.04799906329418402
553_9,0.8772964045635819
401_10,0.8692971668465252
11522_8,0.9999477214528564
5222_7,0.9432886082759717
5042_7,0.8420190693633106
2638_7,0.038317141189365474
11883_10,0.9507227257276928
11476_10,0.963983688846496
4999_10,0.980459879759665
10360_1,0.052137239825067724
3443_9,0.9959890043448596
1138_1,0.7730722966202054
1898_10,0.6062330123858092
6069_3,0.020007479399643858
12101_2,0.0004974531598698593
1953_10,0.7450617113055829
8679_10,0.9990562516600378
10348_10,0.5288222822708443
2208_3,0.0775837268492062
3886_8,0.9591567666522405
3734_2,0.7473114942921024
1330_10,0.943210250939043
4639_3,0.014621752207281602
6837_7,0.23551647270389764
6520_8,0.9648624845398436
653_10,0.9799477649454431
5373_1,0.37150588375003235
8074_10,0.9336297618776114
3906_8,0.973834917825896
9264_1,0.06293522202750435
2160_2,0.41682211128857677
624_3,0.9614639298328294
3899_1,0.2625495039445138
2181_7,0.24733628967328466
7932_4,0.636058398571242
8278_1,0.10586839660924284
7162_9,0.9275464143093108
185_4,0.07268899695343954
1997_8,0.9166177746255363
7295_9,0.5713817874663006
1083_3,0.0655507634298834
4678_2,0.0639803629099719
4859_10,0.47904290042786396
9091_8,0.9967686250265997
397_3,0.007349386025442392
11157_9,0.6514513042168802
11261_10,0.4761790775939047
10828_9,0.972226280345763
2452_7,0.6487588409154809
10268_7,0.9933693734236224
10306_1,0.06736794298963046
18_8,0.9757094727481133
7998_10,0.9841386690853474
8574_10,0.9936996675715051
2953_10,0.9664153591494251
8996_9,0.9374482153973133
7389_9,0.997750099330702
202_4,0.10987099183141084
5612_4,0.1564101269346541
9916_8,0.31476484277548034
7606_1,0.00527537463559977
1585_8,0.5872354000293059
11803_2,0.10510538253703611
236_10,0.9410169271442111
7827_4,0.3083543238785513
5423_2,0.22207729169563664
3625_1,0.07175526894149074
9887_9,0.99149509268592
3429_8,0.930533374486287
372_2,0.009035778450109968
1228_4,0.38893468471783765
7891_10,0.6592784798009687
4387_1,0.00024876806614005303
6067_1,0.14506553851281714
7822_1,0.01610320888550094
10898_2,0.0006766237861263177
512_2,0.031469681382051855
647_9,0.10735270876254273
5361_4,0.0397529460279731
8583_4,0.00013487895148537875
2858_2,0.10069581518009807
4920_10,0.99733235334361
6857_2,0.014523059628139868
925_2,0.019141695483598453
2959_3,0.5424016632168548
11481_10,0.2602553388296949
10824_1,0.44217336191568696
1577_4,0.4459883303345371
2231_7,0.39319395995209555
11545_3,0.7101912223964684
1539_2,0.008676450580173137
9657_4,0.011952606417100697
10362_7,0.8323670613289901
11131_2,0.011366661355161288
9833_7,0.7862572728222829
8495_10,0.9543679485280407
11781_2,0.430035176205433
1056_8,0.8990460546316097
9402_1,0.0026557645687177575
6212_1,0.001043173960551618
3151_1,0.00558280961682853
5921_3,0.061915703935747836
2198_4,0.14651510815057664
269_2,0.1804398038539631
11464_8,0.9706265826611757
30_4,0.09763988167129328
5300_1,0.0011184049726732119
2277_3,0.004132947148359908
10410_10,0.7152495548350117
5233_1,0.18627275199876495
4336_10,0.8321622071296239
3084_10,0.8903245354873288
2908_8,0.9899962050498479
2814_4,0.21406874893683053
8347_10,0.9961336608073248
2319_1,0.0033909175019393037
16_1,0.0720215200517942
821_10,0.9866684456957312
2793_10,0.6138955145194872
9909_9,0.22944396567400685
6934_3,0.6138478451922826
9138_1,0.032078898998261766
702_1,0.10614385731670542
3886_3,0.18225252452276822
8311_8,0.9553696953003344
9199_1,0.7639512151134507
1254_10,0.9947967499660313
6590_7,0.10769292892490068
3040_8,0.9874786973951888
849_7,0.9321690487046741
7555_10,0.9996412001106098
9668_3,0.6118365728106222
10942_7,0.04096803296419158
11343_2,0.8655174265074065
7906_10,0.9095230022406653
11671_10,0.9697935225978968
126_4,0.1285641889419398
9623_8,0.9918355123820685
2872_3,0.013845527178869232
11895_10,0.9982702058878271
3245_1,0.10597636656493463
6145_8,0.9978514170728077
1022_10,0.9614233991403687
6261_1,0.04848686683735178
6888_3,0.7247612075140423
12443_1,0.0223255211061483
7433_10,0.9454628638785965
6512_7,0.5282489257760434
4161_9,0.6435364689078319
6745_7,0.8298202000182785
1993_10,0.7044468334677824
6325_3,0.21572757338084475
12484_9,0.79418896816507
2204_10,0.9981364880937078
8065_7,0.9651948354444652
1705_7,0.8657146688650273
9370_1,0.030950962458055176
6150_1,0.3046929777533016
3587_10,0.9828066007476822
1906_1,0.23708980979528618
5706_4,0.2585879092939601
3854_9,0.7581759593940819
9655_3,0.20533052855612974
6736_2,0.12436938029065574
2096_9,0.7373791694589027
2846_2,0.2495464818735877
11849_1,0.038815708945436414
5224_1,0.01122968043516025
2987_8,0.5033034644231399
11058_8,0.8240601828232222
2917_3,0.18377701562958965
459_9,0.36615928639091144
9418_7,0.9895023646645402
5803_2,0.05104662574505866
6742_10,0.9775913086934429
2268_4,0.10604187919846317
6832_7,0.21702212111886876
4834_7,0.76044972150226
9532_1,0.8275214070132106
8197_8,0.6086343467138943
7728_1,0.04293631753119958
1958_2,0.041471920554210694
5380_8,0.6737494837667549
4896_2,0.03789985596083812
9529_2,0.0058326170498734595
3322_7,0.3963505038175446
7629_4,0.7392492358481629
9962_4,0.21144949075937358
9277_4,0.031015110432485928
1071_2,0.02851334434717997
8266_2,0.15698287703641228
6812_8,0.582582228102492
3196_7,0.40060676960131886
3430_2,0.0009083313466497849
6052_10,0.8401474490547755
221_3,0.0010517373216388025
3244_1,0.0840503332805483
4846_1,0.16383208045128275
2876_7,0.18643380764948392
4247_4,0.015303982252993014
11608_1,0.04971795249065575
564_4,0.7079715878202317
1978_2,0.3347165778282789
4089_10,0.8109304203426435
1633_8,0.7865694080148935
8983_4,0.7696428247482711
10909_7,0.9353078378085202
8135_8,0.5188674873994448
12238_1,0.008058118502692072
9564_3,0.029921631094489698
10174_9,0.31173271698644234
1690_9,0.9969429519582793
4756_8,0.9898905328721372
10718_10,0.9794662606170661
3489_7,0.5784033606393553
2124_1,7.438331528538643e-07
3842_3,0.023564103363986733
2700_4,0.07666339993181047
5960_8,0.9880800206918824
6193_1,0.9548647591301764
6719_7,0.49434149263944854
7922_8,0.8383996489606481
12132_8,0.7047603884444379
10169_8,0.9896391011147274
1486_4,0.27087815578760366
8455_1,0.03332366969797445
10019_1,0.0016340135038405677
7028_10,0.9163283953797484
787_9,0.9971780326595867
2414_4,0.13650660229212053
7182_7,0.2152134746690325
5548_9,0.21162986823241603
3963_7,0.5305227963789066
1584_7,0.7426947941887087
6825_3,0.4098610369365624
6588_3,0.48252167412329366
10573_3,0.32763187062642
6693_10,0.9946133238513903
5541_7,0.7908721785463767
12053_9,0.9874809368810321
3662_9,0.9605138982161596
6829_10,0.993226821206086
285_10,0.9861177507208145
1270_4,0.7194624801950107
4320_10,0.19039709935289648
1333_3,0.02610116264596747
6618_1,0.7235434032536047
10119_1,0.18379605549097489
2886_1,0.07195690150563612
8811_7,0.872960297492063
11087_9,0.9911600317715199
3436_8,0.8188074700074179
10479_10,0.9645411408579374
8365_9,0.9719213556912081
12140_8,0.9558266390405858
6981_7,0.6845370759222933
10447_2,0.012894395542065463
10352_1,0.02256604215192153
943_8,0.8573060289029084
513_1,0.00861899326733295
11192_1,0.05670229685494223
587_3,0.24266954611580252
3420_10,0.9966946226658414
10030_7,0.650150308355014
3026_10,0.6241689600541274
3145_1,0.2664458088520262
2230_9,0.652449024332913
5193_1,0.03025695182415834
11337_8,0.9906657941160577
3601_9,0.9994720628421699
3628_10,0.8847781716704411
4952_10,0.9181856533896062
1775_10,0.2500904419558816
8141_4,0.24418700700945806
572_3,0.42692030247767343
6732_3,0.00213746366889679
4274_4,0.0437374503615248
5892_3,0.7334912287391536
7035_10,0.9988749774671271
5354_4,0.052505074527101105
4264_4,0.04856938833030698
8151_9,0.997552730597583
376_2,0.18290059719609325
5352_1,0.013566555946869714
1365_8,0.9373477494610208
8272_10,0.9855046934238807
6942_4,0.16461736071198335
9067_4,0.6975510502399592
11428_1,0.0024982522163478366
7308_3,0.28708272032556614
8349_10,0.8898364158483065
11336_4,0.4952074481040878
551_9,0.915372994578497
4721_10,0.9923219020782538
4862_1,0.2703993756129719
5469_4,0.22190605758250426
3834_10,0.9983637211602386
4717_10,0.998978691059966
4202_9,0.97555937580942
5335_4,0.9260314300211528
7587_8,0.9221694976984077
10827_4,0.24051103655593564
3432_1,0.03239445560883601
6110_4,0.7574911088105463
5618_7,0.8102965838011515
11808_1,0.038961761860921165
9293_4,0.40441172210048265
2163_8,0.9721990920365767
4802_1,0.24921125159339208
5476_7,0.9644765430599685
9991_1,0.007626744296300205
2681_10,0.9717186581398938
11728_2,0.9457597492684686
1466_8,0.9797191728965591
4853_7,0.9379981590034342
3668_9,0.6825632266826244
5334_7,0.9340213319220978
12017_8,0.9350465760303079
2046_9,0.9988619184235622
2652_7,0.8166111349427586
2250_8,0.8030105278998982
2253_1,0.010618925203702887
9733_10,0.7092623860082586
3_4,0.9666897431975442
6129_8,0.23619032169005402
6858_3,0.3051720009352937
371_8,0.9160826127458239
1111_3,0.03449912576280041
12330_1,0.045697930901525435
3219_1,0.0019498953004976718
11372_9,0.896774901381102
1434_4,0.014977515867199911
8232_7,0.8850567124487552
7883_1,0.0037162338863306965
9151_2,0.7292980188113257
10574_3,0.08763066096393372
9376_8,0.9909801336557476
7737_1,0.2421584529047232
7410_8,0.9691368217822623
10488_7,0.9374406343895745
5906_10,0.8724597678599275
5308_10,0.973552396544811
11266_2,0.031019802989863895
7627_1,0.014271767188888574
218_3,0.034453287926231285
9031_2,0.009426341431869996
3427_10,0.9904775493729854
8532_3,0.016710744847543302
6588_9,0.919471348332592
9744_1,0.020601107937986328
3061_1,0.04374183316997012
11668_9,0.9669836862043912
9331_1,0.007088339258630652
238_9,0.8697756486158411
10593_8,0.565934648188586
4441_9,0.8871137496708997
3717_3,0.013402699449863574
5618_4,0.010037878652974754
4353_10,0.9271933333035124
1268_2,0.03816729412040737
5178_3,0.2154851040590936
2991_1,0.03898657544033115
9976_9,0.9640955704549512
7891_1,0.0207465235226288
445_3,0.08185257304021544
11158_7,0.7771047191710962
10328_1,0.012388793126661031
9137_9,0.9856831333939147
7399_2,0.19328313786723797
1187_7,0.9516781286632064
10642_1,0.007473763339338223
3939_3,0.009268246863653753
5310_9,0.893321070039787
2087_9,0.7600504735830417
57_4,0.007826247534553485
4645_10,0.9941893904331228
1734_4,0.35823855754484435
8924_1,1.883628868746499e-05
4418_3,0.0033016993758965994
9403_1,0.0263514904383677
12065_10,0.9989691043896984
6763_3,0.4848852885068326
3882_8,0.663375484791035
7286_3,0.08912187755289243
9259_9,0.9859141730925074
5134_3,0.021749317118658316
10166_4,0.7721680724181103
8362_3,0.3845497155667888
9701_4,0.315226809693515
4227_7,0.9580460233884585
8483_10,0.9948635390126195
6002_3,0.0010890245591838631
5815_9,0.8411399239390828
9385_10,0.37880716693719046
11047_1,0.02856556105214348
6306_1,0.1234080584637707
9141_2,0.048250769035919495
4594_1,0.07743269977772249
10471_4,0.20854619451119785
48_9,0.990452167762473
8133_8,0.9030588028649668
8493_1,0.017393169546209956
3425_8,0.08253675358051818
5731_9,0.9985511965854611
4373_10,0.9466952265964252
4366_10,0.4516663718318365
6123_10,0.6121144505762542
1430_3,0.00548350715180904
508_7,0.7281615337240614
11600_10,0.9941060196933
11767_8,0.9713066192980547
1597_1,0.002899550711293778
7257_8,0.5277189996575312
244_2,0.00010343419167547379
116_4,0.3232440554930903
7856_10,0.5827106090669051
7640_9,0.9921273298985172
10956_8,0.9925867684393356
11002_3,0.020733434502502805
11666_10,0.9700495981494387
7683_4,0.43255172746747667
10846_4,0.018774709257640916
1317_2,0.13537354461379264
5_7,0.9656990474748854
8526_2,0.02280100131567255
1526_7,0.9331448386008094
3144_9,0.9298685265136932
241_7,0.9850092738101401
8953_1,0.0009353492656625007
5919_8,0.9874687698120759
7983_4,0.4175548187573913
5222_2,0.0011686665721486634
1662_1,0.20150077191125115
5830_10,0.9718290013598525
859_1,0.3794761590098852
10761_8,0.5032062974409075
12037_7,0.6584391447723421
2629_10,0.9962787103755166
1019_10,0.742490774843752
11270_10,0.139549101723447
620_8,0.957066017214235
6718_10,0.6981919738789522
1402_8,0.8763335623547381
6804_1,0.023897219337473182
11743_1,0.19066248952477505
3117_10,0.7254059163994052
7441_9,0.8502002525250133
4553_2,0.05377055616143512
5182_10,0.9963827843791007
81_9,0.8181161139795928
8343_10,0.9031460393118944
2030_1,0.0002643614401717896
7866_7,0.8849885404980322
11132_1,0.22373663323988888
879_3,0.06562292721153962
6547_10,0.9825534617302016
11166_4,0.0392479203583845
7427_1,0.0008502399757601391
5848_4,0.33109340151223027
10734_2,0.04056034571236817
11263_10,0.9999803793881684
9761_7,0.6229686472402599
7582_10,0.8307299978856477
3849_1,9.27256075177918e-05
8242_10,0.9777085839904621
309_10,0.9480359913395199
5492_1,0.019832741965357097
4294_2,0.9323594554803123
7222_7,0.04200257785025542
3365_1,8.669976455474581e-05
11084_7,0.8506996386084075
50_10,0.9923287323792039
3234_1,0.0769790454844261
10155_7,0.3406195759330355
1181_1,0.001329589245722821
1505_3,0.00857382056671661
11926_1,0.0017185959415273475
12174_3,0.19115308389390537
4589_4,0.00388695445513829
12421_8,0.9950436493306686
1079_8,0.9473852305190514
4852_8,0.8784176691833144
11753_8,0.9855802069402564
11257_10,0.884818294968823
8270_1,0.0017258056545721306
7690_3,0.16804195608282163
12354_8,0.42561283056935717
11419_8,0.9986794687435676
7587_4,0.457317201284347
818_9,0.797542266971054
10431_10,0.9935166994176726
12056_4,0.16427499138672902
7595_10,0.9972128051709603
2601_1,0.15265883954959872
10022_10,0.9814950789831086
4124_1,0.11661386486762765
11573_10,0.9926988029944622
9868_1,0.005503036903632493
7093_1,0.01195023772765687
4993_3,0.008507438866909186
3192_8,0.9803792836095906
8269_10,0.9913687510730024
5767_10,0.7669418394144042
8440_7,0.8379896378234769
1038_10,0.9426109737917292
525_9,0.9938911409241955
689_3,0.000857490842473585
10989_1,0.0029931785821877286
6166_4,0.19041129204853754
6452_10,0.9616519773100812
3217_1,0.0019636463024230244
11629_4,0.4793790729060494
4338_1,0.004452443958845397
2822_1,0.002571213169376405
11252_7,0.0021882589910107303
11097_9,0.9985679828120638
7124_10,0.9986309987566192
261_3,0.0401441741470311
7828_10,0.9723827202092046
9030_7,0.4051004611336273
9723_2,0.03435900753992116
6924_9,0.33381690744210674
11945_4,0.9791801087375539
11811_2,0.005926630733220438
3115_8,0.9398609727921762
4381_9,0.8702616114169144
676_1,0.5992076544752358
8002_9,0.7160159821367951
9209_3,0.6300986438830379
1677_10,0.7980223868979655
7094_7,0.9293191823291397
12193_8,0.9103095376707292
1227_7,0.04143922898506016
9186_10,0.9995624198949881
6117_1,0.025275885225775754
8621_2,0.9999998675199151
9729_1,0.00020803650394090123
12239_7,0.4856293809685742
2465_2,0.0384362095778959
4360_10,0.9568970976597867
10538_1,0.01278161342841401
3439_4,0.7530770257995951
256_10,0.7651775673687696
7114_1,0.011409954541045613
3206_3,0.019627214972249583
229_10,0.36400510542588027
7501_3,0.17842005066062105
3639_1,0.023853877414823553
9751_9,0.9963860452482143
8277_3,0.13256347944013935
5276_4,0.05919629748616798
1804_8,0.9746660826207817
8497_1,0.0012084137744357167
7742_1,0.00036669830704300684
9755_7,0.3840401479686364
8429_8,0.5059101506186984
769_3,0.1415698349898971
7452_10,0.9749870817564875
1004_4,0.7032809068043223
6393_10,0.9945809832625896
7457_1,0.019912006730791146
8182_10,0.9966839980430192
11589_9,0.9358724292006712
4718_8,0.3529976587342342
5315_10,0.9737729254616225
9927_3,0.6483006014234357
6391_1,0.0027356152407397747
532_3,0.09084674804293653
10544_10,0.6509230332473792
3576_4,0.6561187091781822
5420_4,0.6212114958177593
7140_10,0.9868056035652352
11018_4,8.851176440008844e-05
7443_8,0.9863636296753603
7399_9,0.5770272083715998
12129_10,0.9962794478113373
6876_3,0.12498572954106686
9227_1,0.2615599170079811
4983_1,0.052433046747077945
2502_1,0.06331408826827635
2584_9,0.9426364635554806
5637_2,0.02311659521074845
6497_10,0.9998648641993927
8464_2,0.01310910820498777
2070_10,0.1691826800638803
4574_3,0.0025142506586560928
1642_10,0.7562723789634183
356_9,0.9454644661665603
8052_4,0.9541993579703085
2457_10,0.9848743058274853
6322_4,0.17542172304150236
2218_10,0.8677068549447775
10669_7,0.8841863404174803
5296_2,0.07748127037204168
1118_1,0.04710708352459247
8588_1,0.007966703275259997
12348_10,0.9461231910524563
7990_9,0.8353752999495524
819_7,0.07993472833341342
10552_7,0.08671526787818362
9126_4,0.02740293260487417
11190_9,0.24400801364967717
6696_2,0.012256386662579255
4906_10,0.9741373224465821
6809_4,0.7566000670668215
10032_1,0.12300107229847003
2694_10,0.9732763110434546
6411_8,0.8351030900087587
11967_9,0.8544730176880247
10190_1,0.009848920736439984
316_1,0.0006049638633363746
5644_9,0.9008200907798564
12083_10,0.9989871401112081
9280_3,0.13376416351005288
11735_2,0.0702903406441721
5219_1,0.06740497156308588
6810_3,0.0891385649425802
7817_2,0.007806686338292383
6753_9,0.06802148679390102
16_8,0.8839963272145382
3908_1,0.008182159261521398
11502_10,0.9997109839991468
523_1,0.0004805599076983632
11213_10,0.9462012165912573
5058_8,0.8374284452938924
3290_1,0.02137282263029282
2954_4,0.24267651201446208
7148_1,0.49968989337994246
4455_7,0.6675348501054185
1873_7,0.7212041626955331
4796_2,0.05415988423602837
6317_3,0.8141709242329375
11153_10,0.9405439277977995
3319_1,0.02626724610400168
1247_9,0.9999971495593529
9119_1,0.0001670845608342435
7904_10,0.9863582998689121
4892_1,0.04338737355133857
4608_8,0.8302071532728904
4756_4,0.005776135536367052
230_1,0.4619240111030344
6730_1,9.489372522736033e-05
6639_8,0.7103977625985081
1726_1,0.005268035342271928
4540_2,0.0011556896446247545
1898_1,4.745962131950778e-05
877_1,0.0714321856728122
10416_9,0.9990731847037839
1359_2,0.031957821632483195
8886_1,1.5453905413899354e-07
553_1,0.01285461252055997
5252_10,0.9964298927676779
8808_9,0.9173258492468279
8792_10,0.9930974658988384
11723_10,0.9999773166756447
6977_9,0.20325177018029916
5050_2,0.010441157915656217
6413_8,0.4696136583506421
9880_8,0.9708942743533866
5827_10,0.9988008304699345
5271_10,0.9004725422399712
12231_2,0.011453726596094959
9913_1,0.0004300024023882231
3058_10,0.9598669786951024
1278_10,0.6669900712583924
4923_9,0.7822591116686037
4662_1,0.04784552470124833
10857_2,0.08351745611308915
5033_7,0.6180212753102234
7681_10,0.9977637797455197
8916_3,0.08572071774144822
10603_3,0.3648999512719348
8940_3,0.469329934739656
2381_1,0.1899743956305197
9188_8,0.7849352814155339
5290_8,0.9489563264850445
6746_1,0.14140494875427173
1001_10,0.9724655272601057
1190_1,0.005955793165297443
1858_1,0.0016884690115248012
5645_10,0.04486543197488761
3021_9,0.869440735718711
9801_2,0.1158374030600357
2498_4,0.0030182989508425228
7972_10,0.9356226002058814
1200_1,0.00017821071732734516
9626_4,0.4134533045986834
11750_10,0.9404918595609543
9571_10,0.8667933073383686
11593_10,0.9989681127821725
4432_10,0.9116367138921962
10324_1,0.018721779337935184
9123_10,0.998074826178075
10155_1,0.042239297021009876
12237_10,0.9771577430061272
2828_2,0.03721658781779732
6375_4,0.047479570684444534
8264_10,0.9998874256861955
6131_7,0.9293156785548928
2950_10,0.9582065716031265
3584_1,0.00015175647238835268
3077_9,0.9977183301165768
8867_10,0.9997357431308088
4189_9,0.6324595890175746
2297_9,0.08744612006062348
3607_8,0.8917494283942963
339_10,0.7708079793936028
6450_10,0.9871160465324533
8537_9,0.9350873579759398
5663_10,0.8621349476012211
7179_10,0.998301487948787
1929_10,0.5910595364264641
7363_10,0.9928300289777874
7073_10,0.9994352842106827
8472_10,0.9859777446367926
2397_4,0.46819698561681117
5710_3,0.1235467731404081
12429_1,0.001251439063831178
4841_9,0.6032633011593714
5819_2,0.18037084028612757
7112_8,0.7073879358127365
1087_10,0.9967565941085375
10766_8,0.8599218951458281
10675_8,0.7019621721889864
11953_3,0.16060991235471078
1927_9,0.7220668425530492
10455_9,0.9278656795568989
451_8,0.869223081283047
10796_8,0.8782034377352909
5288_7,0.9706353468595349
4368_2,0.004276501476484893
10456_10,0.8942138956211858
9981_1,0.04390375375280705
11403_1,0.06344901892187883
5219_7,0.8802766870804459
11929_4,0.36842817652295895
5481_10,0.9968989661925658
3829_4,0.029028076189092863
11367_4,0.06739902608854889
8154_10,0.9304386391022145
2754_2,0.009018693717597642
2299_10,0.9992454845002325
8868_1,0.10936889956176657
4566_10,0.9704618163888351
6688_1,0.09604271132445043
2666_4,0.02448003604805256
11892_10,0.9986694616037516
2667_10,0.8545848851210627
9244_9,0.7152138110752267
12498_7,0.11739544501994428
3493_9,0.16901173356260266
7565_10,0.8757312187287587
2916_7,0.6029184830080966
12473_8,0.698353576530462
3142_9,0.9446375581926667
3289_10,0.999865700229314
11159_10,0.9707433093605963
8428_2,0.09079145218554925
4152_8,0.6018776737554208
10754_8,0.9362464509270764
11718_1,0.0007902945397522413
5408_1,0.0014308244828579654
5686_8,0.8487925182506583
7479_8,0.9900243469163303
5160_10,0.8376914926001591
3138_1,0.002046255497964224
10343_9,0.9830557119435548
9524_3,0.5064162704359393
7794_1,0.006940830928663483
5433_1,0.20393256269300183
3380_8,0.9741671177160178
7222_3,0.004416379215080989
1751_4,0.8012637824567661
3914_10,0.8493435802038611
8022_3,0.49240144643099854
3975_4,0.4049850795683339
8177_1,0.008537009549509166
5670_1,0.06806766038356302
203_10,0.9920534810963312
4315_2,0.02807323617681097
8296_8,0.9313263380738929
971_10,0.8942254824885197
12018_1,0.022962167263120826
3714_9,0.7455981732608805
4342_2,0.783022386193107
4965_3,0.686687860760113
5126_8,0.2793445361985096
10686_3,0.011053547956311601
7290_10,0.9993680210290973
8474_8,0.9891927314406016
7633_2,0.6725757243480875
2226_10,0.18020481732925303
1436_9,0.8213707552336175
813_10,0.8584167995700818
11865_7,0.5949864644609337
4937_9,0.9857079637659717
4613_9,0.04781088026522533
8129_9,0.963324872717889
2376_4,0.454552396499364
6861_1,0.0023815712574192364
9104_2,0.5752595809104384
10590_3,0.010890205249346368
11021_4,0.07209841904626069
9480_10,0.9461382922613902
12212_10,0.8885117195753799
11766_7,0.9987833249032556
5356_7,0.5366474682091614
9572_7,0.9872420033143066
3264_8,0.9135439860845649
11794_1,0.0014838880875463673
11739_2,0.5728569307754069
731_8,0.9438678868630093
6278_9,0.4251292348470542
625_10,0.7566819873975775
7252_2,0.1583536238841805
5171_10,0.9972259167215237
9149_3,0.2857031264173524
10780_3,0.011365876548597477
1568_9,0.8702765710818445
7291_9,0.9972108977714433
2288_8,0.9630908277806886
3126_9,0.9015010394231113
3352_7,0.9768787860632057
9455_1,3.5963786926757976e-05
1709_7,0.6509367204493287
9309_2,7.618354110708438e-07
994_3,0.39058239890260266
4173_10,0.7169076155039948
113_3,0.06867928782952565
10472_10,0.9484950644909427
7193_1,0.00013479473605552448
9978_3,0.39462456078420965
783_8,0.9748813676807545
7585_10,0.9998782346779287
2135_9,0.752985417925286
10887_10,0.9918723569525603
4075_2,0.0009300573457661212
10521_2,0.004998763428588553
844_1,0.16069212800868815
6691_3,0.002272157053184443
3879_4,0.2038245089653116
3511_1,0.06729899628935282
332_1,0.5886364912079112
7398_4,0.26014435327965646
1845_1,0.07052080201759588
3890_3,0.3105724302470414
3781_9,0.8557019536139778
3723_1,0.001558996217885038
2908_1,0.0010089042728513786
7625_3,0.0074080178133878885
6310_10,0.9421009007972357
9432_4,0.8006451058593357
1820_10,0.9990946257855793
6809_8,0.9644929123514879
9911_1,0.014222772912273132
12001_8,0.9733727737455928
7266_7,0.5776319852983193
263_10,0.9982152083789653
2109_3,0.01851077280971374
7293_4,0.06621475582116743
8874_8,0.9120588115782008
2143_4,0.8951855703650483
4307_9,0.9982941869924385
4176_1,0.0003633814377046073
8369_3,0.05615418063737803
12317_1,2.4449039003948477e-05
1687_4,3.4416092144218766e-05
12082_1,0.009648524711845739
3396_10,0.9816699872440644
9129_9,0.7696930856843087
10090_10,0.982074361873722
11841_1,0.024384394443532534
12447_4,0.058822769364439864
11624_10,0.9974233954648151
8624_10,0.19005879288529892
9290_1,0.30471889675946845
1108_8,0.40413476987589186
4300_10,0.871126828795224
2553_4,0.8749409330705012
10550_8,0.010630643319786588
8884_10,0.44126995558445314
6760_2,0.025239440045735393
1177_3,0.29089719524691116
9939_2,0.19498699934109856
2100_7,0.9218136532329656
9677_1,0.048754505781678226
2511_4,0.0012909476281825153
4115_8,0.9976833892512144
437_9,0.5778349689749144
6698_10,0.9914583115134552
11049_9,0.9848523030035363
10168_4,0.10756171085467646
8071_8,0.7752519478619453
12474_4,0.48540477167810475
3775_10,0.9392344978681281
7478_10,0.5766836174982978
4312_8,0.8343946180163039
3105_7,0.9036683953999908
640_9,0.9439353339918387
6891_1,3.9501276955303916e-06
1849_10,0.999462476887553
8528_7,0.7977029050898783
9032_4,0.26653392451000113
11743_9,0.9994065530498653
2813_10,0.3778862906580311
846_2,0.011424186066232536
3695_4,0.18861410028764855
5972_3,0.0020614977571752095
4831_1,0.0078292991397167
11826_1,0.06948234757527151
7684_10,0.7660539029900328
7042_8,0.8950052944830341
10247_10,0.8635008388474074
6766_8,0.964835324619603
2091_2,0.0237938576201281
5108_2,0.005651950332738611
10644_1,0.0218643622404314
5955_2,0.12793588622067947
9451_10,0.5994225960836577
11518_10,0.7936446457437002
3871_1,0.0002088173511260957
5013_1,0.0006553312105789696
5056_4,0.16490676023344636
3688_1,0.007477058882042986
2325_2,0.42397423695769965
6330_4,0.0669971732112038
8783_1,0.028377050574611828
3848_3,0.005563376770596948
5901_10,0.9858726235985635
10947_3,0.059993327960288924
4590_10,0.9946133433879328
4337_10,0.21738887628659034
11029_3,0.5576469813389558
10980_3,0.1171920628379502
165_7,0.8477230050615716
474_8,0.9971628973741951
3175_8,0.9113690374841467
11764_1,0.041796623728972464
2164_7,0.9941620330685618
8891_8,0.8414617358098511
8294_9,0.992285202155113
6602_7,0.8537751257641768
8187_8,0.4908386554024125
2609_2,0.12324250720635593
6506_8,0.9914435728401507
2207_1,6.0302956554182176e-05
2467_9,0.9358365601216795
7440_1,0.011298199218542552
6417_8,0.6761927114639539
12278_7,0.6587210591577027
4495_3,0.5727309052764914
8223_10,0.9864052533643145
3659_4,0.052475458306323004
1120_3,0.01965940935548113
9713_3,0.045403134545695396
808_10,0.9952799686550035
11164_10,0.6806925418089461
3536_10,0.9656367516317056
10930_1,0.008550111099699336
6868_4,0.004209982765818957
2248_1,0.09118274158101501
3624_4,0.3855725925082014
1442_1,0.0010389329513074957
10167_4,0.049752455389609616
10645_10,0.6645820866425061
4414_1,0.018439810034080854
6409_2,0.2212276525324612
10486_1,0.02458679181823356
2983_7,0.9768355558047743
4985_4,0.27870661480774955
3566_9,0.8675293026518309
8340_4,0.16660559677149786
10246_9,0.9089172318029973
7380_1,0.9228319773540441
12381_3,0.2817717783375121
11723_4,0.10246783596944933
7478_1,0.05478640826883265
900_9,0.9564910881695068
3364_2,0.5031990003057705
6570_1,0.005809225482764796
9309_8,0.7970313017586603
6044_1,0.0047627623229502015
9261_2,0.0118541788373956
5690_8,0.894297718727754
5326_2,0.00945601595525539
11179_10,0.995315181715519
8908_1,0.00024519046364187836
10224_9,0.7461700674585581
7318_10,0.9882884322229956
11098_8,0.6880523124504795
10120_1,0.003844565885766657
4561_2,0.6304854201929591
4409_3,0.087030558380459
4301_9,0.08389912061712443
9254_3,0.02707883550230336
10717_9,0.8789154904716299
10619_2,0.6218396909572736
5924_1,0.9447080955298462
11657_10,0.36641129098109004
6373_4,0.22597917971363587
10469_10,0.8387804255681928
5531_9,0.779329245258443
1089_10,0.9089491473863751
5082_10,0.9406217678209984
4267_1,0.020843008609882183
3006_10,0.9010552602708681
9318_3,0.0668351241246254
11877_1,6.147948740455125e-05
7274_1,0.32829322335181127
12450_7,0.8993579610481127
148_9,0.4817644725343751
10353_10,0.08235181853696659
1368_8,0.09100392705751646
9408_7,0.8272529394861636
5739_7,0.12393527639909534
7036_10,0.9617193250751992
11554_2,0.863583166901325
4601_9,0.7046609868328055
10376_3,0.1788768809131526
2486_8,0.981600143618787
5745_4,0.07799974908155977
873_3,0.18909134536091574
7009_1,0.06659563710571086
542_7,0.7240503387287719
12008_8,0.9849624942689289
8040_8,0.9854670526017584
4048_2,0.015934682510577135
4895_10,0.9839681255785494
11789_9,0.9995892394590923
5084_7,0.9755890411556858
9207_10,0.9822831436690008
923_4,0.808474558470832
106_3,0.33232158088297487
1125_1,0.008377288178281563
839_10,0.773488339246376
5285_10,0.8581243839639675
7444_7,0.8964035895193033
1566_8,0.9731184490637472
3285_1,0.001182130984246681
6203_2,0.0036728481562206257
11147_3,0.23078656533483513
11152_3,0.010901749605532952
3335_9,0.8950278989027872
6689_1,5.497843824883238e-05
6557_7,0.8764195111749484
3362_10,0.9755725757691619
101_3,0.3416555466043934
10692_4,0.1846246805134118
4462_7,0.643016711483589
265_1,0.004543881617002984
1369_3,0.3568235841528673
9112_10,0.8928064989240183
7870_1,1.620306803850872e-05
6102_10,0.8813983495006047
3973_10,0.935337845423662
8232_1,0.39192059830018366
3177_10,0.6218595575541048
11598_10,0.4695256457110678
882_2,0.17794462093555283
5660_10,0.9146571958725502
1685_10,0.9960851114193098
2064_1,0.018399397813520877
2296_9,0.9386036892662142
3648_10,0.32739149933299383
5486_4,0.0216169043570293
2496_8,0.4955120290419138
9579_10,0.9276355653997816
10776_10,0.9646200319234279
5889_10,0.9177686835178527
8292_1,0.03517116056294527
10547_3,0.011895036116605022
10415_7,0.5125542469591745
10741_1,0.008525528667831373
10196_1,0.0009783443161875116
12155_2,0.05942255905471156
2224_3,0.36618242068563933
10356_7,0.16598414610640957
7202_1,0.0005550773015612581
11973_10,0.6036450225595262
1792_8,0.7190927045031805
7894_9,0.9924900757507723
11413_1,0.13493447515879073
10596_10,0.817165469496551
2462_2,0.32688608401446556
9451_1,0.010378888275324016
2895_1,0.17692059863806042
2513_4,0.3079147907356757
11950_7,0.14597700848170836
10566_9,0.975099032605147
2209_4,0.21257166329568644
9292_4,0.17771033447352452
5575_8,0.9730996418873057
1688_4,0.22675959496223475
440_8,0.8700921445439708
6324_10,0.9954155167280869
8296_2,0.009810998057650873
9460_1,0.0028737650251659088
3992_8,0.8810119200100743
11425_10,0.9984746774872897
147_4,0.5972911822031828
2897_4,0.11823916614322093
6214_4,0.15971050419113136
11157_4,0.15433665897162546
4204_8,0.9870200302304349
7255_2,0.35231866192642614
8435_1,0.45047571223689553
11354_2,0.012889843379998083
2136_9,0.8608687845883275
295_1,0.7440881764058659
335_10,0.9929288495754609
8791_4,0.06643807077378616
2817_1,0.00014956723751320658
1629_8,0.8378175293347535
6826_3,0.03049887315937925
5550_8,0.9668801901471876
3572_10,0.9408535589421644
4543_10,0.9838351338332718
2789_1,0.19354910756798913
12288_7,0.5691459148549964
9769_9,0.8575778274075875
1257_1,0.15726871622641844
6180_10,0.9904989014172834
8881_8,0.6122483049004024
7075_10,0.9999459234494686
10254_1,0.03318523322053979
12214_10,0.97379460590971
829_10,0.9586248621257355
5633_8,0.3805342318885424
6202_7,0.006396028679578928
4843_10,0.9999538848986006
7564_8,0.9872328851394964
3539_4,0.14473688889573738
9634_9,0.9744385885796263
7578_9,0.9994803213854144
6642_9,0.9992715221169131
3438_8,0.5615768322186429
11407_4,0.016109303729891358
9891_1,0.0008591249790675418
3875_4,0.003176081984523945
6447_2,0.05105156606057848
5027_8,0.9999998683004898
11415_7,0.7133601021696302
7762_9,0.8821720683662376
7263_10,0.9737829949941337
6556_1,0.5745173146962428
5491_10,0.993151464956889
3418_8,0.3052937526960811
4137_1,0.10624482838500358
5519_7,0.7980345298580453
3435_9,0.8149205633728006
10199_10,0.8763442256703879
5212_4,0.4925261258713386
11891_10,0.9929409515292931
4989_7,0.9135763041888454
2883_3,0.6468418104725348
9154_2,0.5545830796852508
8384_10,0.9438009818110756
4082_10,0.9546959932298215
4334_2,0.010955762761751702
5652_10,0.7549774653046314
4544_2,0.2652865023633764
4987_8,0.6661037106981603
9648_3,0.06241866465824409
10755_4,0.7264664933711769
4386_1,0.007635833464551989
4619_4,0.16363865650218387
5860_7,0.610270744152339
11492_1,0.015042662275498
2126_9,0.9806552494879484
8355_7,0.879556256956827
6560_10,0.8508447228922354
4026_9,0.9841916076601109
4019_7,0.7398544199903265
455_10,0.9981404310086548
6637_1,0.9997284155995926
7490_3,0.18037087393827336
10533_10,0.7765773514418896
7417_7,0.44597510831709064
3392_2,0.0138870425651286
460_1,0.0008324176648139421
5364_10,0.998909380356641
234_7,0.9918815776869109
709_4,0.25376978885012236
2753_9,0.4322824104501076
9434_10,0.5188442463044575
2835_7,0.8689273614777906
6849_1,0.003065608133420999
11186_3,0.012699125617066181
10902_8,0.9242841340389014
2617_2,0.00960702135288906
7423_9,0.17663702205196702
4699_1,0.008145257921390951
12312_10,0.9446098078551124
6185_4,0.16360250978830082
3742_3,0.027173396961290452
1314_8,0.9857421490458248
7985_1,0.5104192884701746
3669_4,0.45149861910145017
2791_8,0.9812253744769222
2295_8,0.9742795187293762
12111_1,0.045578534714479986
11827_10,0.9496317185640766
10191_1,0.1290682170084913
5264_2,0.0572570480648919
11002_8,0.9849897795743647
12423_2,0.001504265238296275
3551_7,0.9607594820781858
10804_3,0.44585406559313095
3670_4,0.25444047554975907
8408_10,0.9952980139868328
1307_10,0.9853585864729293
10906_10,0.42661280796419887
4039_2,2.5337415562458987e-06
1010_9,0.9950109433871384
8764_1,0.0008646856512879462
10894_10,0.994950379134032
1249_1,0.006240559129679731
1844_9,0.9999652575322332
3252_9,0.9847233025171026
12272_1,0.2992871984623225
5599_10,0.9936340303441353
6265_8,0.9958024243326181
4497_4,0.4493595698460708
3925_2,0.04101765917714176
7935_9,0.8722379413933251
12146_1,0.0019421231370280686
2345_3,0.01897013706356111
11171_10,0.999039039446333
6726_1,2.153231927657939e-05
11129_9,0.8919090631954283
616_10,0.9484628169848913
11349_3,0.009801872664161817
2485_10,0.9778525428196831
3212_4,0.024009450308959852
5578_10,0.9932039765389
2252_9,0.9985832595987081
11643_3,0.05180693547034923
12081_4,0.08252217121285911
4104_10,0.617681638344395
4504_7,0.8256119827626767
6354_10,0.9959915799752239
12118_8,0.9933678387804542
9680_10,0.2265563174188554
7173_10,0.8954591087790206
1965_3,0.21500068481076628
2674_7,0.2658607841095365
1425_1,0.028021059195393765
4017_8,0.9972655314255051
3835_2,0.5210366743698969
1335_4,0.08764962687672222
627_1,0.016518198593631832
8330_3,0.9697485135889506
8907_1,0.0027356869713229216
11801_10,0.7035318156764232
3231_1,0.006737174598839714
860_4,0.1564221811636245
2902_8,0.12922544236912595
11550_4,0.52321875085746
4944_10,0.9718790244006894
10190_10,0.6304800614797959
4090_3,0.0005711506252888998
3863_1,0.011341342500870209
3904_9,0.9989407742466365
917_4,0.4918051847939889
5540_2,0.02900249038212593
9183_7,0.9747307587793164
2570_4,0.009069044681374148
11868_1,0.004651268700268924
7438_3,0.13943785532622546
10484_2,0.005222745557211317
1988_8,0.996918464200785
46_2,0.09107165177553025
6624_4,0.06825955368825538
4666_7,0.8663190814787107
11479_4,0.8618888985886706
308_1,0.004893256918062776
5400_9,0.9918663432365539
5258_1,0.0006972665366068706
432_3,0.0002211799622472583
7245_1,0.22637762096375122
7082_1,0.2293241789178718
9698_10,0.97739572656747
1085_9,0.42452847571892055
9999_10,0.9884875158180289
4235_7,0.7386449964564668
11603_10,0.97868091530619
4457_3,0.10933136522817133
5022_8,0.959547500983508
12278_3,0.27885731556421317
12076_2,0.041424066868207265
7239_4,0.6300807080772057
4691_10,0.980837918321368
9820_2,0.028396321827703408
5932_1,0.07187314145034294
10265_9,0.7611639931460296
9247_2,0.0064542965311577116
4581_3,0.26951643952130205
11060_7,0.799052220018257
10349_2,0.018503452432207645
9821_3,0.1129701833432268
3375_7,0.8251952696469219
5515_10,0.9097747709617171
3921_8,0.6665239650868173
6671_8,0.9842758723359978
7051_7,0.7501812821566659
743_7,0.9320219502115344
8230_3,0.04336770661331187
11203_2,0.017166979726057876
11616_1,0.00035483206726935097
8033_9,0.8847184035148724
1472_10,0.0724380416439778
1932_3,0.029982944580394546
6827_2,0.0002771891521809311
6912_4,0.0006085163766248314
12024_1,0.0007664756725102879
10625_1,0.5046965255776736
9528_10,0.9993450427474794
6663_3,0.23075350046644097
10727_1,0.3603465447470856
6646_10,0.9304046479335273
7632_7,0.7816603766377422
8518_2,0.002849225817739707
6398_9,0.9988706891660994
488_8,0.9694811989559279
4133_1,0.002949503103246227
4128_10,0.9358107622941669
5883_10,0.9981669720620203
10240_1,0.00021996990074224523
8791_8,0.9950265782144683
10917_8,0.9980653262120509
9097_10,0.998535072456246
8438_1,0.0006232602931301324
7536_1,0.3316628289838174
7542_3,0.0007467127971646512
3928_7,0.08296744280088494
12477_2,0.021902710370766666
9157_3,0.0655879050093701
2694_2,0.6256476629752015
3632_3,0.0028659422453433344
7169_10,0.9834655141944052
6931_7,0.9252281829206132
11474_10,0.9947664665033965
2252_1,0.005902077524335035
1261_7,0.31081178065820225
523_9,0.7306670696980209
12233_2,0.00012771707363793007
4731_9,0.7904604792459327
12376_10,0.5958076301895971
11834_4,0.7954771219208562
7063_9,0.5620505864879642
5289_1,0.043141038241943604
9632_3,0.05851181215389447
11086_1,0.004433028337970528
8224_10,0.9995440138340562
8013_3,0.1870618715306687
8003_3,0.0005229722700538308
2281_8,0.8222837861300735
4643_7,0.9649073182141534
7942_3,0.030434396017986365
11067_2,0.08588705225082582
5577_1,0.0866708779486665
5796_1,0.00026877605508545804
11514_1,0.5652201920279554
1867_1,0.018012638376471567
4804_2,0.00024106291049787136
4547_1,0.06078545726538644
6391_7,0.6177277106034641
6260_9,0.9995980957442622
5355_10,0.7053543872097304
12358_4,0.33752368060695315
860_7,0.9883291230200728
3768_1,0.9081516856909576
8742_3,0.5283616252920499
10786_4,0.03898525253822227
5337_3,0.4094038937403343
11260_10,0.35728575097689796
7364_1,0.11749421278024648
4434_2,0.050307484898330555
10604_8,0.6494161615593682
9587_7,0.29395472382073257
738_1,0.2790993949890531
3757_8,0.9849550352853528
6970_10,0.9993358280783788
6194_1,0.036450813594669826
4559_10,0.48196365538358005
2334_3,0.18412570638460743
10636_3,0.5370233873446604
4192_1,0.00011421583086992354
1579_4,0.6057765345220264
7168_10,0.988142984796296
3789_9,0.973707342436117
5617_7,0.9854899386578102
5757_8,0.8462116089672281
1431_7,0.3826246545311239
6130_4,0.4486304914802267
12092_3,0.04098227741345338
7918_3,0.36336250946342113
5386_10,0.5719511648039661
2794_9,0.7724547632426401
2394_2,0.0011857866797934289
10690_7,0.9994833995395992
6406_4,0.3083755378841049
12288_2,0.06298256223001966
7405_4,0.28631023505681713
6153_10,0.44298301534363027
5577_9,0.9857268770746626
1462_1,0.08552940018863923
7732_9,0.39212815477389024
9046_10,0.9459795072367129
11086_8,0.9799055669911508
1426_7,0.8379476205581702
12174_10,0.5423726813153014
5537_1,0.0005905813030589801
11746_1,0.02512506301128886
12203_10,0.9624599663518211
11585_7,0.9096205601213163
9765_1,0.010049005278998506
6295_8,0.25224700493747876
3991_4,0.43672914785811123
11134_10,0.9954884427834229
12379_7,0.2311552248178782
7316_2,0.5161048741514771
6955_4,0.0903234382369821
8092_7,0.99868255142903
9788_1,0.000755577432977081
9494_1,0.000615951319435687
721_10,0.9940167454769769
1250_9,0.9994055121671339
3204_2,0.4753783762185997
6539_9,0.9598595308082339
7944_1,0.00027364190124738475
8632_8,0.6718194360534258
2787_10,0.996110642035494
11497_1,0.03768682530953898
8577_9,0.9644833818494426
2717_8,0.9444329484588985
3251_8,0.9480417644767815
11714_7,0.7617139175018555
3868_7,0.9772599041441327
7394_1,0.24113148634163423
481_7,0.9898288636533644
5237_2,0.0029018588888747184
11148_9,0.9443170393864344
11946_7,0.8850824603221666
7301_1,0.01626522732735682
384_9,0.7471114823522089
8535_2,0.03758837632885783
8067_8,0.8302733871949444
8452_2,0.031904945151399085
7361_1,2.2552149407220516e-05
4017_3,0.7750578111820039
6304_9,0.9960627003031715
7326_10,0.9941232256958121
399_1,0.017546951302134885
9003_1,0.045225014162901
11314_8,0.3922067015147244
4909_10,0.9031528315852642
10463_10,0.9771020829595022
7355_2,0.07480688619312406
3553_2,0.8944802308514562
4404_10,0.9694418663131115
9304_1,0.24937564621262903
7903_1,0.0014642287709901035
4429_3,0.6634200454946786
6287_7,0.7735724348408574
10461_1,0.0006115988489857191
668_10,0.7465163896507894
7560_10,0.9590424793962448
2785_1,0.000265221525417336
2801_10,0.8093261202807293
4318_9,0.7753732497323964
244_9,0.991201361065329
12435_2,0.005659044042770191
2788_9,0.9606017259727209
2537_7,0.0619851835682089
928_1,0.0017309339024294528
3312_7,0.9954615527567386
12147_10,0.999993682915719
5414_9,0.9351834217982502
9871_1,0.01727362355708755
1308_8,0.973388089598496
7668_1,0.008876661966339641
5571_10,0.9975951817286025
2052_10,0.9574662371653215
7089_9,0.965350596514102
6411_2,0.04047563149830583
8514_1,0.014313389950579384
5921_10,0.7889652454901906
3264_1,0.002553896484931894
319_1,0.020757972796375205
3433_10,0.9773846487769927
1610_8,0.9915603253964503
8002_3,0.04282834861792882
8099_9,0.9470564831013311
5418_1,0.053947434413598096
6247_3,0.057534221028644694
5153_8,0.9547374247857842
12201_1,0.0008972639648637771
8900_1,4.603476494206575e-05
10908_2,0.25499360253965164
598_1,0.02955340006329932
10590_9,0.5316092925470768
6706_10,0.8214260449243802
12299_9,0.8934348279668425
2159_7,0.34723406521100403
186_1,9.9342149505368e-05
3008_8,0.9850396029608218
831_7,0.9336415999086619
2717_3,0.13771196469926086
5174_10,0.999355952036497
3088_3,0.05900079886092612
6262_8,0.9429483765717089
12303_1,0.03267926320013391
9904_8,0.9990251640534773
10097_10,0.9732345986241301
6242_8,0.9485911236719823
9653_10,0.9259621290129519
12499_1,0.1464508522011507
894_1,0.8789578267657487
8935_7,0.8371594633987163
3184_2,0.05226914938798517
2226_4,0.2121473022382349
592_10,0.9998566953370197
2173_8,0.9976580228940352
10967_2,0.00024871055995058104
3332_3,0.05859304292620294
1074_2,0.11297237670875897
2396_4,0.003186688912476649
2627_4,0.6276792964460282
5982_9,0.966165506705659
1386_1,0.2665315487440607
7325_4,0.5868069806999865
112_2,0.04842917022102708
8856_10,0.8815049559283492
1948_1,0.018683660090825612
5791_4,0.055933019690245916
1007_9,0.968620264881588
3758_3,0.05148604019510433
6455_2,0.0696177386183853
6464_9,0.9999566210194644
5403_10,0.9880630627418098
7076_10,0.9998544470602819
6123_3,0.0003924664246934138
2832_7,0.9666306322844305
9287_10,0.9952210846478364
3665_10,0.9016664295816591
4488_4,0.7098065709895074
5861_1,0.011303968462480628
2222_10,0.9977690452836607
9608_1,0.008901862236120623
6225_4,0.3427086034833528
5643_3,0.05078023119476121
8720_7,0.7332596185621356
4955_7,0.9879533484801455
6839_1,0.028258922784665876
7396_1,0.0015353261734567497
6234_8,0.6686842983825534
10423_1,0.6306791908094043
2158_1,0.0015112705221006027
6929_8,0.5511563547448841
7593_3,0.32339226267653215
636_1,0.025240356548226192
2747_7,0.7457351418325434
7398_10,0.9884161758078357
6852_4,0.22675959496223475
9938_3,0.004131308237780742
3989_3,0.21994994494689613
1104_9,0.6972790232912681
5897_3,0.0641846683949048
5254_3,0.0158910905444809
4824_1,0.36482551198067625
10945_8,0.7378342983907006
11486_8,0.9951260474609139
2542_1,0.013179646302189858
1824_10,0.9872768393148448
10181_2,0.004009432717989245
2492_9,0.8046326091200742
8111_1,0.01113958167738488
5844_9,0.9647644555491844
1369_7,0.0762587288805087
10775_4,0.3073517943916576
9617_9,0.8555916226504797
4709_1,0.0022482585967819276
7043_2,0.6664516997438246
5166_10,0.8537308595480606
1604_8,0.9925250976875883
8576_8,0.8714212209442658
1916_7,0.301434592536987
10286_10,0.8130851255987332
10241_1,0.026336172472210113
12441_9,0.8531956088264616
4529_1,0.014519459542739553
1553_3,0.6983838387361347
3985_4,0.45663134458589877
5542_8,0.9756058642089651
10857_9,0.9715574151457774
7600_1,0.3118679287743151
12095_9,0.9686455491578858
3134_10,0.977353237154762
9472_3,0.6815203048207826
1058_10,0.9905209333304507
7328_9,0.9973421460699448
3865_3,0.13326711646993009
7409_3,0.03227638267680887
4795_1,0.0002413048255142285
11596_10,0.8541108938708405
3758_8,0.7789980818184535
5099_4,0.1101205938936786
7707_10,0.9957581526010661
1412_3,0.20501231451919952
4720_10,0.995209678489401
978_7,0.9880032560600772
6165_8,0.5800325401829134
1307_1,0.0030827209759577727
2322_7,0.35541565635264155
5328_10,0.6241222853000877
11934_8,0.8542545201797145
1940_3,0.16311815609075886
6270_10,0.12960770066486813
5262_8,0.990749694411407
4068_9,0.9840568816790651
1208_3,0.47570024931527005
10220_3,0.25104487733870073
5091_1,0.27561730908124793
2738_1,0.005693899857793697
8909_3,0.020306188006150958
932_2,0.34328830923769393
863_10,0.9077380926457731
454_1,0.052860019354001656
10525_4,0.03517122763154578
175_4,0.5132354096721123
4551_1,0.01572444800267222
5666_1,0.028550406747897616
4324_10,0.9506979356767292
8189_1,0.04164057595898747
12064_10,0.6510276656882426
8622_10,0.9734607344475661
1115_9,0.06660182742164059
9593_1,0.005070259936934918
5579_10,0.9520263759111205
3467_1,0.1421773840380626
11409_1,0.0018688683746813585
8682_1,0.017170500062000896
7866_1,0.03346798682943763
6111_8,0.3653271462531537
524_9,0.9201026312119764
9837_7,0.5363979603869861
2215_1,0.13137849530712442
6840_10,0.8451962510571198
7384_8,0.9607298444686944
6353_7,0.9542974405887183
8650_3,0.1119015599125739
1890_10,0.7256178431649041
10402_8,0.8315620933794869
3770_4,0.2592652796750605
3086_1,9.371408280991201e-05
1487_3,0.836714073201868
2995_10,0.9988761822730917
2356_7,0.38760105804475364
5320_10,0.5925609151839155
3235_1,0.019484387796746865
6802_1,0.0158397912604104
11329_9,0.6490361232719198
1143_8,0.8808927665450806
5768_3,0.03269851076812022
8004_1,0.04465708404841671
5453_3,0.5299733454005044
11288_10,0.13992516358272242
3278_10,0.9981295080392896
11856_7,0.836260740338221
12057_10,0.9191593039478706
1825_4,0.002654840840308908
3319_10,0.9067861991615606
5956_7,0.9836535530198871
4875_10,0.9078648054652614
562_1,0.3459476465463257
11359_8,0.8326892210514845
12454_10,0.4407727959136599
10621_2,0.025392733464713615
10407_2,0.19433303072947572
3532_2,0.020998786687860718
10162_4,0.3629682636671657
7084_4,0.4589975560449059
167_10,0.9526690682061986
3362_1,0.030215303578889664
6370_10,0.9773903430854904
2281_3,0.6648110553260498
10454_1,0.0016884353199455452
12387_8,0.1536157580673022
8375_8,0.6203283634675137
9656_3,0.11856361197526653
9387_1,0.04391586766097284
4907_1,0.0010911372275154098
4697_9,0.7493506115576486
4217_1,0.0004506995883174873
8860_10,0.5215731892172165
7312_3,0.007942150859084719
9326_10,0.9985369936855696
3785_8,0.7400771339321567
2255_1,0.08049784233323934
9950_3,0.0041111102354171696
558_2,0.01196705953442835
413_8,0.8562959790890319
7837_9,0.973320253666582
9192_1,0.23202720248664055
7_1,0.0056456954967825735
9674_1,0.00733401647352428
9771_4,0.02519654112244322
3331_10,0.965926981369534
11444_8,0.15402059668633658
3009_7,0.9479069245102927
5584_1,0.023061698355823952
12044_10,0.9994953070203147
5952_9,0.9220998950937781
4989_2,0.01644439203743571
5722_3,0.001844419673182959
6207_4,0.07612801678398008
7646_1,0.003738178356628071
1811_3,0.28067599657540043
1197_3,0.48482346513039865
709_9,0.9953888081044264
8554_9,0.9759572998539561
1706_9,0.8417579592764789
10060_10,0.9997194806167972
6818_1,0.04592555886227717
7255_9,0.9837135632104047
3790_7,0.9074264858624277
7833_9,0.6375420848655828
7448_4,0.2910216877720196
3456_1,0.37632815301816064
3881_3,0.004209704913323573
11049_1,0.10283698282094027
1269_1,0.4325659015004216
7803_10,0.9964123469247401
1413_9,0.8708531699902845
1289_8,0.9822281930244189
3967_9,0.553604739854936
7533_10,0.9434187288027956
5372_8,0.9306885010075263
1518_1,0.09174730692966297
10752_3,0.2055286410258576
4863_3,0.13649995376121993
699_1,3.6974579692589574e-05
11537_3,0.04896162830270392
9241_7,0.6625482946419874
876_3,0.4349862825420657
11234_4,0.6840375860933137
5942_4,0.7735362323861632
1778_10,0.020998626785644826
2631_9,0.940801152427092
7425_9,0.9882197997168927
3410_10,0.9973954962810997
9155_10,0.9005485211598344
4396_10,0.9992600106650761
8894_7,0.5668106533317102
6034_10,0.8943929081836498
12105_1,0.02378999650729888
11645_7,0.8542029529681999
1821_4,0.025195130115261973
9028_7,0.2392559306643736
4670_7,0.934286575924462
4720_3,0.05606218209190894
10001_1,0.0019098148171510809
8363_2,0.0034089533537285032
5681_9,0.983939299060659
8165_10,0.9217222146956358
11961_2,0.00033417652094500533
406_1,0.024455043763931726
8313_1,0.005824287104525543
11945_7,0.7093127158404359
9454_9,0.610717118006039
9523_10,0.9513242298860337
10516_10,0.847798065622964
6036_3,0.1103020689886593
5046_1,0.027356733931799944
9019_9,0.9840384399835882
5471_10,0.9998810078171666
11862_7,0.6090220374440393
651_1,0.3675446685311903
3131_9,0.9580028828882459
9912_1,0.0009649647342215204
6231_2,0.5695487022887185
5523_2,0.9835326214826277
1817_1,0.1508986309359426
8880_7,0.9858422178166859
6080_4,0.15626888987215
9940_1,0.9614010140204373
3409_4,0.5011470856297496
3713_4,0.12260930091902075
3447_3,0.14035269930793404
3460_8,0.992946929429078
9397_10,0.9059176413400147
5528_8,0.9290328559408855
7658_10,0.9958303044801864
5893_10,0.9942840056267217
1646_1,0.002788053731798092
9620_7,0.7874994291167837
66_3,0.9784808169232284
1691_10,0.9913137665712579
4311_7,0.41463096241690656
12091_1,0.04898073777483652
5391_1,0.0032244704455042486
576_4,0.02848022407968084
4734_9,0.6496148304820302
6008_10,0.9405846474433749
8527_7,0.791792503788124
6048_10,0.655052254674461
5102_10,0.9775077158870465
6794_10,0.9938160405038136
3473_3,0.064184552343754
2025_9,0.8580173500707343
9728_2,0.0038295537288566502
10704_10,0.7462185102436826
9094_4,0.8960793064032945
7838_9,0.9709285041631429
5779_1,0.0031471567240477453
5342_4,0.33887735699305727
9291_10,0.9925685085280961
7028_2,0.16077783365812806
1331_9,0.22680340032844362
9913_8,0.9556125470464876
10250_10,0.8799555467947677
9227_8,0.6769913070049229
6278_4,0.039754971708937006
2302_1,0.3338112108318267
7000_2,0.08562540842997661
416_2,0.5354939679394124
6846_1,0.03445118978088223
3253_9,0.9378638741728805
1712_1,0.04104003590171842
9720_10,0.9836386865689755
769_9,0.956724739444716
6635_10,0.6638671782331084
1421_10,0.6376148011498618
6803_1,0.582306129310239
4290_4,0.7245591319569475
2465_7,0.5434440552473249
70_8,0.9933977953099938
5176_10,0.9780315317629956
305_2,0.0023956875422167746
11094_3,2.7875688173139588e-06
1109_10,0.99571354042971
95_3,0.4325282819282717
2378_10,0.948738694812231
3270_3,0.030526965185978017
6999_4,0.3133498890556602
7594_8,0.2918863793178862
9549_10,0.8995692904266265
8263_4,0.6178538375156108
10379_9,0.9959303480345576
11187_1,0.1101812978928438
2278_3,0.13644466425031765
11180_4,0.2925038347814686
745_10,0.9444257749946371
9794_4,0.4759971324440956
6565_1,0.0005982743596083991
9608_8,0.9630225219200645
12222_1,0.022280589534237498
9330_9,0.8618329267095416
3611_9,0.9865244685702593
1775_4,0.35143180441051647
3635_1,0.12392318736820156
3893_1,0.006809228691433568
2802_1,0.014015316557825687
2481_10,0.8268379816006649
1540_3,0.2838805340788153
2205_4,0.07878947620819689
10970_7,0.984042876811281
8287_2,0.04995009564920909
484_1,0.041603497808248305
249_2,0.16341509976940752
12073_10,0.9987144545458753
1443_7,0.569907899642197
4985_7,0.7287828499750528
12247_1,0.16750685107298446
3170_3,0.005246685240648409
2900_10,0.9425968379210506
1930_9,0.816349257338683
12309_10,0.9031218146907541
10720_8,0.9960129616788733
5260_4,0.3929576605756531
5212_8,0.5599323051612367
3872_10,0.791784663880988
9705_1,0.024400040925844857
10367_8,0.9803421075380381
10063_10,0.9999194991648622
9682_1,0.05528720955927369
7356_8,0.5543808257526008
6045_7,0.8671159988435518
3181_10,0.9851532899621148
7212_9,0.2173172666079888
8801_9,0.9990836953350783
2910_3,0.2691379987861371
5031_7,0.996996585902964
1416_1,0.08943810519942597
8903_10,0.9977286732987569
10620_4,0.026780822140632633
8957_1,0.004228569880489223
3374_1,0.004593322965623576
9196_1,0.048254625314760796
5167_10,0.9708197953729637
10900_1,0.07064835004703564
5405_2,0.13721044589178244
1546_1,0.3159710750529143
12331_4,0.17512849092621152
4733_9,0.9968651788373828
6682_10,0.9866719579814625
1356_8,0.9787750942170768
2301_2,0.0038748857869888758
11565_7,0.16418960664875246
8731_7,0.695082233958116
1638_10,0.9607632447825148
7280_3,0.10625607740413358
51_4,0.34457824915070107
355_4,0.4539390276241842
485_10,0.9868664465917278
554_4,0.07825754707200024
8059_3,0.006644110769326025
3645_4,0.21558298618013463
7332_7,0.8370547587349954
10877_2,0.07885295646181435
10837_1,0.00023195975165730823
6273_10,0.8298251034203763
11773_2,0.08793131279547808
744_1,0.18070181178123695
9762_8,0.9982740095748243
831_4,0.1787882484421815
4450_3,0.008899294158390216
5338_4,0.018555974554013442
6741_2,0.08638812028863009
5962_9,0.7486849970096785
10363_3,0.30717582829470635
9063_10,0.980877610756502
2739_1,0.04082069252257926
5920_2,0.000189010627918797
5200_9,0.9787869280624965
6498_10,0.9998648641993927
591_1,0.020411953532011626
8010_9,0.9984126114926076
369_8,0.9928304113054081
9971_9,0.9929933829735927
11735_8,0.9504316162240014
11278_10,0.9285441746604765
1464_9,0.9310194785902287
3787_8,0.9894978644003647
10097_2,0.1031860417244699
3728_8,0.9958486282750607
9996_2,0.14875390435326935
8676_10,0.5373770718884058
9718_4,0.009680729280802323
9280_7,0.8801195808213665
8343_4,0.0956915357359371
3505_1,0.010599950957346855
8863_10,0.998316414407445
5682_10,0.19214890487567393
4704_2,0.9250013705860779
11106_7,0.8319631437233582
10541_2,0.35907942643897095
6601_9,0.9938369624979869
11387_10,0.9122603255718031
8864_10,0.7915709966269233
7139_4,0.10073538338352961
10068_8,0.9200815563754093
2572_1,0.01951837875625224
3819_10,0.7746415270739141
11954_1,0.003553295957739612
2525_4,0.2808485082449434
12440_7,0.9264432060261073
1489_10,0.916978991478432
12422_7,0.1168635925664429
5463_10,0.056553230335979456
5684_1,0.00010462248529676964
30_9,0.9417437029805013
1255_8,0.9902484915588945
3993_4,0.4881085044782262
10386_7,0.864011411808429
10111_10,0.9047843955641607
2915_9,0.6364244302640041
4621_1,0.06254794264902905
3671_9,0.9434344398294532
1069_4,0.17233836526745097
2060_10,0.4024259502126151
3788_2,0.013878242545105739
3_7,0.4910776157398727
7722_1,0.077528346199802
9601_1,0.004964567134577608
3294_3,0.4123333273505741
4361_1,0.004356057012610777
6626_7,0.3362354838138999
5799_10,0.9372631360108628
332_10,0.9999794452153572
4320_4,0.04898655094395011
4545_9,0.6323067909644501
6029_1,0.003236131642573728
6329_1,0.016902103650688945
5586_1,0.013403127667555926
9401_1,0.06599103756101682
7087_10,0.8482551519903283
5200_1,0.02472970101938931
9707_7,0.448103631646307
5006_10,0.41071425407126205
4702_4,0.5040160345147048
11207_10,0.8682159390086399
3593_1,0.02140515507274323
3050_3,0.5228913527313244
6036_7,0.9302965668170361
2221_2,0.0022534645334983056
6895_1,0.007853057205257795
5678_10,0.9109997148174692
8395_10,0.9765585190349054
8193_1,0.007089124364978683
11689_4,0.10020273720004641
10207_10,0.7704824882846173
5028_4,0.0030857564987350323
26_3,0.8913890704762988
11774_10,0.9351626159744102
59_3,0.04323387694612506
7339_4,0.18899768525138283
2141_7,0.7120255882730219
10647_10,0.9182774497914413
7703_8,0.38060415463223485
5904_10,0.7299312301570094
11952_7,0.9739052281112355
6355_1,0.04677339412261337
7465_1,0.012453032572295972
1244_9,0.9995475606763793
5129_9,0.9878135145814483
4015_10,0.9958388477312405
435_1,0.0030541563325775225
8974_3,0.5951961341605443
2294_2,0.0003195931028092692
5028_8,0.8735397521226727
3850_1,9.815901788307208e-08
3162_10,0.9504902298353612
7690_10,0.8242432107582048
10957_1,0.026977468771022407
8809_10,0.34768187408165774
8509_2,0.6720392511175819
2314_1,0.0018976378349174607
2587_9,0.9784255759911306
6823_8,0.9982954774733849
9761_2,0.48652449269079573
2699_4,0.15027904843575118
10291_3,0.008402959741854642
3015_7,0.6733708195495305
10059_10,0.7238470524721712
8018_1,0.4262635264466472
9487_1,0.4029485474882447
12074_4,0.05754324044393536
2051_1,0.017728578835585
3997_1,0.004459348881598813
9323_2,0.2037516226327505
10231_9,0.9873658756251813
10129_2,0.002687108161469949
1491_10,0.9825855760177471
5601_10,0.9785291356571174
6980_9,0.6452931743197313
8952_1,0.0019129087925932248
12021_1,0.0156929791919505
11719_1,7.760663457405466e-05
4620_8,0.16510503874004953
9819_4,0.948686217982927
1682_2,0.8514395171896725
5635_4,0.22929463570307096
4634_10,0.8030453809950509
8725_8,0.9142231906590083
9919_9,0.645179441844984
5839_9,0.278089160389617
10643_1,0.06700699873979271
4447_9,0.9460418794372298
7614_7,0.87977442213789
441_4,0.8704676375168234
1713_1,0.0002470400761738266
507_7,0.7803864623229604
6592_1,0.08898277995690644
6378_9,0.9945728920553304
10206_4,0.5334476181137712
11627_8,0.7199119142658028
11991_4,0.6801252302282399
5759_3,0.005293693360257156
2655_3,0.031702822245161355
8628_7,0.9940981276096627
12364_2,0.007433894852521371
11107_7,0.8205267759059427
3166_2,0.2830668439733769
4168_1,0.19837463593847504
10876_7,0.777394523412897
5609_10,0.9109648265952419
600_8,0.8394043380251484
7243_2,0.0006145987972871082
7300_9,0.7353296138288626
9144_10,0.26869896213745514
4539_3,0.33546143614742213
8007_10,0.9636315158531861
8486_1,0.06942293483132496
6213_2,0.5568590029573267
4742_10,0.6741526853337587
1421_1,0.010337947430524852
4061_9,0.8175785534630838
10451_7,0.8674854668388797
1062_8,0.595351821364193
12281_1,0.04723320829507681
5994_3,0.002169339179805203
10055_10,0.9706036077859136
2602_1,0.8988711473512007
11107_4,0.019755012053503874
4007_3,0.22677320359088637
10444_9,0.9942413331298399
1635_7,0.6018994916871937
12049_8,0.9968494263683891
3988_3,0.10720529988798005
12414_8,0.9664498331215112
7074_1,0.0030125130487686715
11854_7,0.9133481915618126
2445_8,0.9967982963592708
2187_9,0.9003836639097488
11675_10,0.9039273459980226
5648_1,9.218379746604497e-06
1614_4,0.1768685310996976
9395_2,0.03413612454088552
5372_1,0.054843582929106786
12082_10,0.9940170202854908
12029_10,0.9391794736794858
983_4,0.9634948932089908
11356_3,0.04095256314567159
4254_10,0.427313448720647
6017_4,0.07705638316962365
2330_10,0.21620648498965994
1089_1,0.018370390087842976
8017_3,0.043537627654009675
5248_1,0.6393897967175538
9041_8,0.8718604345178134
3855_1,0.05333881817181696
10976_1,0.005966732086465488
7926_4,0.46061637895250085
7758_4,0.2679343624977905
8081_7,0.9360363675465544
9267_4,0.7935185303210149
6381_9,0.8800490461942581
6172_4,0.3207747583993495
12411_8,0.9819705080559195
5216_10,0.8713333925438992
10999_8,0.33195389034434464
2460_1,0.0562725414983559
7815_7,0.9805336815470156
8586_7,0.9982055597183666
21_1,0.005066918043074259
2467_1,0.002498440132550049
7979_8,0.9070918798450475
3744_7,0.8828478615288556
7205_1,0.002050359919917111
6862_7,0.9062752925142428
12031_10,0.9642004279020744
12458_1,0.00010927520927070183
10410_1,0.03791284896260452
2624_10,0.889858319877377
12083_1,0.11276359718192511
47_2,0.2178863930160098
676_7,0.9823093951157134
5425_10,0.9659722399961245
1899_2,0.023177815401157285
9666_1,0.010911434469764144
3151_10,0.9957419592919761
1745_8,0.8640427810423561
7646_8,0.26728323661914777
10011_9,0.9833096505719566
10061_10,0.9833082366642927
6792_9,0.999807663785655
5150_3,0.0077851823174995465
593_10,0.6303257255770133
6170_4,0.9950896867124192
2029_2,0.028593510920150774
3026_4,0.08494659137420184
1086_10,0.6545023889945438
1594_8,0.9528224460669776
227_1,0.0014054033769067987
5932_7,0.6855524139092706
2681_1,0.20175024710346687
4270_10,0.9808404259428183
10065_1,0.021716515090130974
6640_9,0.4670269193028425
1160_10,0.9415628401157503
3078_1,0.020507579992648697
1546_7,0.921259263108994
12315_1,0.001275095140562289
8699_1,0.04545546654191165
11438_4,0.026691815112769288
2034_7,0.48411985682878256
7899_1,0.00495619777093788
1006_3,0.04180198883382271
3732_7,0.9431450408575889
11094_7,0.43057990944256924
1477_4,0.31961017049206303
8912_10,0.6421562703027685
8140_4,0.15619333758502316
7542_9,0.8571045503631416
2556_1,0.857859383961365
10075_10,0.9752365141717938
12212_2,0.23512069821882164
218_10,0.9439336382407587
8385_1,0.08407217894627132
5716_2,0.024295373774509098
11655_10,0.9854331022423269
6235_1,0.0013327882923231827
2823_10,0.2659142778702642
7094_2,0.1715829655784435
465_10,0.9794358356381261
4968_4,0.007518507194738687
222_10,0.8492645934731033
464_4,0.030759211655358856
2593_10,0.903797464983767
11946_3,0.05133619701745617
6083_1,8.282167263995536e-05
8158_3,0.10604010007875747
2646_3,0.8243223080173026
8282_4,0.08459118326936414
12482_2,0.0075105997635273175
1020_7,0.6456311363269357
7554_10,0.8320833304656006
4492_2,0.01618681561782464
4468_4,0.053709850595384453
7365_8,0.9376870489675989
9777_9,0.893514033832448
9505_3,0.1292644537141134
10546_1,0.0016182959940819893
2179_7,0.41728429274949
9325_9,0.9299457985915104
9042_10,0.7828485150582252
7631_2,0.005352179925014673
1583_2,0.12456225490238605
10449_2,0.04183155552991351
8021_9,0.9906987927631951
9282_9,0.9721024781567754
5261_9,0.7921005665865993
9127_8,0.9943942753188266
6408_2,0.010706246613952884
7306_1,0.15917483995027748
2955_4,0.6983042688790948
6401_10,0.9985519967002157
278_10,0.8297471468883295
1954_8,0.6720189727588768
2592_8,0.9963293102197625
2040_10,0.9998324445444164
4779_10,0.9991234746272685
7274_8,0.8971144275697267
8094_2,0.0011101165107405416
9359_9,0.9809604561516897
10732_10,0.995677378720516
7824_7,0.9237143620267777
493_7,0.6755525162160757
2458_2,0.2142359718109712
67_3,0.05541109011011864
1495_1,0.006597192590613208
2984_1,0.02193656838890253
9979_4,0.6488835314166568
2790_1,0.056403174759372274
8948_1,0.9723015758935422
4249_1,0.13293375402739557
5994_10,0.9893353200106436
5119_2,0.06084950528153519
6539_2,0.03475245982606569
12006_2,0.003447673427927859
555_4,0.10532731612710132
9508_9,0.91219868755681
2282_2,0.28327696050210704
4119_7,0.9436832851680124
1224_8,0.9959553311410329
492_10,0.9848166780479588
7062_9,0.995856890583747
6663_10,0.9784234076551849
9410_8,0.892637912930303
6033_8,0.9842144005252269
4704_9,0.9961889057492053
1347_3,0.029726570660947627
6920_7,0.9582683002785739
7736_1,0.5758838159944409
2884_3,0.004599489345871498
1870_2,0.05829779039814714
4058_3,0.31710534984137684
3089_8,0.7501129793183298
932_9,0.9104774461241713
5666_10,0.9993315552453326
5770_1,0.015711798728425957
10982_10,0.9223961186027334
5977_1,0.3490239082070253
7678_2,0.308482776209658
7788_10,0.9926027995108565
6328_1,0.0206408375927736
5806_10,0.9969368680466218
595_1,0.0022108238299935945
8235_7,0.8405459389655012
10822_2,0.002944155795166085
12353_7,0.5058939807051448
5381_1,0.2991174848244184
504_8,0.7525655795709298
4876_10,0.9712120084191446
5244_10,0.9448326664380614
12010_8,0.5421036928185832
7263_2,0.9904090173865832
10315_10,0.9987909499963874
9967_1,0.006751527200135245
126_10,0.7838532015641686
3861_1,0.00945800460464246
10221_8,0.8772341672465418
7844_3,0.9239399329764566
10976_8,0.9619277381242491
9372_8,0.8940695037053424
5633_2,0.01110947488155286
3833_4,0.005159523404782091
5256_8,0.9411923315029043
8840_1,0.003335523586800415
2122_10,0.9990702297824368
4607_4,0.009319213622808511
12025_9,0.7519440629621533
10884_9,0.9635281821266767
2473_10,0.057399168097432514
12330_8,0.38962593896776937
6997_3,0.0581655957260412
4505_9,0.9587991987368938
1302_8,0.7594147918928563
4382_3,0.05536714889875553
9645_8,0.8237503006240611
4138_2,0.003804952116719598
2419_1,0.049960348444073724
3059_8,0.9577400712240073
8239_9,0.9935050526834869
105_3,0.26866603582637427
1129_9,0.634156946367823
9065_10,0.941209721349881
3249_1,0.0013717614726766847
4864_8,0.8255321328775774
11748_8,0.9746205785781452
561_10,0.9898134711173229
1261_1,0.10124637494432981
10944_1,0.027886727573477665
11503_1,0.18111884052199748
8089_9,0.6970185856550334
3224_10,0.8400106572588699
4550_3,0.5376862476914563
8097_7,0.9898523326891772
11042_1,0.03490046907269311
4590_3,0.19004601035529195
10838_8,0.803300759891937
5500_3,0.04368545145928397
6779_10,0.9953060350532241
7489_2,7.084408875108348e-05
4145_8,0.9643560613015778
2477_2,0.7859617588162146
11428_7,0.21513290605401583
5178_8,0.6745733288449334
1604_1,0.010380461033309488
2269_7,0.962191941334719
683_2,0.2824553103502348
12373_10,0.9890899143202521
12362_10,0.9863137128964024
1486_9,0.2911895500198738
4922_1,8.76428961299314e-06
5689_8,0.7291039471921371
11287_9,0.6215899621574743
4578_4,0.00028009956203426626
361_1,3.734275178118501e-05
6750_4,0.943123505280166
10004_9,0.991404199200003
3649_9,0.594129887690857
12485_8,0.88098054061635
4867_10,0.9695705925216972
10463_2,0.023578641546423983
8449_9,0.9852619897309507
10573_10,0.9986926161552148
12488_3,0.39080953388153294
1649_2,0.05166900589863715
12064_1,0.09406660343107474
4892_10,0.993102495708947
8877_3,0.15373868803680785
11816_9,0.9952177928603089
10235_10,0.44830168966284867
8204_7,0.1425992495678566
8608_10,0.7620257788882124
475_10,0.9988035815434148
10150_8,0.972211177914873
4661_10,0.8262991306124338
434_8,0.7465136678306347
10121_10,0.9997500501203753
438_9,0.9983732929231167
2866_1,0.15056073336352102
10667_2,0.2693985632397318
9575_8,0.9599146698880712
910_10,0.9992329973248392
1631_7,0.8949740762593126
10585_3,0.12263543311112365
1060_8,0.9601317409109148
8817_1,0.009438142200034742
10511_10,0.9811541782263624
11854_2,0.08920931669817896
4429_7,0.9188993758177632
7462_4,0.0606695103797759
7668_10,0.9996852197550071
6258_8,0.9403195961106487
12481_1,0.02160867977565738
3948_7,0.8455255000923495
624_10,0.9714945164680735
6418_8,0.9978618867444776
4211_7,0.8212571241977067
10606_1,0.020343737785987723
3052_1,0.0004140751341099378
12091_8,0.9831550220807075
5559_10,0.978551617389408
6462_8,0.9954602986788147
6215_1,0.24873993442429343
10996_1,2.0255610103193272e-05
1139_10,0.6931902995363235
11400_8,0.7285766796264005
10075_3,0.015031637035689056
9034_4,0.11600259112038291
8963_7,0.96899915411918
622_10,0.9899252152806832
4570_3,0.1025852037228195
12242_2,0.001301585746436897
10595_1,0.73845670862034
5524_1,0.14050765172124383
10074_3,0.7267745408367632
10761_4,0.19188883241170712
5215_1,0.15651214793095286
7480_8,0.8773383717903983
3940_4,0.7010860950504493
375_10,0.640621643690705
11998_3,0.03509880197870677
11759_10,0.9828984140926512
12180_7,0.12108133151931884
9000_2,0.3726890188485489
4251_3,0.11603001203755739
7944_10,0.9142751969289185
12444_1,0.02493310004481024
7400_1,0.087040437012046
4122_8,0.9797182330539971
8849_10,0.9907301748780223
5656_4,0.2585364683626006
4091_7,0.927281347513852
8699_10,0.9910359304733868
8750_9,0.6936653504886819
3813_10,0.9772518028219007
1836_4,0.25094092864821804
1644_9,0.9884170829535482
5764_10,0.8761917286410276
1328_1,0.3745408693970289
2332_2,0.14065311137922706
1851_1,0.020189880350545395
9281_2,0.16994713845567294
9870_1,0.1599972078311652
3201_1,0.012162323269089063
9589_10,0.8624368131052409
3137_1,0.01965986816913886
10655_10,0.9931845501479097
10722_1,0.3032009082621268
10338_9,0.904384812707293
2561_4,0.9258237150799534
8646_8,0.9209259249962074
10077_7,0.9987960590098656
2091_10,0.9353828100274407
12110_7,0.8493470701304371
8961_4,0.0760924036259079
10497_1,0.004174384953589162
3909_3,0.4304345285322035
2535_3,0.3171601932379118
8969_3,0.2330974238747576
160_10,0.8897855866870971
10280_4,0.47791442981715127
5117_1,0.025370766684311798
2371_4,0.08128359923611168
12014_10,0.9830554409239973
8665_8,0.8272919465159542
5386_3,2.087322610776323e-07
1284_1,0.0002540613533080898
6541_7,0.45462365657090864
6919_4,0.1123050372128906
7066_10,0.9413428601135194
1189_3,0.03074549828914445
247_8,0.7527578449327509
4144_8,0.858596067529762
1788_10,0.818547693433514
3875_9,0.9572366173979626
9484_2,0.037808211868961814
6650_1,0.35530199714696686
526_3,0.06869499749712166
10810_8,0.4175163610758665
3361_2,0.45705901788572756
3721_1,0.08144913789279876
8024_2,0.0178556079880103
11882_10,0.1640507704658484
6015_1,0.00608096349420404
10950_8,0.636671013463189
10595_10,0.8893349912577818
6215_8,0.7302503624350685
7506_1,0.0016314568083282905
9448_2,0.032134354929458514
10267_4,0.7285913052081568
1890_4,0.06231283227781879
11388_1,0.000425823428233906
4033_2,0.0008643541415051458
10188_1,0.6383620805801893
3685_10,0.9117970642388346
2329_10,0.3751218935441835
2672_10,0.9266113814682672
3356_10,0.8733601679697247
7505_9,0.8989234477306618
8789_7,0.9587671916717648
4655_1,5.0249800338670255e-06
7490_7,0.978132722389471
10703_9,0.24203675970255842
2088_9,0.9581670288305102
5114_3,0.0005435894622045638
3317_8,0.1699256700395198
2826_2,0.6843470259829618
8346_8,0.8542243432886726
2036_1,0.003915664387460473
11081_2,0.012523522580391121
5313_7,0.7944442248881013
266_4,0.44384841832775423
7378_7,0.826156482152211
7420_2,0.09347577325576002
9637_8,0.9186174123791636
8788_2,0.04139621504768851
4953_2,0.15034340649602215
8212_9,0.9999419755403987
10437_9,0.993420317802096
9397_1,0.010777083390533572
4598_10,0.6454311008526941
2772_10,0.3390831443334999
83_10,0.9948733135462853
6217_1,0.0007722209832671017
11725_10,0.9744161156731044
4380_9,0.9956659782751327
2974_1,3.794761750322094e-06
12363_7,0.9883207654784663
3246_1,0.13309874130122398
6087_9,0.9416308896136457
3419_9,0.8221581026583841
6587_9,0.6928774802797402
2450_1,0.025681597397743203
2475_10,0.9472604986594622
11551_7,0.8199825844601734
7614_4,0.21537861730391508
10136_10,0.7954698916203443
5844_3,0.3586017068428733
7473_1,0.0076361857177353575
6772_4,0.10771276932754444
6253_1,0.01832836813987983
4036_10,0.03613267161387357
11948_10,0.9897174032786877
11435_9,0.9423369496145503
6106_9,0.9906727439942097
12271_1,0.12389839076695469
12030_3,0.14389227854172523
11640_3,0.3406028551949064
5589_10,0.5613069811404403
6352_1,0.7086888631526338
2523_4,0.6019601738960105
8198_8,0.8092301312480911
7283_4,0.20961292158403078
4330_3,0.39924418101716475
7882_3,0.42000292092297503
9815_8,0.876392490451031
1714_1,0.014684532659994498
3836_1,0.6740542735518961
8618_7,0.5669785472334348
1759_3,0.35732951139092245
9317_2,0.03202060526913561
6186_4,0.2041609442391032
3779_1,0.0006474564181061368
10096_9,0.9815225461304098
3277_7,0.8951966745161343
6023_10,0.9720718247381215
4863_7,0.5632015734979343
11194_2,0.12964915444137118
11227_2,0.003108554744217422
11983_1,0.48032369906401184
337_9,0.9767436489647892
11441_3,0.0005866084538358877
6668_1,0.04340138968913099
4333_9,0.8808307150036426
3773_8,0.9709060042214777
5370_9,0.9881043251847922
4959_10,0.10207587606678772
9431_3,0.4854589002081257
6834_3,0.5674882090470948
9952_3,0.10046315435913741
9810_1,0.021964552859621057
697_4,0.2882375387505851
4528_3,0.055405087626597536
5817_1,0.002426398718850432
9052_7,0.0869594829389192
11494_8,0.8723805646123106
4516_1,0.013836621747766854
2810_9,0.9602754437992059
1105_10,0.7983315421619277
6873_2,0.09016343698805857
8171_10,0.7743178383317121
9568_10,0.9309101549642507
879_10,0.9959474206348363
8493_8,0.8587227360657996
9437_10,0.8154910617483008
3841_1,0.12895677966164248
3852_7,0.8976319579377143
7414_9,0.6573559325009237
6048_1,0.0006017730362855579
2921_1,0.00044264830660325154
6752_1,0.017172537708533407
7997_1,0.4076752591169083
640_1,0.0008091811550058964
9576_3,0.027585721824010992
4110_4,0.7764914284641153
11407_7,0.9650636626898873
410_10,0.9769633864295949
11167_10,0.9987390656836408
8383_10,0.9727209686962002
392_7,0.9828013663092301
1459_4,0.10377651006617745
11929_10,0.9676175241233556
12362_4,0.08867718265304268
4046_2,0.00015167817385770073
2597_10,0.7440983243177769
11246_4,0.20763349245808818
8692_8,0.9794453143914903
3986_9,0.5846978922397527
391_1,0.010201361921437762
2504_7,0.870930016169146
11644_10,0.97286044470486
1788_1,0.181011978582668
5286_1,0.004228621899520594
3486_1,0.9995547053958854
4486_7,0.6464848531492347
4614_3,0.80581949606239
11360_4,0.0031341247473701717
2315_10,0.9990444628221951
3637_10,0.9633715799240049
6479_3,0.9658970180740621
10306_8,0.9419267237210935
2225_1,0.07157539258944509
9688_3,0.21752933138758462
8999_2,0.003909886951001313
6793_1,0.0009353492656625007
1785_8,0.904747550984251
3902_1,0.1149714324246812
3805_1,0.00303887231358638
6867_8,0.3222898843896454
761_2,0.055624596228302084
9493_4,0.0011293534355468163
4805_4,0.9662916550056977
583_8,0.9889961148132305
9470_9,0.9193332041639916
9859_8,0.6607410351642489
6633_8,0.9044008264778283
518_10,0.9262233091120472
10730_1,0.19850322146410246
1855_4,0.28073389101560503
5191_8,0.6940151289967244
9191_1,0.0036080497682789746
1113_3,0.16902148534855918
2973_8,0.9780431233182927
10712_1,0.03687477097470561
7729_1,0.014088079164748628
2730_1,0.00359915826123333
10170_1,0.0004980359006577223
8238_10,0.962540803105359
9495_10,0.8847909713434792
11652_1,0.06244846040953744
4911_2,0.00705716177124226
7514_1,0.0023286511603194935
8164_2,0.08381556676282605
10389_7,0.8313422055286807
7557_10,0.6991813674400567
852_4,0.08749072944103535
1584_1,0.043292817513587635
2387_2,0.0019193831710880365
6073_4,0.019680935081253074
7047_10,0.9931010996580456
6338_7,0.8068417110247272
1741_4,0.4507302958808419
3697_1,0.05264770472000909
5444_2,0.27363421574082675
10082_1,0.09370069292350505
6135_4,0.5421336546935119
9242_8,0.9793891386628897
7864_8,0.9860077032897671
3466_2,0.06885306838601021
9852_9,0.6737784580761343
12390_7,0.28389624494971033
5189_9,0.9946377980983276
6771_9,0.910860910284521
223_3,0.2569579806752706
8322_4,0.19850142954383412
4465_8,0.8157206968940178
6597_2,0.11819064375144797
3477_8,0.9964619163734162
4736_8,0.6683850380764955
4581_8,0.9888360547755776
5898_3,0.06634065294568542
12335_7,0.7265530154586362
7321_7,0.9888088586570613
128_4,0.2115877864341192
9116_3,0.3829053504917017
9152_8,0.9802862448124587
3613_3,0.0733015475307968
1095_8,0.9948554922079699
225_10,0.5477340206048945
12445_10,0.8276593524074972
596_1,0.05366150597471622
6693_1,0.07735661648307603
7535_4,0.6715787543051316
3135_4,0.7989535778709762
7435_2,0.01634064263376776
758_3,5.352610785564579e-05
11838_10,0.9971011306882841
8539_2,0.08397438521312856
671_8,0.9661527475382466
53_4,0.3432073889697668
8718_10,0.9986430270639671
10447_7,0.6265765972304325
86_10,0.09956202128326032
7042_1,3.5212638414123095e-05
5821_3,0.034478376352758314
4604_4,0.12756695445076616
7906_2,0.002216575298730486
11449_2,0.048858470305071254
6505_8,0.9199428653748523
8160_3,0.08607507767541948
1054_9,0.9879313621167023
6300_7,0.9827946041978686
10058_8,0.9137928085637861
3990_10,0.9998267059766698
9233_4,0.08789985485857138
9314_2,0.07838325103943981
4213_10,0.6344787054546082
3407_10,0.9869304840576728
1982_1,0.200954929535122
9686_1,0.03263635849425914
11246_10,0.6231826255290758
617_4,0.2989217982503546
12182_1,1.1622974290471949e-05
5687_1,0.07103340928161155
1559_2,0.005476389421130193
3596_7,0.9960464041215408
4991_10,0.9829170184753598
3315_8,0.5445819215889787
1192_1,0.0015234958291218772
1454_8,0.9863915636516705
9836_3,0.8405042051763383
8088_4,0.12862678810886696
1651_2,0.03172679618525179
4641_10,0.9968126298475021
10624_1,0.13183029140815183
2902_2,0.5642742071781858
10435_7,0.7334003728858413
11623_2,0.04320405089173237
1609_1,0.0021811800980836393
2623_1,0.0005056068660204273
4444_8,0.8248061043666971
12412_3,0.3812032770101865
8496_1,0.014463034299177852
4279_8,0.8799608045359695
9053_10,0.009284033277932957
11747_3,0.000568356843125908
9754_4,0.8644656926398158
1795_2,0.2450258154880781
6017_10,0.9845015949920307
8964_7,0.9749456108152003
1118_7,0.9726246427466677
11564_7,0.8947245780329213
9897_1,0.0003233945098814969
7731_1,0.012392548730482613
7391_2,0.0015996421267488923
6670_7,0.9787961328537844
8347_1,0.010036612995855352
5000_4,0.002812837230325558
3513_1,8.238512117306948e-05
9427_4,0.23018392519343334
6840_1,0.020765565251811
9217_9,0.9860406546285262
5545_8,0.9523988141844166
9858_10,0.9906701638305492
1909_2,0.0012292528177161523
8416_10,0.8791120419251431
11079_3,0.07768863070537273
4638_4,0.7965476255722524
324_10,0.9732733935531248
9126_10,0.944598123047855
9069_7,0.730006123838065
10555_10,0.9670601169353182
9626_8,0.22346886395628834
6629_10,0.9121575325565239
8419_10,0.9999678454635502
5437_8,0.012511796708980337
2463_10,0.9984599386534341
10540_1,0.02134191081081963
10579_1,0.14856386611055372
11517_8,0.3785043199603329
5306_10,0.8982148426530759
4996_9,0.9979600303433073
8251_7,0.9189481187143312
7382_1,0.03782724377512036
4284_9,0.9744822048271842
772_10,0.9534879480328052
5394_1,2.9170900477783407e-05
10576_9,0.5821927510827288
635_8,0.8427675943989045
9315_2,0.6810345854914502
9642_4,0.022833920209678612
7225_10,0.9967840542872216
1806_3,0.6286264017979848
4484_1,0.3765259365078856
4912_10,0.7683248932226534
4837_10,0.8507209623966003
11025_10,0.917055500824942
1419_10,0.9008802255321738
8789_4,0.08805471177400317
1507_1,0.4099133043282631
6478_1,6.058078354821448e-07
7774_1,0.0006677320490553905
7805_10,0.8407419509105025
11142_10,0.6290854214467123
3832_10,0.6433684267388103
1830_3,0.011400616333983598
2676_4,0.17734831174466056
1595_1,0.005545087559854688
8044_9,0.7329870284179525
8476_1,0.0014809491684739415
5190_8,0.37864173203038803
4941_2,0.0671629471031366
10114_8,0.8231606445604468
11931_3,0.3300115306275893
11970_10,0.7538693671459237
5572_1,0.0035918842437283943
32_3,0.3390973902009005
10026_10,0.7392121887292681
10554_2,0.07425554499234094
6440_7,0.9948370881598415
7636_1,0.02925695931070007
7973_9,0.986515025505495
2920_10,0.9998475893626138
9531_1,0.06791153046867467
568_4,0.21255700200874708
6091_3,0.1676765808081457
5700_9,0.878537212026508
4934_7,0.9972734749100559
5988_10,0.999988444593122
5162_1,0.2586780653310718
1043_4,0.005053704246942267
11574_2,0.1560666522968427
2592_1,0.3095799666510753
4881_3,0.9269275206158898
447_10,0.9919273638446134
6922_8,0.8683180961572159
9314_10,0.8969342203480947
10693_10,0.7087054980073978
257_9,0.991336990729975
2090_10,0.7704063768558947
7826_1,0.00039533499037866466
7851_4,0.4780109295981197
1606_1,0.05806255022274201
4446_1,0.03161379320066217
10655_2,0.14420407343941277
11116_2,0.002952753941498901
1631_1,0.07576052162390651
11696_10,0.8964575010852451
2114_3,0.04054994807376207
10728_8,0.9477041109643988
8006_9,0.9870096474697931
5963_10,0.9955758227432085
2094_10,0.8837492118875888
10113_1,0.006678336497767715
2832_4,0.019220671574438214
9600_1,0.0014538350869856902
7776_1,0.029072891855719544
567_9,0.2651617084126472
4700_10,0.4120865451947155
1143_1,0.0038831857650121152
7853_1,0.0005313624898103192
11178_1,0.42064705461628443
7770_3,0.055059942955974335
11696_2,0.018127505206303633
6077_9,0.9146742887635504
5952_1,0.0010651135890067868
507_1,0.004582562044828827
11888_3,0.448735513491332
7857_3,0.31211460765657106
1381_7,0.21664654092020166
5080_2,0.001253791144843115
9831_10,0.6318630969065732
7231_1,0.032890718999317704
6012_3,0.0037462402725946986
6843_4,0.5940693814474929
7120_1,0.0014648747404477358
9248_1,0.007352440496155704
5313_4,0.05550168055750506
8434_2,0.361293416763725
10224_2,0.01789918579562041
7303_10,0.9481607877412904
1796_8,0.8346460828556466
9302_4,0.3957898143710858
2232_4,0.04407149916364843
5333_3,0.1623683088378905
1340_3,0.114528777484737
5472_2,0.009919146179650676
1768_3,0.007179101518800868
3140_1,0.9474711183135205
6264_3,0.009237088538686265
6699_8,0.3223497596676268
2085_7,0.9234963223360243
5319_4,0.4914639878570908
7561_4,0.8886384491591438
992_1,0.010004892077035121
193_4,0.0844329725526412
19_10,0.999725248087873
6225_8,0.8316891294003065
933_10,0.9126583952304592
11245_10,0.8572990978386563
6152_3,0.6419131805362207
10163_7,0.9402862634530614
9382_4,0.6259689324097103
4655_8,0.9714189884527517
5195_10,0.4998685976028963
8989_4,0.07691877083267849
5309_10,0.9719869854943436
2183_2,0.713574194675244
7597_10,0.9929785496474149
1272_8,0.9462737259532294
10107_9,0.9835130769670926
3067_1,0.0017465989152751697
390_10,0.9934114880178264
5746_4,0.0007367202362843157
7145_4,0.09416353495921075
1612_8,0.846827762035834
7968_4,0.6069910524252258
3793_9,0.9990333962251607
2719_1,0.21580059658972933
1645_10,0.9011832978209835
9934_2,0.014725430156805303
9288_4,0.23364366887716406
937_4,0.29306131856621764
10385_1,0.003932651426013607
3726_1,0.002223326716279282
2700_10,0.9687924658209407
11824_1,0.00030811637909335706
4133_10,0.9380327968809148
9873_2,1.2872940051425428e-05
8769_1,0.07894063582318024
11806_10,0.998769220188984
903_4,0.4517029294637077
727_3,0.34818034535881365
2426_2,0.00583506293907303
8663_1,0.34886248432534456
11163_8,0.8619924656935481
1505_7,0.2847847795471236
4758_10,0.9826564983315479
2119_4,0.08947804693476866
7351_8,0.61035500752176
5638_10,0.9931268231922381
11236_10,0.9641216525872978
9351_3,0.576445069923033
8732_4,0.09105797460218448
4771_1,0.1378815863175877
4094_10,0.9127655866219823
8314_7,0.7743586594924525
5273_10,0.9339560920365049
1773_1,0.015137386527390434
7415_1,0.03701682985514935
677_1,0.05472490727723064
5585_1,0.006664775515823718
1523_10,0.9991073603085371
6855_1,0.0044032409723935165
6634_9,0.9889311013988256
3866_2,0.014074731462726465
7165_3,0.1811878283757954
7516_7,0.2599802181138914
2239_8,0.5398634656994613
1248_8,0.9995265525245807
6839_8,0.7519531636038798
2648_10,0.7868039189148429
5246_9,0.5722314308420446
9445_1,0.00943888773967286
4323_4,0.10799890105497015
4356_10,0.8881009439176497
9447_4,0.8056002387151283
4022_3,0.20057862215762778
6239_3,0.0027342522675937423
447_4,0.021484404047596262
6717_8,0.1753055185359949
2470_9,0.9920827074159236
4816_1,0.021750763120446617
1682_10,0.8549761476703
67_10,0.9678214892077466
724_10,0.9601604435168131
7678_9,0.9931857443962998
2889_4,0.4932154199452379
7487_9,0.9996884151767049
1411_4,0.6953620184684831
7447_8,0.9876025653687186
3856_1,0.23439276639707904
4412_10,0.7107295231311426
8939_2,0.00032619219080752413
3314_9,0.7830580854606578
2776_1,0.047317584824100825
7986_8,0.9900642377010392
12084_10,0.9934693511309575
9529_10,0.9964115679813218
11599_7,0.9019441948470892
11688_3,0.17037425981524937
11559_1,2.4072377990794138e-05
5838_2,0.49069652803685376
6397_4,0.6085915125054508
3551_4,0.4288138152950626
5646_10,0.8577723868358967
7760_2,0.010049128509322743
4983_7,0.9885434068050281
3870_1,0.9311296702648266
5621_9,0.6692841859024352
8716_9,0.8269934108861329
2017_10,0.968289754785947
579_10,0.9966446657371625
2659_1,1.5033794828432609e-05
10364_2,0.2729596032160454
837_8,0.39166373858342135
226_4,0.23434851338276302
4836_1,0.028030656860608225
11389_3,0.36727585136728264
5284_2,0.0010176027576995243
4277_4,0.31648410109281655
3821_10,0.3096170562165591
6593_8,0.7271511694615721
5060_7,0.27589246881381
5121_8,0.9868971003856318
3810_7,0.5761731571944824
3941_8,0.4070746657952572
12291_1,0.11085502631834668
1082_1,0.05827122459134878
931_9,0.8298558868666635
10202_4,0.025676653957405947
11004_9,0.9935737858315066
5243_7,0.5335010682654197
2861_1,0.001930905410872084
11992_10,0.8548815201880833
11358_9,0.9951219911064043
3996_10,0.9967829032140132
12434_8,0.6778589333755574
8310_7,0.7363065951073808
3894_9,0.9996485312638882
3021_1,0.12022344134201879
1652_10,0.9081114393804369
90_2,0.26969103572365183
283_1,0.1403184364190763
9809_8,0.981118684198259
2693_2,0.10093050167933919
5717_1,0.021104233439106848
6051_9,0.9837078743939449
4542_1,0.0022544537006733327
5104_8,0.9989219611277274
10139_10,0.41552356516702804
6129_1,0.014727907172734572
859_8,0.8151131065974355
3107_1,0.001797629676833597
2595_2,0.053576797174103796
2676_10,0.9579063402652798
3634_2,0.21156243360965207
6953_1,0.09995880386363022
4430_4,0.2900777921443765
79_8,0.9927307995710178
7318_2,0.03912616333217686
863_4,0.05811136549381473
6393_3,0.3989206579043612
6910_3,0.5188822018810217
4438_9,0.969139382772203
4242_9,0.3900631506167141
5813_4,0.32694536269905805
203_3,0.06486219091274083
7333_10,0.998071235771879
11658_8,0.9269155476808536
11206_4,0.004064640890157908
6208_7,0.6492768570103853
7273_8,0.9908655819868204
5518_10,0.9550751436313735
7092_1,0.12654488861074076
10508_7,0.8133359608440144
1196_9,0.8214587499739785
10037_7,0.977523967060636
6468_8,0.9420044333212664
8502_4,0.5428537041156832
1017_1,0.004158201345113234
4_10,0.9863273739294032
8439_1,0.00018201356039142485
7048_3,0.05212966082925971
3238_1,0.06118092397859244
11610_1,0.005508946816875135
3468_10,0.9891516269939199
184_3,0.07874621289899429
12227_7,0.7916021549024738
4872_3,0.8044219959609696
11139_10,0.9998508488141948
4316_7,0.49900187495372544
3071_1,0.3973763894938927
335_2,0.00473938725089585
10847_1,0.026549638458031367
4646_10,0.9896511326315964
9382_10,0.9972992268628146
6577_1,0.04938330374890655
4549_1,0.0003356542437888232
2459_9,0.9427167986619324
102_8,0.6325434217976181
1581_1,0.004222311551739078
2439_10,0.9982797903856593
6988_9,0.6847182845131324
2024_1,0.015700476880095533
12375_1,0.013734662103185356
6084_4,0.04964426958864946
6617_3,0.3175429520218017
815_3,0.13074697174976493
1857_1,0.0618212619593779
7428_1,0.015176013721425019
5943_8,0.5026324055275262
11811_10,0.9646462686819327
10844_1,0.000261339066580271
1275_7,0.999000493992836
1910_1,0.0009888836659836273
3306_8,0.9959117881484724
4735_1,0.019463976177433392
10819_1,0.1692363492956918
9571_2,0.014858714228316021
1037_10,0.9912814664147122
7177_4,0.5523617258303792
5066_10,0.9106107433086106
4888_2,0.1374906240567271
10646_2,0.016512326596145863
7929_1,5.877079591488876e-06
5181_1,0.00048015537735167927
1387_1,0.0115441987171901
1304_8,0.8717594613868397
2108_1,0.02266212286939158
9875_10,0.9976990006220128
10200_1,0.039073468151710235
11665_9,0.9992463884079045
6685_1,0.002695872947697684
10234_9,0.9892109911679949
6622_9,0.6858550430335282
9703_7,0.7927593759171182
7504_8,0.7917403602124369
1267_3,0.23479447534282977
902_3,0.038549671618250236
10674_2,0.11954008851727453
5237_10,0.9514972710683512
5270_10,0.5194607484977986
1701_7,0.8162780144217194
3222_2,0.9370951645143443
6116_10,0.69702100480494
11543_10,0.8188736683721884
8189_7,0.04968226886727057
8737_8,0.9966471877480021
6856_7,0.00492025959499059
2035_8,0.9383861098514086
5011_10,0.9686772915251591
6135_9,0.9945567451325357
9172_1,0.0007575277239585134
5822_1,2.068426918618013e-05
8816_3,0.44069140594674977
1124_1,0.001202863941552826
5422_4,0.1105669376038725
3275_2,0.34441052781148757
2076_2,0.03179084222433395
5223_8,0.9121983664469611
1814_3,0.4739508211542029
6171_2,0.3876272173422976
3228_1,0.017377731266711716
3693_3,0.38533290237084394
8891_2,0.019195876891398907
1171_8,0.9764301091411376
9496_1,0.4215077424631851
8702_10,0.8806203758985003
11287_4,0.3263043694661673
2157_10,0.9833211059722711
6058_8,0.7011459175154421
4025_2,0.0032838011763456835
5097_8,0.9630681490013284
2335_1,0.0004922502263907392
6945_1,0.001126347206498128
2970_4,0.025247288398811057
10473_10,0.8359723699967084
10139_1,0.012896793636913028
7680_10,0.982810322582652
10705_1,0.015767404670361827
9883_10,0.9985997196157539
2808_10,0.4401688354694929
6543_2,0.1846672907652704
3482_3,0.4112344877883971
2547_7,0.39883315008117404
8378_4,0.002321126854479411
7746_10,0.9990022214599723
5007_4,0.035085471239322076
1623_8,0.9068677861304659
10762_9,0.993646905605158
8604_1,0.05313825809924841
868_7,0.12043377391345753
7902_1,0.00018836151267281786
3644_1,0.17319252535350793
330_1,0.007572280453672583
2519_7,0.7726076793526028
716_2,0.6729813157594235
9908_1,0.010911079877623625
1410_2,0.7612360518558413
1154_4,0.12795696783714136
589_10,0.9965480507933352
10182_3,0.08649445951409208
6872_8,0.9658339433993237
7232_8,0.908887477921585
4339_8,0.6982539294981256
6652_2,0.023371644413152842
8692_1,2.7407691866282167e-07
4585_2,0.7137124008314369
5846_4,0.6095957575478381
4401_1,0.05770382717738828
4848_10,0.7267050329556602
1727_1,0.0006197771361287729
8038_2,0.3667887179337012
2532_1,0.07010009811342857
11010_9,0.7348306670637675
4915_10,0.9167775742350924
6047_4,0.08501295007463375
10358_3,0.18085386240768822
697_10,0.9984831838708407
7648_7,0.9985016784782954
5495_4,0.01900432760760201
6611_2,0.13909262091478936
12099_8,0.9595731626523571
1109_1,0.0031910110125792208
6874_1,0.00685140577802696
8072_4,0.7289448012296312
11231_10,0.9977280878552759
10871_7,0.9610826254827253
9990_10,0.9902130148152485
645_10,0.9975690229418677
9345_1,0.31926395506820743
5298_1,0.14373605881996937
5971_10,0.5178250589994516
5079_8,0.9747868121841077
6022_3,0.0004935345233659351
4954_7,0.7961202909203314
5063_8,0.7823885894921059
843_10,0.8629419524391694
556_7,0.6084562925310472
1498_1,0.0004490918697647532
9374_7,0.46269143417368463
8728_1,0.31364692296534125
8297_10,0.7422390631128376
5760_10,0.17321153052213764
7403_10,0.06539768883070561
964_3,0.05453064052992152
8842_9,0.9883970544062856
11552_10,0.8614494837616471
5592_2,0.06370209001227621
3531_9,0.861535274105192
9383_3,0.532374299190961
6576_1,0.0033699169297337203
125_3,0.040999596604256
8382_2,0.0745018613148644
3786_9,0.9965212359569505
8636_9,0.9436514750184162
12225_10,0.6732190372874277
8958_8,0.9937905125678075
5981_10,0.9055344665586841
9594_10,0.9725438452142146
9802_3,0.0015322615741173386
4353_3,0.014068170027866185
10567_8,0.9954980899685274
3982_7,0.8713226624536521
3292_7,0.82841735454259
1739_3,0.004560196756724042
3356_3,0.07485366198989964
5253_4,0.0025175998843910666
1186_10,0.5469340881315624
12218_8,0.9105254032624837
1361_9,0.9305267229537507
11423_4,0.013047637784800078
5649_1,0.007454121588984197
11988_10,0.32263631621345146
393_7,0.9975934416196438
8081_2,0.033660517851575214
10290_1,0.05197542557399347
5548_1,0.23375663127931132
2266_3,0.22350973259052428
341_1,0.00010275328688764962
2081_10,0.9976180192506814
6268_1,0.13510153193558894
2267_9,0.9993635803857304
82_3,0.0039389687182619666
11259_10,0.9993480496861957
6760_7,0.6465157676341591
6352_9,0.9804083733824671
10733_3,0.6058829996772525
7418_2,0.00043914574498042826
11562_8,0.8824671564807655
8895_9,0.9815676262333437
7911_7,0.3161699000298186
4885_10,0.9923527964391271
542_4,0.9690363662685544
6099_7,0.7478062735327529
5355_1,0.019398889450717452
3969_1,0.014297069823731008
11541_4,0.8233204146188942
6413_1,0.022892847902616403
3725_7,0.688427931386721
11757_1,0.05432417905488263
7663_1,0.12334801031055374
3161_3,0.051253367331959135
9119_10,0.9347848022045603
7726_3,0.2811494421295168
1764_8,0.9892498362703382
7211_7,0.5463869749870613
8069_4,0.30652636620345525
7119_2,0.2082321483665939
1163_10,0.994717303019418
5836_2,0.0002806066608050996
1921_8,0.9741901571182894
892_1,0.06614264401030837
7629_8,0.9216982790742436
5605_1,0.18962460770473846
3955_10,0.9998343162537465
5093_4,0.04606323407626806
6366_4,0.4006264847763411
11267_2,0.031019802989863895
522_2,0.02507568235363359
7659_10,0.938411345341738
11779_4,0.4825177092044326
5226_1,0.2726511172356627
8767_10,0.8186597474717558
1315_4,0.008254603752320764
8179_8,0.9865837837108034
10270_10,0.9827774919209346
8218_1,0.17112743704569344
4363_10,0.934900203139292
9701_9,0.8199630871221754
9774_10,0.9987838775613677
8326_10,0.9409639608245152
1529_10,0.9811741334076418
9090_8,0.9984939695734907
8596_7,0.5867225609523046
3508_1,0.22472458696732484
2272_8,0.982904763348288
1226_7,0.7130420342446221
40_8,0.9438483637573098
1159_1,0.02908758414033765
11508_1,0.010408685279034447
2869_8,0.978556346716511
4068_1,0.028827743577676552
7510_1,0.0005281806338758181
2967_3,0.7123790769224204
8307_10,0.7028548286243266
9920_8,0.9673821250096529
9102_1,0.5306919538804793
3586_4,0.7533680711380906
2278_10,0.9956303176239806
9459_9,0.9959346015131877
3080_10,0.934030362349778
8960_1,0.0006876937853105292
11294_8,0.4565357132211606
5241_1,0.0021636192827815515
4515_10,0.9987265898935737
5855_7,0.9377153357064749
12107_2,0.0016869876588576965
6435_2,0.045206842147176365
5813_10,0.9998364183274688
12008_1,0.0011641449876562118
1613_10,0.7805001582362856
9381_9,0.8336233772041526
4467_10,0.9286504146149285
1439_8,0.6947968129296233
1021_2,0.0030142633097434528
2718_1,0.026083170177259567
11439_8,0.8603691986886126
10931_10,0.9580565687044308
4326_10,0.9565790271697115
6216_1,0.2562346861832979
10369_4,0.22153089403380122
1586_7,0.6364943241693302
1310_2,0.05243833670576194
293_1,0.02028483535778916
5968_1,0.0915968663569488
9338_10,0.28078902960208424
418_4,0.06578933356598468
4522_1,0.007254911193640971
3925_8,0.6519942242905391
9748_1,0.011453778262578972
7142_8,0.998582163123186
8862_1,0.02323454559344521
10812_2,0.010487527598905252
3262_7,0.8202820588837225
11540_10,0.21908114396651568
1236_2,0.3607806117142867
10321_10,0.3985760981365554
5782_1,0.0028240269197167844
11765_8,0.9941145829970284
6365_7,0.05732284064713383
6265_2,0.2328156685895837
5426_1,0.0014280223562396013
5312_7,0.8925463294883972
1786_3,0.01467828312284152
10137_2,0.6227485557918909
9816_3,0.08057905970069873
11925_10,0.28042247711397983
3041_3,0.018611975889286887
6742_1,0.0009018261856471216
10786_7,0.7720042620872065
10687_4,0.4042825199982762
7057_7,0.26759155415840313
7532_9,0.8451880063190048
4162_8,0.9647475984968583
9911_10,0.9398605569110153
2369_3,0.5707727090324721
2967_9,0.9661220988156982
9515_7,0.7709851684245997
12035_9,0.9907995612277265
9088_4,0.10182487779708099
3037_8,0.5383122279077596
1198_10,0.9897204712466388
8186_8,0.5833031831594657
3455_8,0.9542387811782885
6676_3,0.5417624606409394
4071_8,0.948634954892639
2244_7,0.781982481997331
1252_7,0.9614600583022372
12178_3,0.0008712976574869
5623_4,0.19722638301343537
10938_1,0.0030441653273706386
2265_4,0.5254993115977644
7442_7,0.21214965343029124
7676_9,0.9911410463910619
10666_1,0.006629097195537829
9430_3,0.6107055358557953
8329_2,0.009560755753993878
11933_10,0.991387428728212
7868_1,0.0014805172863538117
6471_7,0.9868678890649286
2191_1,0.00467304451013769
3918_1,0.10775866557195805
9767_10,0.7746773617385789
11297_8,0.972116465992131
6763_8,0.8597484780339621
2621_9,0.14057709567647514
4056_4,0.05252486996968858
8584_4,0.00019070733193170015
4541_9,0.9990980196792052
1474_4,0.36304713975422437
3748_7,0.9762707360093459
1314_1,0.0014962186309176843
6195_10,0.6649944269266121
3485_1,0.04470512122617907
5448_7,0.7528524965071015
12392_10,0.6973219341172143
5807_10,0.9925291223071284
11783_4,0.9728718019183721
5693_1,0.04737319731134437
5031_3,0.0494283747840022
9684_1,0.012814239383187367
924_10,0.8696066190888359
12254_3,0.7747127514891549
277_1,0.05489966736790009
4384_10,0.956308085287788
8288_4,0.13654560088648937
3056_3,0.01794458732068502
4683_9,0.9884729764342142
907_7,0.9720686594155412
6720_7,0.5537351449010254
12192_1,0.01583612002381712
11090_8,0.6732123937021542
4682_7,0.850708170034817
11698_10,0.04628718435957707
1530_1,0.01503565097940499
3017_9,0.9365461479048023
9702_1,0.022910758785858083
5761_3,0.09677147838694615
9920_2,0.7229933667666257
8250_1,0.883495665977725
11900_3,0.31826439435039783
6128_10,0.04915359401415207
8667_10,0.895206985069048
8304_3,0.029668018333528546
1049_9,0.9999704024972411
10262_4,0.1549919457961138
7315_3,0.006038198243322758
4935_10,0.9955239856086506
2453_1,0.010757461213887317
4820_10,0.9255923753902733
3111_10,0.7575004539797361
10351_8,0.9247873665912455
146_1,0.011947084589693515
6093_9,0.974645332102277
7215_10,0.9825394664559178
6098_9,0.9963269273439502
2873_10,0.968580823692691
2683_10,0.804166535891683
6886_9,0.8953319312694928
4992_8,0.8626492311216611
1038_1,0.46036255243501256
988_3,0.007632332859473407
212_7,0.22446056768195763
6838_1,0.26175531687709164
4865_8,0.9795053914266936
6908_9,0.9951875366204591
8548_10,0.9267848019350813
2297_4,0.4310553253797222
3455_4,0.11374142699675895
5743_2,0.04613752115982738
5820_1,0.4930496739555389
4636_3,0.21344431879179143
8184_4,0.005887157502598839
7413_7,0.7354049869431957
10750_7,0.9862918201717108
10064_10,0.9986598982815483
408_3,0.1475514074461649
10388_10,0.8212027310158673
8380_4,0.20598318508026472
8904_2,0.15840338077014005
10854_10,0.7720631603333509
11511_10,0.9705679265107154
259_10,0.9833893754159662
1580_1,0.023333687482917705
11775_1,0.01542013599171622
8674_1,0.011578113111554631
9540_10,0.997786986597023
6177_4,0.0015245603394763224
11074_8,0.9623537337178836
7191_7,0.8581468516948139
7496_1,0.27084228549260514
4424_9,0.7852146736453217
5733_9,0.2796523766541433
2887_2,5.769121461749063e-06
239_2,0.030829548690804866
10920_1,0.026279295012786134
10342_9,0.9916802010596024
12321_1,0.0014894178049617856
1833_3,0.13800356825802154
5494_7,0.4702259620292161
8687_8,0.9684915293035951
1076_8,0.82322577660452
7638_3,0.22288977679607724
1361_3,0.6122840360058089
1884_4,0.007096062475804944
2056_10,0.8588087283605609
5_4,0.8412265325158378
1034_10,0.9695276273874924
4008_8,0.9967653788104776
4239_4,0.2221768621946805
7257_4,0.7492593965634703
9541_8,0.9479415986312488
5869_1,0.008528532323291461
1326_4,0.016581204787032237
936_2,0.04169176229029154
10473_4,0.03178132276313543
12413_2,0.03548477141229511
5934_9,0.9925850544047082
2419_7,0.9070727920584125
49_4,0.1070999623279886
2129_9,0.9650533371192772
12356_1,0.004825798482326587
9268_2,0.00610322622988676
7915_7,0.8060520103621747
11405_3,0.3265524459507511
7526_9,0.9775234353079281
6639_2,0.04691238881168404
7939_1,0.0007281432740275454
8934_1,0.24436136112204035
2422_1,0.007970851200091125
3885_4,0.6730703306881247
1703_3,0.10899773274930455
7530_9,0.9992201223517567
5833_1,0.0005189479506723711
9858_4,0.3621453910209276
12307_3,0.002310639975473211
9341_10,0.9680134489612279
4490_10,0.9467080502395923
9292_10,0.9649327812270733
7830_1,0.016522468064512196
5329_1,5.7200970695905364e-05
5205_10,0.17566771547332397
2172_1,0.03582459743844326
8857_4,9.071031583751383e-06
7933_1,0.03328346629912137
12277_4,0.6891022999981797
9853_10,0.8238848182444061
5927_8,0.9981388595716928
4453_4,0.019028055860577542
3034_1,0.0009464349900638236
3469_1,0.06469108498741993
12014_2,0.10626045577825789
3802_3,0.6128657536583755
10911_8,0.6852279079399406
7519_1,0.0016752986344666526
4155_1,0.16502041383623187
7873_1,0.034527131861601564
7002_10,0.7181871707399834
11597_1,0.23996507680295998
9043_3,0.08454460107372559
7623_3,0.4138814063465148
6615_9,0.999878964113902
5982_1,0.002001487017605295
492_1,0.002239553871284224
7105_1,9.091718391858109e-05
7072_8,0.9932101453405078
7585_3,0.4948948578539576
114_2,0.08216138149702532
675_2,0.12067836272558302
5141_1,0.33297465472438204
11299_1,0.011417330401813754
7008_4,0.8281884380287325
4963_4,0.2557517377954585
9363_8,0.4306513260653964
12419_8,0.41500188167680035
499_2,0.12851321942994529
4741_1,0.0010161967652865846
3160_10,0.7584209482582643
4605_7,0.3166761804159235
7181_4,0.8671023820720882
2620_3,0.006412865804099055
7101_7,0.2444034098573991
3358_8,0.3436611212412308
11150_3,0.3423126389049358
11555_3,0.011223376470160466
11975_2,0.7727942959655124
44_8,0.9660495638352582
4699_10,0.980837918321368
6042_2,0.2739756959993944
10368_3,0.37509207189755295
2409_8,0.052743427779633444
5933_1,0.06602505609191088
7460_1,0.00027749172161589035
11653_3,0.9874689746255816
1699_4,0.7060491308667343
6189_4,0.03373898724689794
12263_10,0.999508007727862
700_7,0.880121727585853
1974_9,0.22586365010504417
4664_1,0.22972184499286863
2083_3,0.2544377531534539
3454_1,0.012599115715624427
3196_4,0.8855282762378721
7920_2,0.03700731110077344
10257_10,0.9937650858036045
12344_10,0.969825158837283
130_9,0.5988107920581935
315_4,0.5915507288437657
5923_10,0.9886244485026655
1234_10,0.9946311419606783
7402_2,0.043835271735954424
4634_1,0.8442230559332025
2558_10,0.847316607233568
11220_10,0.25946828689303914
7652_10,0.2970898041623086
1070_1,0.15164311351629872
3018_1,0.05656532860930537
6365_1,0.028125761322001855
6081_4,0.24448198697533302
1015_4,0.5564571853013663
7071_10,0.6315316605802704
4682_1,0.008217261192855879
5242_1,0.7274490443654086
5125_9,0.46782273600982893
11299_7,0.9605777353234811
7445_1,0.002560091143043325
8206_10,0.9958159166858424
7878_7,0.9625664083368656
11630_4,0.146285033579886
9391_8,0.9140222997228203
4755_2,0.0010708224357622318
36_8,0.8845541104680015
617_9,0.9343839734188162
987_7,0.8276706504440551
1185_1,0.0001333059890396251
11135_1,0.0001760157209225927
6457_2,0.04824325660859945
8337_7,0.8332878180634653
9931_9,0.9242065513830012
6932_10,0.9436471953235451
9504_3,0.05756732435911171
2333_2,0.018682221383679923
10397_10,0.8851783524288902
6200_4,0.03297392368202905
8004_10,0.996828107740643
10818_10,0.9984723510215414
164_7,0.4100577216318638
6945_9,0.29750213953452104
2551_10,0.7827116778351884
10887_3,0.0006472493426570755
8942_8,0.950594623348664
6779_1,0.0057138530095539
9818_10,0.9678626017039446
11352_4,0.04444290439300164
1035_9,0.9930992999274624
9212_2,0.0006215591680067327
8530_3,0.6206007032760518
7858_3,0.10967775752744022
1777_4,0.053568115344272464
6976_10,0.9428199761831471
9426_2,0.01387762227511681
2154_1,0.1674988460321644
7037_9,0.97102013161578
1501_1,0.0013987488024575319
12448_2,8.4075791133119e-05
1005_2,0.02947199498401647
8031_1,0.3026756387507572
8084_8,0.7968234946139209
11933_3,0.004559974133829215
3206_10,0.994986494460189
10197_2,0.013414398903896105
8838_9,0.3877000702361959
7720_1,0.0019648739913673188
9739_3,0.09036835178454486
8312_4,0.19720160447086563
3492_9,0.6339394880237558
1133_8,0.9948830189824197
3255_9,0.9162397918810145
10625_8,0.9564670402297821
12307_9,0.9511371947594982
325_10,0.9990519543972319
4393_10,0.9436945545834423
8755_2,0.0007760367319435466
2645_4,0.009724892811030837
10712_8,0.9750283166483766
10358_7,0.3530038634821622
10913_1,0.04869222291269201
8406_7,0.33259203065510334
12131_8,0.9998192704315265
8306_7,0.8922170558183393
8722_9,0.9828068539476796
6363_3,0.00019848341464767197
6876_10,0.9845355911212623
10802_8,0.1408443819084753
6078_2,0.09739793053746458
4558_8,0.989156661339085
643_4,0.0012467875935597162
9956_10,0.25502317700644483
7267_8,0.8737854340718323
10491_7,0.9174078012381532
5105_8,0.9605233661538959
7213_10,0.9977910246943487
8442_2,0.13071633633669832
11035_10,0.9576777218192324
9961_3,0.10562357937826615
2616_1,0.02024713011627351
7666_4,0.19064383475219718
548_4,0.6427437534068688
2425_10,0.9988542452353305
4173_1,0.004261103918412019
3558_10,0.9052913546895942
4117_3,0.5301601929693572
9803_3,0.3904509876392633
1545_1,0.002306169182780278
6564_7,0.9983910449465384
1306_1,0.005339877209280203
632_1,0.011216593454032064
3132_8,0.9739584552039166
5755_2,0.022716757245359726
5282_1,0.015099115466383718
5891_10,0.9999160787433049
3961_7,0.952195975451077
4107_1,0.28756554617930236
2370_8,0.8757690837637958
1363_1,0.02513935368274505
5359_9,0.9997642626461747
759_10,0.9952847847740568
727_8,0.9841731417623223
1875_1,0.01715364830715905
10586_1,0.005871736313028463
4906_1,0.10124812612212558
11685_4,0.022782406555469734
1632_1,0.10846267709152553
4913_10,0.9939966877967852
11375_1,0.0020378484225336154
423_10,0.9351507049384465
5957_9,0.8896330540545931
9389_1,0.0010695933781332914
10450_7,0.9659268868157813
4205_1,0.5947822237178928
2983_1,0.00010491261509600789
7895_1,0.0004453342485007223
2761_4,0.05556038123718321
3359_1,0.0002837724999985818
687_9,0.9840038279028412
8150_1,0.022212771648449627
1647_10,0.8116623743426373
10920_8,0.9958008103970454
4813_8,0.884451924908328
4628_10,0.8353556737926714
5738_4,0.007121022389960524
11255_3,0.025363046534739527
7801_10,0.6910929198558368
3258_2,0.030657919961924872
10513_7,0.32225030691321777
9358_8,0.9902760817163192
6864_2,0.0021687926400235464
3038_8,0.5195154227625498
6928_1,0.48887977618540585
10277_10,0.9989194208004644
9231_1,0.004214014195884579
8098_7,0.768118408181424
11550_10,0.8840941111278612
10233_7,0.5212763637482942
180_3,0.3051955556083992
538_8,0.9842277843556492
4977_9,0.6628430881016707
11386_3,0.4198877545148078
1045_3,0.470653098707264
61_1,0.055754136465642805
6907_8,0.8241338321408349
11368_10,0.974949763089962
10_3,0.1253845509052037
7034_3,0.4376031717103235
3051_10,0.966638567290749
362_9,0.9742207699489098
8037_7,0.9644021884645435
11408_4,0.04709840621774708
8783_7,0.9782614335603607
1755_10,0.9938216686016246
3610_3,0.002984797062812311
1376_3,0.07351510615625255
4970_9,0.8027469982629253
7802_9,0.9960212573009685
4169_1,2.1192666479533606e-06
2063_4,0.6713726384172989
2825_10,0.9964217640482601
10758_10,0.9999119543342042
10778_2,0.09945266371963192
979_10,0.9876893853952067
11700_4,0.9433002013298454
7848_10,0.6403423545695425
1294_7,0.9988108145713551
4806_4,0.19857800234741882
10159_4,0.5259002666867985
3461_4,0.5912216645138306
10312_1,0.08010778443435009
4297_1,0.0024526908485326877
5081_2,0.19637755876371635
2156_1,0.01361899284798009
8417_1,0.01746693528382942
10182_10,0.9838582123582068
11732_2,0.010927245684492508
10078_3,0.005332654424259792
4772_1,0.0031778232563263583
6187_4,0.020113561671856673
4219_10,0.9842900883376703
5208_8,0.46093182048380693
4935_2,0.003221892647215452
6528_10,0.9342748714163879
4080_1,0.24500476614013983
6147_10,0.8390034060400787
1352_2,0.11657538662677983
5675_9,0.3455465766793581
3024_4,0.01885537512630542
6930_3,0.001350650821245295
7005_1,0.09377844490168738
380_9,0.5102615026614109
5923_3,0.7098104774012148
1246_9,0.8918511276606447
3081_8,0.9910548376019829
11913_3,0.2589582081472731
4112_8,0.963828977698484
1440_8,0.9983370806798708
12123_7,0.8235430556560418
3731_1,0.017719865813846488
420_10,0.9993273760044814
5862_1,0.0012427083161893303
10864_7,0.9225949907921013
3484_1,0.020221636582011288
9438_4,0.10475862976024665
7032_10,0.9997963138908931
7670_2,0.29027225345715973
5251_9,0.7363891238886983
5296_7,0.8085321202292841
9161_7,0.3836303706926527
6446_4,0.019945268345094573
11694_8,0.9588972468030235
1674_9,0.980630265173367
8831_10,0.11201563617584771
11813_10,0.9924648632604091
3380_1,0.0014666689600979744
8653_10,0.9986696990667769
10485_1,0.01680149181511943
3771_9,0.3067942887641072
5534_1,0.01735800375806877
2_7,0.8537371681749496
2334_9,0.9997199193544603
8327_4,0.477113633302522
8552_9,0.997040576473946
9117_10,0.9893554039622169
11953_10,0.9867672775256526
7015_4,0.40934413649488804
9649_10,0.9975861066817664
1701_1,0.06637335030098579
1946_3,0.021993636892614795
1536_10,0.9612641719523844
6419_7,0.9468251991764198
6619_10,0.9933528192233613
3715_10,0.999844896083402
6001_9,0.9757231701865625
4555_9,0.8579889802398502
6367_4,0.07599157382533872
8350_10,0.9798349586379594
8376_7,0.5565635278835692
8231_1,0.0026645492727334916
11595_9,0.9919334616510552
10372_4,0.45704258798441827
2711_8,0.9258486380336156
407_4,0.0040676645709279155
10798_10,0.860565097810331
5358_1,4.386724890051014e-07
158_1,0.07022006375683776
6578_7,0.952825056649713
217_8,0.992470745590712
4535_10,0.9743137079020635
4887_10,0.4186803446583125
5595_4,0.8208156701694582
1837_9,0.9650417716973336
7723_1,0.0013415693502793226
1935_7,0.6805790868851999
7357_4,0.11506974679516628
3293_3,0.15163358674816685
5176_1,0.009948069426081618
10930_7,0.6959633399006561
4618_1,0.20176544283186773
15_2,0.0826972148171642
4009_1,0.8331803854926163
3854_1,0.0011067507798396422
2889_10,0.9992083983503832
2737_1,0.7807421283611237
9811_3,0.267320664446873
12016_2,0.09984353476010699
8470_10,0.6215075057565687
2965_7,0.08711176232456906
6620_1,0.04601546968452225
7447_3,0.0942222944052557
1197_9,0.9957571359640164
9750_9,0.9485495327545204
3001_1,0.13773547148346382
8068_2,0.09007927850914019
5660_1,0.1982063275359427
5595_10,0.707557874742845
4377_4,0.23152109908297605
7354_8,0.3959005716339383
11858_1,0.004425032093611103
7611_2,0.011843096086854674
6855_7,0.6055658145215461
11522_1,0.012704667594910726
21_9,0.9836889535560726
3423_9,0.979349299695647
2061_8,0.9762352109528412
5594_10,0.6585433403797983
6106_3,0.38345476969179865
9222_1,0.040361119887352505
2305_3,0.008685287862614799
12493_4,0.7419180420296773
8841_9,0.8027159361483999
3824_8,0.8995169372395394
703_8,0.8938758777896928
1638_1,0.002221229823894878
11339_4,0.05811055158727837
10173_1,0.03129337496072091
6481_2,0.26540207973788105
9468_2,0.5011857123584587
1830_9,0.9999026337264081
9940_8,0.832907888960319
7768_1,0.04584431383376338
414_2,0.08921885842771261
9554_3,0.00014435839605599307
2894_4,4.758864203723038e-05
2509_7,0.9627456590318716
2430_2,0.5082478724882263
10244_7,0.7841068013965747
2874_9,0.12292738251081059
4615_4,0.9498843325667106
9011_10,0.9737334918627925
8977_9,0.9012137888739197
6709_9,0.3439248156748909
7963_3,0.2786923469673956
7531_10,0.5042568600596183
5058_3,0.04908422813491448
2875_2,0.32377786189644836
9191_8,0.12434883727073962
2596_10,0.9624478617027136
9660_8,0.7129267686937666
3682_1,0.03747467072811097
4189_1,0.001921739902594903
739_10,0.9486259168371187
836_4,0.2806455655226276
2422_7,0.6998646004838364
4318_1,0.020947040825407545
1443_2,0.006964821021702389
2782_8,0.9861855511941612
10260_1,0.6722176156531461
10624_10,0.9350663636759268
3288_8,0.8778273055884154
155_2,0.017000037136261248
4941_9,0.9746547673740824
1449_8,0.999694734424124
10575_1,0.004411181266734745
3568_4,0.5209728247675179
261_9,0.9988484858957632
10420_9,0.9838478660963841
4008_1,0.31423204497853124
4263_9,0.9141400012508135
11924_4,0.081224403205947
11488_7,0.9619252305705142
1599_1,0.025092951958012068
11383_10,0.9878561737451437
1800_9,0.9575887622368
9705_10,0.6344164335553025
10044_8,0.856776795037311
471_3,0.2670416848690916
3494_9,0.23282159428205293
11492_10,0.7750973813979137
257_3,0.30653797722113263
10745_1,0.05973597536510222
7305_1,0.008033798914641717
6239_8,0.6098437915373108
3068_10,0.9857401560356097
2862_1,0.00023567112844811785
11217_4,0.4291555386514119
10650_9,0.9095905155567335
3588_10,0.9826856634007487
8345_10,0.1457580001120371
9980_2,0.03376865749481252
8901_1,0.16711844020648525
5438_8,0.998385353755697
10879_10,0.9999514020431625
9064_3,0.5011618798027386
193_9,0.8344610837795102
470_4,0.5137054186189379
5128_7,0.6980090479489883
10542_10,0.06888434685875054
205_10,0.9978103983223597
8091_7,0.9990835340974877
11383_3,0.051994855092776494
10274_2,0.008666312370942357
7865_7,0.9934188966060236
7525_1,0.16427568157422737
2168_2,0.0001619379035443526
11082_8,0.740245551353116
1991_2,0.19141749130569047
10524_10,0.9900016516636172
4628_3,0.6916737812393589
4269_7,0.9734460981647381
7367_2,0.05901202690169576
1390_1,0.052531330988025475
7158_1,0.3692618271162041
12442_10,0.9098290568553431
8388_1,0.007343580413233406
7980_7,0.7059266589123031
3054_1,0.09216927903656201
11143_2,0.15388555672854623
2238_1,0.5595150838902726
949_3,0.5260719224813475
42_4,0.45844018876609577
4093_7,0.8426946483276341
3657_3,0.7269757829196491
9812_10,0.9971385163313886
6879_3,0.6381953249175002
2189_8,0.9568880282556255
11804_1,0.006405911641658902
5280_10,0.9260683529143515
411_8,0.15467046593234415
5673_1,0.060112228545920965
11633_2,0.00197008519058288
10389_1,0.002533830128073004
9516_10,0.5186268861571031
12169_8,0.9997984435254993
232_7,0.8365363734831328
6061_4,0.0015914313023281817
6755_8,0.7846370668734024
2880_10,0.43492808551536255
4187_7,0.8333856556936206
4175_7,0.7656211751700773
11674_3,0.5857515940147766
10397_1,0.0020810367562898455
4334_10,0.8704714446257178
7654_10,0.9432276478233447
1657_9,0.9788707171810006
2025_2,0.011641959410075762
2276_4,0.00828315858457685
1957_10,0.5997608219986172
11627_4,0.14872096009992594
11799_4,0.14504773936874327
10251_10,0.9969196452921804
1231_4,0.05200254877864758
8302_8,0.9929458731184326
12342_7,0.2316153245067966
8105_3,0.5853640657694492
3892_4,0.1264556094893506
8473_9,0.9299577897576701
448_8,0.9395699191040007
7317_2,0.376555537775444
2074_1,0.010031963560456388
12249_7,0.8599691463841342
5467_2,0.019462495123557237
12109_1,0.21526125646903743
11511_1,0.0010633520042438917
9476_3,0.8149368791845392
1170_10,0.9343316814266674
8970_9,0.415826223937922
12308_1,0.0061165768523469555
3101_8,0.8387712510567084
3066_1,0.0054986248816968905
11519_7,0.5346152286458722
5314_2,0.015971441820880693
9160_4,0.443063509602535
6512_3,0.6514116682732578
7836_4,0.30721725776858944
11429_1,0.26696091010812895
12043_9,0.9089587682539149
270_1,0.002284784942977042
821_1,0.3566219769198122
4572_10,0.9960641582389791
11437_1,0.005901717875280795
4899_3,0.33961970971649713
8226_9,0.9743633159615938
5445_9,0.9985212381149738
2459_2,0.037483436971895094
12192_7,0.899220679836692
5459_9,0.6275135326726158
7308_7,0.8528956086227554
11308_1,0.4006286227429476
4122_3,0.00013221207021470687
144_9,0.9731112914187255
12145_4,0.89662259302248
8511_8,0.3643245587952574
11319_7,0.9797116722811032
9257_10,0.9880805316838857
6737_3,0.0009838127731367171
9327_9,0.9654799061757233
1246_1,0.003891057247123439
11239_10,0.9980693651215012
2915_1,0.21994687085827244
6019_10,0.999124906518654
1151_9,0.9609488081583653
11796_2,0.2400988077552563
10400_9,0.71017121899449
9599_10,0.680073737072724
2283_3,0.07108655684215054
5474_3,0.15125480402468036
2670_3,4.997762876664895e-06
6_3,0.4494656766699515
69_4,0.29792932550248075
11234_10,0.36302927492847475
6575_10,0.9997808191377451
9391_1,0.0003207012034719264
12053_1,0.0051638140938606554
1387_8,0.9067571232117518
2649_9,0.778203020567164
9004_4,0.14514320269278322
8723_1,0.005193789953625284
11609_1,0.0072707954985598644
9585_2,0.11548425996228591
2736_1,0.00399467492008001
6607_2,0.23572830619254156
11939_2,2.108638239129766e-05
2024_8,0.9185678118284867
1503_8,0.08329054299123961
10177_10,0.9999244037587466
10266_1,0.001405660760333079
547_7,0.2755563912611601
5272_10,0.8347768413929368
5204_9,0.6776653446632995
9369_2,0.03217653300153558
6273_1,0.009064454543577433
10825_7,0.8514843827465048
644_8,0.974316405275082
347_1,0.00990716160178961
12309_1,0.005017279223815309
5502_10,0.45081100455492273
7203_1,0.00044664998220997115
8714_2,0.04103184025871292
713_8,0.9316922617984638
10289_1,0.34820949012174424
7666_8,0.17491250651476486
6753_1,0.0817465098517419
6350_1,0.0014443971544948412
11232_8,0.5029123539999364
10551_1,0.003141265889190094
5967_7,0.9202039566600823
1049_3,0.13721623587679505
11238_10,0.7261719507001145
8043_9,0.9616595184696266
8751_4,0.12979227977030475
6514_2,0.09524139199799407
1461_3,0.017828063808357227
12137_8,0.7305831005513309
9884_1,0.0011197131707141633
4652_10,0.9932243429659132
3169_4,0.07090285006634375
4138_8,0.984119967226454
6125_7,0.45584403520145506
7298_8,0.953374510690201
4602_8,0.20902370465663153
3523_1,0.3271140351765017
10990_1,0.0772941325934616
9278_1,0.011657163667313187
2614_3,0.00022457375416318597
4762_3,0.05001996513041105
2557_9,0.9607912636075403
9390_1,1.1396283859795657e-05
7144_10,0.9505990892876482
6655_7,0.7475046702755778
9806_3,0.007123329117291913
986_10,0.5989413984535654
9969_10,0.3821676001706896
8915_1,0.11628760811972648
3888_2,0.0044121550918996295
1963_1,0.007001301835024888
10523_9,0.9628876057512169
9995_2,0.5268906074435132
4491_1,0.26190496084299925
926_10,0.9918110496561454
5679_7,0.4001493277217372
5201_8,0.705402214042914
9785_3,0.00013815837453802417
337_1,0.009263919465035813
4129_3,0.1551114577171323
9231_8,0.7021585262363496
2058_2,0.0008174939645648752
4801_10,0.9838407391889304
2116_1,0.16959437104841094
11539_10,0.9996869270428621
200_4,0.4338551585758087
8271_10,0.9988276221941363
10088_8,0.624257699335229
10816_10,0.9602776815229965
80_7,0.6035585290227282
9331_7,0.7195809685629234
3866_9,0.9982859452518059
4534_3,0.28924263019212
8981_9,0.8267729023956464
510_7,0.991527272777944
4980_1,0.0031993984906476063
3336_1,0.20091968943847885
1934_7,0.9418696004887375
2815_4,0.9991515551014769
6606_4,0.867581747633549
11802_1,0.1350036533401097
6312_9,0.9198924657992027
1914_2,0.009613854716068267
1970_8,0.9991538994092981
9791_10,0.22765048316514644
3721_10,0.7493232567413999
7947_10,0.9122154465486413
8009_10,0.9500602949446987
3370_7,0.5306190116659346
8943_3,0.3864033464943324
5873_10,0.916948629480366
7379_1,1.2392858642867258e-06
3585_10,0.9993538904565616
6934_10,0.84999170790368
5841_1,0.017444245321910756
1354_7,0.9618615914359846
9215_10,0.8940362000025044
2668_4,0.0010689850371097547
8441_8,0.9171067616960297
5255_7,0.015184829993770473
3649_1,0.005511386086395019
1169_10,0.9989545142532383
2366_7,0.9063561876692512
4229_1,0.0027774358451519644
29_3,0.5179739097483272
6109_2,0.34076657460383586
11174_4,0.0865908508414036
12477_7,0.7183502107295543
11713_1,0.0004632589469403347
2231_2,0.026033746357691106
7598_8,0.9810119112839765
5095_3,0.41407152063773417
3062_10,0.9842504897489802
11451_7,0.9911762347202956
7100_3,0.0019166280950126257
11005_1,0.01114698776711662
9902_8,0.9958404803505084
8850_10,0.8973977082238909
5542_2,0.1830996689311381
9371_1,0.2294146590067084
8042_7,0.8138316210510314
1757_1,0.013517350355882347
2256_1,0.34596518839673457
9793_3,0.15135812820227212
11791_2,0.5942460659006065
4814_2,0.3297363507817945
630_7,0.8191234301262388
10622_10,0.9624057223691368
5781_1,0.017040767596936308
7422_10,0.9865441253129957
10084_10,0.9677435767317724
9550_9,0.9888009920008423
11646_8,0.5223641406941996
110_1,0.02795466271265933
4811_1,7.719867880046414e-06
9559_4,0.03289466188829168
2755_10,0.8008724979760841
698_1,0.16345094744042346
8437_1,0.45047571223689553
1470_8,0.8038862312607582
11449_8,0.2029413971226122
8078_8,0.6562372024778663
238_1,8.272842963136172e-05
4950_10,0.9930479418258312
10793_7,0.9295693255594526
8497_10,0.9996016587415354
9160_9,0.6324219932639787
8472_1,0.21252585926074827
1583_8,0.9867601755864016
2923_3,0.38916514013908704
9770_4,0.9711993065893869
10706_2,0.19405069054741259
4573_2,0.30994489052302576
11176_10,0.9656464073813229
616_1,0.00039135462944404263
4574_8,0.9711238165717575
8465_10,0.8442378156072569
4049_9,0.9920798547717683
3707_3,3.2266272806232356e-05
4398_10,0.9785604799697316
11727_1,0.010581945049132725
7244_8,0.9957765760396912
549_3,0.7541951751317517
9461_1,0.511235354763778
6748_3,0.0673717507714747
7093_10,0.912524782576629
9115_10,0.9992799515254406
8284_9,0.9978341142284683
469_8,0.6298221759306498
1281_9,0.9670094198211532
2816_3,0.15522487920181754
11001_7,0.6925574556018529
6987_2,0.08943122562498657
5428_3,0.002233350768240401
5992_10,0.9990144000821908
2315_1,3.2061275456840553e-07
7329_7,0.9495821413817795
3956_1,0.03228496609282005
11453_1,0.018172587345669993
726_1,0.001013215586766386
10517_1,0.16984966633824655
4494_8,0.655997027558176
11980_10,0.992581910093801
2926_1,0.1931056179484386
1671_2,0.5823972939271725
8291_4,0.1871534255082848
948_8,0.15019200386244805
8122_1,0.13168404133661654
9343_10,0.5971776171116444
6011_10,0.9562390628086179
7156_4,0.09248043637413232
9596_2,0.05139390956935401
10583_10,0.9984720742808826
3190_10,0.9869327014643187
10841_10,0.9691829062442728
6122_8,0.0777207727222426
1315_10,0.8719100806440552
3667_1,0.04527480503892827
4225_2,0.0029941841177069045
11268_8,0.9246052521247657
412_7,0.9852032813728823
4891_10,0.9623385146749754
4791_10,0.9951909920140295
4463_2,0.004122183284472696
3173_7,0.8344527003358915
2937_8,0.9228996887392648
9438_10,0.5286210078826117
9900_9,0.9789674305285507
424_10,0.9713578514405772
955_10,0.9859327912856249
10060_3,0.02969492556973094
6063_9,0.9940522213585175
1960_1,0.0033418568376986212
1456_8,0.8229633638236327
1859_2,0.09286465598579043
1262_8,0.9617922119643735
5325_4,0.19809843356182505
5944_4,0.13530809468385108
2805_4,0.6292484592143206
11591_1,0.0002736867470962743
3257_1,0.1693810270671218
11444_3,0.11675251385634225
5446_3,0.23413784725764186
11801_1,0.11505714250635032
8653_2,0.006025353142060238
10939_1,0.004936370949577379
10079_10,0.9780493090178416
8188_1,0.033116622965549534
3825_3,0.035428539436129274
6659_2,0.18593077096921476
9779_2,0.026200299239206346
2852_2,0.08417645026800366
11117_7,0.9918558794289656
4367_3,0.28982719085302433
7538_4,0.19199544964750156
9183_3,0.6348658033251083
1910_8,0.9609486499904225
4563_4,0.20924803020626198
7743_7,0.4908770669781583
6770_1,0.03859881356208918
10133_4,0.1775664471175319
6279_8,0.4773684947843472
7907_1,0.011211358942351209
1458_2,0.041830501485411516
12427_1,0.206214104000603
3221_10,0.9669819832494492
1614_10,0.9929983968210709
2761_10,0.9762034898894787
5151_4,0.038908856968854155
8803_8,0.9955693964162524
10726_1,0.0058355857129602055
824_8,0.9632167248684711
12377_10,0.9131441066314856
3401_3,0.011589295159703066
3603_7,0.3788122831744899
3655_4,0.11290031564988473
9963_3,0.2731017781312437
4266_1,1.7640844460843358e-05
1176_4,0.07627968504178798
959_4,0.11258539053077858
4494_1,0.0241871876297299
12381_10,0.9884161758078357
4603_8,0.4260566181358697
625_2,0.5232887270288769
7597_3,0.09705053879343563
594_9,0.892938621887907
10998_10,0.996095662748057
5122_10,0.9690409863270968
9820_10,0.965931367422017
2428_1,2.608086390465483e-05
10928_1,0.005211733069718512
9083_2,0.06885263864225578
8669_1,0.02558060788374092
9159_9,0.9032391576664014
4171_10,0.9174322020344087
7985_8,0.9399501298693982
4181_1,0.09543430326992272
4577_8,0.3458612197955261
910_4,0.6744316427197186
10673_4,0.5941856558372876
1530_10,0.9139765377226128
2436_4,0.10332140101671293
3934_10,0.9328439843991064
9273_1,0.033544971117282295
3188_9,0.9999397007352587
1826_4,0.0022666893718286895
4777_1,0.05103763293425868
7449_10,0.9941621951232408
490_2,0.9583556044145115
1351_1,0.0011939651199822819
9172_7,0.9263066692156804
6211_8,0.9705565867116244
7114_8,0.14645577322942463
1316_2,0.00011009726608779424
6531_10,0.9078116067189985
4381_3,0.00027534594996629115
10347_1,0.011659855762319324
5497_8,0.9991412724883832
7041_10,0.9912112380354954
4466_4,0.02478225046650181
1690_1,0.00010236575389965843
912_1,0.0034447341724949776
10342_1,0.001669965324830781
6323_4,0.29979645454721743
3243_1,0.0025271117842437405
9143_1,0.04335709872457029
7175_3,0.026736400474398368
1962_7,0.2831535977761154
11135_7,0.911751304085335
8524_1,0.7532937311265794
10026_3,0.2123581852919212
3031_4,0.5691152264118621
1766_2,0.06122188106779506
6042_10,0.4468150854127999
3357_7,0.959675463923606
11065_10,0.3697410721119568
11641_9,0.7072145056205731
4389_2,0.012889948612891533
10946_1,0.003473547616801103
6385_10,0.9683991238068788
5520_4,0.9778777478408919
8036_8,0.9814247696716273
4726_4,0.31940186485965816
1510_8,0.03554422161335208
11016_8,0.9152545731580964
893_1,0.04272335102268929
655_3,0.35445626065391683
12226_7,0.1595917281390406
3878_10,0.9530938172161458
8589_8,0.8583014467839539
4108_10,0.7356001278167759
8586_3,0.024192992627913433
2326_9,0.9747410545926088
155_8,0.44594751676601957
11073_7,0.7116645419967248
1672_10,0.9476686663294239
1715_8,0.8154943528613245
10443_7,0.9345214099424268
9673_1,0.24386612583416128
10731_9,0.26899366629521454
4427_3,0.5905362460913975
422_3,0.003557935707926661
7121_3,0.4055830997942458
4415_4,0.2239703994742332
11599_1,0.7489002284004351
6015_9,0.4835988494952609
3470_1,0.0038461365189689646
3951_10,0.9925742751336162
2665_10,0.9662892447735577
10295_10,0.9395376385248196
3220_10,0.9998126512179236
4748_1,0.030040582443554387
189_9,0.9996330655165601
3502_9,0.49471550726368463
10561_9,0.9973561266797322
5051_4,0.8991880291216902
7644_7,0.9033942718979285
559_4,0.501159779278389
3236_1,0.06715489241038337
9985_9,0.9795820628494919
3512_7,0.9201304862215317
10318_1,0.0053654068573063705
3509_1,0.07320471630558426
7686_10,0.9171835379091122
8947_8,0.9219235098540154
6783_10,0.9375351082375133
9836_10,0.998834274569271
971_3,0.16619153415094892
1127_1,0.0024962481966498687
8953_7,0.9047205674474388
5763_10,0.6293382126230238
9147_10,0.40980512186473
10688_1,0.0016271159986610245
2148_7,0.9507282146202517
8997_10,0.9883979334499967
3094_10,0.9026583999777851
1152_3,0.09450045494669708
1907_10,0.9961718141292851
1845_10,0.9876921771495702
6852_7,0.6853834345693669
5573_10,0.995652744111759
8709_2,0.5872390098602756
2882_10,0.973548975353844
11230_8,0.7870380795473711
10124_3,0.5613283530915356
12361_1,0.7164823366070091
8117_4,0.11278405831554075
1192_10,0.9688681537684558
1657_4,0.39385836476326563
10319_8,0.14938129671947223
10954_1,0.04492087256728034
2048_10,0.9719842655934342
5763_4,0.07287815227400751
9491_10,0.9900355721005152
4081_3,0.23488972572286174
4877_9,0.2828087698078433
10981_9,0.9990025594870544
11440_1,0.06394605119747619
7608_2,0.007007883365241181
194_1,0.07056944521244599
7116_7,0.006126241740174794
2118_10,0.5311255672443593
9997_10,0.9842505132197709
3880_1,0.14406117603441698
4197_10,0.9088547708419731
1166_10,0.7480896321524599
3504_8,0.8270612631534775
3170_10,0.960757723533572
1477_8,0.9389341025756223
881_8,0.9890905161206296
10229_2,0.0314883985878819
9515_1,0.00016124591716981543
6714_7,0.6672566027557372
8570_8,0.13739529084533977
6892_10,0.9937804340675733
8710_10,0.9957146820113676
9135_10,0.8370588000093973
10924_10,0.9979829023740026
5252_4,0.4519460061060742
6581_10,0.9815897800816383
8837_10,0.9983379630211804
3820_1,0.02856842214605823
9914_3,0.001355911643111643
3141_1,0.0018909617094318581
7893_1,9.89454097196008e-06
306_1,0.10736444219628084
2527_3,0.280173527970213
8148_2,0.02588585285363027
9778_10,0.990794534233746
10438_9,0.9325230847386993
5230_4,0.12621090326798837
1691_1,0.2656399699834833
6124_10,0.629534300556907
5256_3,0.6047666491645072
4294_7,0.6978835804784074
10575_10,0.9898762049608938
9610_9,0.9814750417871341
563_10,0.5829753692561626
6328_10,0.9999200770469167
6903_2,0.00021625631154498063
6899_4,0.10509577010693223
7166_4,0.4494422122796842
2993_4,0.19091100028271132
10771_8,0.9092269339146799
11298_1,0.0018553570809102054
9101_2,0.0015094950252171452
7716_3,0.06344655245790133
2722_1,0.02600239866889461
5227_8,0.897142367516162
241_1,0.0015822470612631154
192_2,0.005206006600605358
9006_10,0.9995071009072124
5505_7,0.35253708932200467
10822_8,0.9880999386046542
1046_1,0.09712730887812376
1865_3,0.04440589462545162
11845_7,0.9326745376744234
6675_7,0.9566281245123118
6240_1,0.004732510177346336
10392_8,0.9960542909881676
3405_10,0.9930355645067306
11919_10,0.9931778370323484
2294_9,0.9985709869031901
1097_3,0.18855619348449915
6888_10,0.9967256484316587
12373_1,0.010314672232877492
11785_10,0.03790939559734269
11805_1,0.005602845598949489
2328_9,0.9111300819934209
2636_1,0.002620533483977226
12359_7,0.8080428774441271
7733_8,0.6869850432084333
9877_1,0.10927386812587599
12266_7,0.9775286294195534
8274_1,0.11760314889577743
11727_8,0.945369377080457
12389_8,0.9269949800467776
2464_4,0.3412975304324544
4930_1,0.1759649036876191
11304_9,0.9950507304217436
2140_1,0.11573775733706208
11168_9,0.6328857945931009
1772_9,0.8650665281406487
3857_8,0.9920254167918618
4559_3,0.022493260771905423
6986_8,0.09100148334676114
9647_1,0.001788138547481277
11714_1,0.007872464814593697
5436_2,0.05966039003603255
2736_9,0.9096759915355903
4499_8,0.8012514677813972
2701_10,0.9987196640534945
11604_8,0.976296412994031
6133_1,0.11448617273299294
4151_3,0.7318265365334594
3978_3,0.015344543727398291
1973_9,0.9065239733219415
11752_10,0.9732659076676166
10192_10,0.6412846387429033
8318_4,0.033193668856476316
5685_1,0.0006757987917352
8978_4,0.6980155600294442
12289_10,0.9664241109925955
5603_9,0.969182338037554
5209_10,0.6970098129889487
8360_7,0.700017296646521
5690_2,0.009932488401764857
8463_10,0.31590160076673324
5304_10,0.9620120260936461
720_10,0.9081449261986875
9301_3,0.0973363916150519
1392_1,0.0804484978924942
10893_4,0.45557441525451065
1299_9,0.785339063014761
5552_2,0.09507061315714303
4348_4,0.0948922222691713
12384_4,0.010012033060852368
11947_2,0.18241108415391052
1740_3,0.013779395569639329
7869_10,0.7632693463045853
5959_7,0.5517232134850553
2301_8,0.999461277124019
5572_7,0.923730869835109
3716_1,0.3976917864427179
8558_7,0.655734208712311
12210_1,0.015794711737969615
3744_4,0.015724470231278313
12487_2,0.5660469656467676
5348_7,0.5426556537010726
1065_1,0.012559459511517289
1414_10,0.8630805894493823
2672_4,0.1348116741680522
1014_8,0.22987868231281824
2248_10,0.891886049802576
2221_8,0.2033396096053472
4576_1,0.7491431860981811
10578_10,0.9810168532284423
8525_2,0.1548933533564106
5332_8,0.3409074801250159
12007_2,0.000975399653370647
1107_2,0.5289178620576664
8295_10,0.9852808696914078
10093_1,4.264125028910183e-05
6441_1,0.130313568147399
10422_3,0.28382586373016633
11034_3,0.3298664287041859
3379_9,0.9603971983035378
7512_1,0.002781429561959191
12165_1,0.09911685925673182
11634_10,0.017276726397491008
4567_10,0.4244907014234112
6971_8,0.9480043100882963
2145_3,0.594318817601237
5639_1,6.918799938791012e-05
8049_7,0.8099802295989935
7953_1,0.11519272145783963
12440_4,0.05640454295799708
9134_8,0.9982134952106849
5720_10,0.9310263917429884
1851_10,0.9451789173313878
3673_10,0.9519754362731208
9037_3,0.9156630489175557
8547_10,0.9938012633110893
111_10,0.97962567071837
5279_9,0.9598259171695352
2379_9,0.8782916778736123
6000_10,0.9824153454638369
990_7,0.5955039015176112
1519_9,0.788362459018417
5987_7,0.6392205408581508
2959_7,0.38943912405228526
8898_2,0.016670731313310955
5746_10,0.994579790546556
6268_8,0.11008832999454764
5449_7,0.15234774445534255
5561_1,0.002433098636866628
11470_3,0.02488108809776569
11837_1,0.12121025527687292
6761_10,0.9903281038146158
1590_1,0.026776313011967236
927_10,0.9660203095116839
1495_9,0.96578964501194
10529_7,0.8779877614435235
7704_2,0.24645133371035827
10707_3,0.04771714150599534
3862_1,0.0042232383476517405
3612_7,0.9898071319008251
8212_2,0.0011910964479296593
10649_10,0.99917647686246
9767_1,0.48372269500282117
4054_3,0.054108780853141275
9783_3,0.02292867107135062
3116_2,0.29132365529276727
4631_10,0.9853862334914036
7228_1,0.02472970101938931
2744_8,0.798118512786219
6028_10,0.9836423028450927
10812_9,0.8265898387789344
417_10,0.8829943556456675
11876_10,0.999158426680348
946_7,0.13886470714736085
8265_10,0.9920187051776684
6833_10,0.9964825764870582
4150_4,0.40451674619159417
899_9,0.9126590495541588
223_10,0.9340668632298418
7369_3,0.17089645240879672
5075_8,0.8997428564252882
6634_1,0.0431465825833502
3486_8,0.8836872754072211
11473_1,0.6472544330672566
3276_10,0.9981295080392896
3272_2,0.15969252102895812
2727_3,0.11619536298165516
4134_7,0.32198149580654883
5744_3,0.14047179320313144
8715_1,0.0004973881057530033
4812_1,0.002381724702616594
6841_1,0.03158041885845606
6822_1,0.40159068384895164
3211_4,0.6761950015787885
5489_2,0.05962508135331872
1168_1,0.2327711449337607
3056_9,0.583597184127118
4516_10,0.9940217633008894
9542_1,0.007409257947574367
4400_10,0.9873133544315911
2766_10,0.9844002372922914
6470_8,0.7727903393424231
5434_1,0.0098999098247029
1406_4,0.4163241031922396
11479_8,0.9143689104015891
9881_10,0.693990483124464
10276_1,9.0189217460498e-07
2875_8,0.8962612659576717
1254_2,0.23996674114307004
8017_10,0.6744801020403935
9694_10,0.4073569235575496
9522_1,0.07525923098062673
11379_2,0.041588311949921804
7357_10,0.3878295897536404
6080_9,0.05961451798039953
2039_10,0.9974111915110216
7086_8,0.9914706621419521
4757_10,0.9470270410000382
2472_10,0.7525924949526261
9442_1,0.006877223295742298
12438_10,0.7225892803158648
747_8,0.917487697375948
6786_4,0.28478209886293726
11942_8,0.7311818481398319
8611_9,0.9397617541443545
9240_8,0.8567342249263888
7411_4,0.007319482768803176
5196_4,0.0033583637971917983
5709_3,0.01684056214420588
6758_3,0.002572359290942494
1933_9,0.9855183616778642
4464_8,0.7708140951685251
11100_9,0.8731593264582425
3636_10,0.8232179067965055
12328_1,0.27290322394920935
6783_4,0.3593336470555851
11381_10,0.9999711767068612
4509_3,0.16633049684149404
4775_7,0.9059781575350832
10633_8,0.944343164084143
9161_1,0.051681742435753464
2277_8,0.99954743512942
7402_10,0.0395831509945594
2713_1,0.015890913354271927
1312_1,0.0002267767048816357
3633_1,0.06034006447310689
8943_10,0.9646824639351289
11734_3,0.6702589186331146
12120_7,0.8180555855981748
6285_1,0.6745629188828158
9296_1,4.213102964994062e-06
8696_9,0.7068546197005787
7243_10,0.9888327564898496
10135_8,0.8490972665825284
6094_10,0.9720818927442396
6962_4,0.013764029370403207
3916_1,0.03404729355470357
3650_10,0.27316626868579086
58_8,0.9998976673352706
10858_1,0.003631580202771427
11894_8,0.8875809305518874
759_1,0.27516071910945017
10311_1,0.8857534386806791
1127_10,0.7086708478842955
6723_7,0.9884778858261922
4966_7,0.9334545035403667
7196_4,0.09260200472195965
6244_1,0.096621148423145
9510_10,0.996692235389531
3471_10,0.9856335882118825
9840_2,0.49552627098230717
11886_9,0.925761035256836
7880_10,0.9594793079875261
6358_10,0.980308177325575
6280_2,0.5752878262778102
2580_3,0.03644743250596705
122_4,0.19417982666580977
5713_2,0.022571667829676862
7187_7,0.6954953814932906
8601_8,0.9089923088470256
52_10,0.9863203246198768
2447_7,0.5989570393939975
4828_4,0.002133307110428737
5371_1,0.22426921455501092
5066_1,0.007303033068114053
12184_2,0.4369383374586651
85_2,0.06854917733766937
10067_7,0.9513533585324744
3999_9,0.9993654078745288
11623_10,0.8984640138006743
10826_4,0.07109136678869851
3780_1,0.0011053045521120424
10195_1,0.0008438341456002869
7875_4,0.05632641222740716
8510_4,0.3675567640580788
9916_2,0.06843517571000944
10023_4,0.2947980653698921
6870_8,0.910769785370226
4753_9,0.9731316355077608
11120_7,0.15195789775697097
2516_10,0.2590186069593106
1719_10,0.8952679056080811
4426_4,0.20341626526833642
7835_7,0.1469659203470426
5148_7,0.7889548331603659
2997_7,0.5124266019441664
2211_7,0.8772221774778639
626_4,0.7969200210672357
779_1,0.25220976379579374
9712_10,0.6959882045601575
1504_9,0.7522210689533482
8903_3,0.12745034457896126
359_7,0.947436471531388
7465_7,0.9338729746523833
10966_2,0.05145547703728837
8227_2,0.3401309252128493
10746_2,0.005286828158310969
10356_1,0.24948991320724093
12286_1,0.0011212676542486208
11128_7,0.9685823978259541
12489_3,0.2624948855329172
1264_1,0.006365527481195452
3871_10,0.9977469251153627
9248_10,0.7793793850771314
3094_4,0.7683271151132712
7472_9,0.9897198207472424
3537_2,0.05851506090166267
9727_2,0.1075872694516816
5453_8,0.6272467361894447
2283_10,0.9999936899844084
7533_2,0.006173666582655164
6468_1,0.001939044426009667
12274_9,0.9980695948754138
10713_3,0.006023731395502709
8518_7,0.8502536710093297
1838_10,0.9982046905154207
5304_1,0.41213415086352007
4227_1,0.34527642965057126
5342_9,0.9428017915317398
1754_8,0.9736045643166641
4800_1,0.0005950472283391741
10717_3,0.7201466237164589
1919_1,0.004025375969244943
6851_7,0.6960993389283153
322_8,0.3921849039107477
3028_4,0.07539070145726787
7463_2,0.07304045519863028
7999_1,0.02077532334288196
3036_1,0.005316944954376188
11154_7,0.7745184530968838
10501_1,0.0057911088654765555
12272_8,0.9996893751169543
1738_8,0.9857507993125937
3242_1,0.007163042488966259
6178_4,0.28522060010206884
3405_4,0.14955000875043148
4663_7,0.9365020143925075
11348_1,0.000882399352171562
7304_1,0.025132854348367397
2962_1,0.05956201916385015
11701_8,0.5025664193052161
9354_9,0.9608652172230748
9846_7,0.2291649586027407
12496_10,0.427036777772422
5652_1,0.1842786417209468
7371_9,0.5344738434285342
10131_3,0.009191408121872276
9826_4,0.047075653649994845
6141_10,0.9846878719893859
7472_3,0.17885322775096724
2622_8,0.8123892534969827
10281_9,0.9999982697802997
8668_2,0.0009474160581457911
2348_9,0.9477049507353318
12047_2,0.01772011292163623
11373_10,0.7535574446662041
4254_1,0.06091925703455784
524_1,0.35414822713948924
5808_1,0.04858418312294218
515_1,5.470044527424256e-05
6414_9,0.6845215910017107
8938_8,0.975886732978057
12391_8,0.8562037343086694
776_8,0.934071674723694
12197_7,0.8638953490940033
4582_1,0.9301700029721741
3638_10,0.9934377806085933
6338_3,0.0014942731490179865
1165_2,0.001603082486790561
5574_1,0.008851080364704412
7319_2,0.07068253420285502
595_10,0.9921285125169487
6694_1,0.013953770473968315
12209_3,0.4018014346455508
3268_10,0.8053821570527665
12492_4,0.3922651075610849
4738_10,0.9250488596042741
947_3,0.417866770484808
7726_10,0.9445228830850024
94_10,0.8651405178756117
11760_1,0.5033496715622706
10978_10,0.9999843974810214
10072_1,4.606408802360601e-05
2346_10,0.9894990095534756
5008_9,0.9937812572454527
5135_2,0.04835472301011935
7979_3,0.8804230102636045
10863_10,0.8314609773803433
2862_9,0.82030395402002
7562_9,0.9303011006328441
8023_4,0.2331077495224345
341_9,0.9456231972952633
6321_4,0.39362889334888124
9936_1,0.002130723774561767
9581_10,0.9924462713046874
3750_2,0.2873210400402225
8298_2,0.16338791512042705
5900_10,0.9996450939606389
6308_1,0.06391390295160759
1609_10,0.9971160282481737
11054_1,0.0008974842011259601
7031_3,0.012277881614617384
9507_9,0.9980850802918083
3121_1,0.006513904510144554
7521_1,0.013408683834079116
4830_1,0.1604571141377468
6686_2,0.004105623454147279
1618_10,0.008940891789510592
2190_10,0.9998762414580541
6943_8,0.8396010876166581
1385_7,0.9729961784321653
544_8,0.6029502265396354
3225_10,0.487993827094612
1044_3,0.18827243928512183
11691_7,0.662448154567149
6124_3,0.004908887367980421
7326_1,0.0031424975828058285
1471_10,0.9465235671345161
5010_1,0.06781443612542326
2695_9,0.9775776632240892
1222_2,0.11128391395363398
1012_8,0.24032894641374963
5459_1,0.15497094596165037
4734_1,0.00016673123560611815
3138_8,0.9474158717251945
5674_7,0.5891813209660963
6815_1,0.028701187705389625
8285_10,0.9876590537343066
5504_10,0.19263960818916015
6800_4,0.025200955862657963
5292_10,0.9923305648035119
5121_1,0.0047941471235188925
9861_1,0.3218633133554563
2645_10,0.9984262657100164
9422_7,0.5429835194994738
5144_1,4.3804340424052245e-05
3877_9,0.8831930023031795
7822_8,0.9998025484183024
3324_2,0.2635901588650794
5559_3,0.09378014264233424
9969_3,0.14266131735200815
2296_2,0.16842704703569522
10021_9,0.9975114295217065
11111_1,0.0007887698688480744
1371_1,0.0853441374820668
4321_9,0.15156049256941465
9706_7,0.028026229920756242
11782_1,0.0008240256604663072
141_1,0.6348797692645771
3106_7,0.8831052191193289
1817_10,0.9282223327101427
4508_10,0.7488101279857305
10922_3,0.15703262835341295
2304_7,0.9873585552588607
2229_4,0.12539413904823354
4283_9,0.3432464923322772
9087_2,0.3375260093222371
6003_9,0.8418322197666775
12126_8,0.9999960716064604
6067_10,0.9205775246123048
8714_9,0.7678520834027827
11932_1,0.003005294534112411
2293_8,0.9997492086006796
6184_8,0.6216530244871885
8448_2,0.01481592445985224
8269_3,0.015595296409125306
7495_7,0.8135318210794241
8282_10,0.9902498062259848
2351_7,0.7832869142715327
11688_7,0.9927378025994872
3805_8,0.8001668165894082
5158_1,0.005080699665458205
12476_8,0.9726608608436865
8265_1,0.005669898189321464
2194_10,0.9931954706496232
3465_3,0.013911732703027913
5234_10,0.9502421926269075
6903_10,0.8809887318541082
8085_1,0.029665462169751602
869_7,0.9776843337344788
12034_1,0.004493529409781434
6297_10,0.8705541804266937
3194_1,0.00010996732280589891
8725_1,0.1635985580205131
9563_10,0.9195144953361913
11075_1,0.0004909394344711293
5734_10,0.9867762282243612
5357_2,0.04407561067476839
6453_10,0.9960165316949697
3263_3,0.08280701273887782
12360_7,0.9408862590388102
6477_1,0.10541945533359422
11863_8,0.9754636704080659
8459_3,0.0029370515818477913
10594_10,0.7118677524772784
2237_1,0.43216311780201666
7511_7,0.8010092005836839
3626_3,0.46408142240397365
6288_2,0.006881252536125017
125_7,0.6941043169669392
3318_7,0.8855491064799466
5525_7,0.17227392161973012
9695_1,6.500236136298488e-05
5917_8,0.8909547958625448
8486_7,0.7252972961294388
6032_3,0.026167229043990083
7759_9,0.9627937905050089
3456_10,0.9686753746592175
1692_3,0.3264807790864463
2107_3,0.004458198940056305
11215_2,0.02781738009793435
1309_7,0.9021093404812593
6650_8,0.8970784042093434
5722_9,0.9757326592009662
4479_4,0.34139717082501475
347_7,0.8497627731911963
9399_10,0.999987969382292
2475_1,0.15075218176769536
8229_3,0.15556418627059138
4869_2,1.454747989038086e-05
9691_1,0.01315835921292893
1227_3,0.28702980540299183
360_3,0.4736999934360296
10047_1,0.017833980113681626
1607_3,0.14970402889013332
797_1,0.013232811758237909
9489_2,0.6448505323138671
1742_7,0.3279562045421507
10531_3,0.2078772319179451
4947_1,0.2653864041448194
10873_8,0.7336826605757142
1429_7,0.4500693367187434
10962_3,0.007035145602071159
3305_4,0.10025435632848512
12160_8,0.7722135402771395
9236_1,0.009186193799925005
3718_1,2.7922384993540155e-11
3434_8,0.9497897629245029
10933_8,0.9395077133551524
798_10,0.966391634834346
9879_9,0.9115893956970587
6644_10,0.8375877652086592
10978_1,0.005119052487748339
7867_2,0.2694196710672818
4369_2,0.004276501476484893
1251_4,0.8887008606982121
1500_2,0.03432678679732987
7574_10,0.9992950940099543
5470_1,0.01210126106426955
2407_10,0.9561074286109009
3451_3,0.2945295650478402
9385_1,0.09128607274835873
4078_8,0.696519967179416
3229_1,0.00264229622101076
1786_8,0.9242318689689298
5173_2,0.5951285605774562
1211_8,0.6938217879710381
4303_1,0.0044008269380347844
6011_3,0.06143166888179908
4513_4,0.5999049295102136
11745_9,0.9993914691271786
9675_9,0.9658073130690573
11981_3,0.2969661210999719
5977_10,0.4684792546827019
5023_4,0.3552889523415961
8704_9,0.8866402606743576
8644_10,0.8188585286053803
10557_3,0.01949156761821856
6549_7,0.9737794500206104
5557_3,0.03361620148667556
6402_2,0.67340223491176
2642_4,0.07343689673659891
11796_10,0.13201218884486127
7102_1,0.013427295075435565
7968_8,0.9787075539771959
11764_7,0.5126935924218083
9415_9,0.9335103675342439
4817_8,0.5915004978504339
1007_4,0.4407317541352669
10943_9,0.9720232128536879
7280_10,0.9985758136020564
6068_2,0.21755667057225647
845_10,0.590352067688801
8377_3,0.00012430431366397402
8445_9,0.9708128884996065
563_4,0.9550800613552786
8761_9,0.6780883924281281
1552_1,0.01839814436849195
9630_1,2.805316775897149e-05
6444_7,0.9152436562275974
3188_1,0.01318210997213371
2142_4,0.009320624971246565
2045_10,0.9981344492403249
2477_10,0.9528341048763574
2597_1,0.02508912548913639
3137_8,0.928971363442107
1345_1,0.16395140139403222
8498_7,0.7794707712472562
6550_4,0.20346795050681352
9583_9,0.8364028659412738
7506_7,0.6918331113180803
9316_7,0.4252363443343527
11473_10,0.9744233871199822
3003_10,0.9396168398397369
8532_7,0.1485005849119502
5654_1,0.5741948029722181
822_10,0.8267010915789562
1312_10,0.9997051347031853
9665_4,0.5764705757174526
4442_10,0.8340196769435854
11758_7,0.9944981960681119
11185_1,0.7683410420748125
11588_3,0.03317894657657138
3366_10,0.9137727878507684
7050_8,0.5841599039025454
4778_4,0.014297267993673896
1_3,0.009524961717916931
2838_2,0.004623359514164683
6910_8,0.57491082147197
3257_8,0.9904558474481635
9111_7,0.9906188870836976
6458_7,0.7678381310341695
5622_8,0.30438545676503026
12469_7,0.899012356733498
9670_10,0.9959587449171127
8092_4,0.0007633140122063547
1683_9,0.6443683011623197
6181_4,0.08583009234875612
8965_8,0.9095858015455871
5186_1,0.003999975774308874
1250_2,0.005841066284000829
4705_10,0.9653276348743236
10261_8,0.943166122529406
350_4,0.9350510315254486
12302_3,0.0016510872894998285
776_1,0.7146369044923965
7424_10,0.9929054076605787
10383_8,0.979746255291884
360_9,0.9989319242579574
5798_10,0.9588078865572052
10720_4,0.11832393047512293
6009_8,0.9669345994399349
2319_8,0.9540586237225674
7053_10,0.5464111556399605
11210_8,0.8271425956422743
1985_10,0.9046228801070251
6056_1,0.29955826129340507
10315_1,0.43682327449394703
9_4,0.4652913805958538
6530_4,0.07599728621361408
1367_10,0.3370406804930984
4564_2,0.0023997865679460696
4343_10,0.37216861194912815
654_3,0.3475605478870429
4857_1,0.000922602349709015
1377_10,0.9804042352426456
8072_10,0.9997030625928672
11433_7,0.9542572231989498
6586_1,0.27870350250841064
10255_1,0.9562350470725023
350_10,0.8011655094600845
6853_8,0.5805456449047375
3693_10,0.9770868610524392
2589_10,0.7921723055620598
895_1,0.10010859168114668
6854_7,0.9508442017320548
1274_2,0.030757955686358814
9179_8,0.9719426140285962
10141_8,0.6400397432586953
10727_9,0.9933148446559468
1158_7,0.9026790569969338
9949_3,0.0855871231673242
7798_10,0.9931520271674239
5964_7,0.7737570881006899
11221_10,0.9922369964578601
3053_3,0.04061946207598884
8817_9,0.9375624964735193
5850_2,0.014255756901225883
9635_3,0.016814228573560352
5000_10,0.9808994905796756
10040_2,0.22392156330379634
3065_1,0.17711785054237977
2196_1,0.4384057704629959
12428_7,0.3215598183281877
8454_1,0.2706297616219025
11456_10,0.9739711273288412
5918_4,0.7325505533571346
10687_7,0.956975767994377
10507_7,0.639246568072428
9051_8,0.956825961479028
6315_4,0.10577571272154782
11266_10,0.9547329866589278
5890_3,0.4513907058169854
6257_8,0.6899693137564918
2923_8,0.9840912560198409
2952_1,0.0035190185702926743
7269_8,0.8545488931175435
1116_1,0.05778319487522877
11084_1,0.02255709752177214
10287_1,0.0217971877995601
5704_9,0.9457711908383083
11218_8,0.9518375164448574
12275_2,0.2892990112741774
1414_4,0.3650938358961199
7998_4,0.6737076264051883
3286_1,0.010392013006671802
2515_1,0.5596937431447827
851_1,0.2476113858288213
5181_10,0.9993244183632262
5358_9,0.9445764201122451
2677_10,0.9646222065096858
34_8,0.9788983823922904
9232_8,0.8582566289040984
5835_10,0.7831437882211454
10796_4,0.08507047536684488
5553_8,0.9965350649043992
666_4,0.3573887689904555
9450_1,0.00296802666099942
10820_8,0.990180840381961
7994_10,0.8998318074761702
8948_9,0.9905612395363855
3301_2,0.14784152847633616
2801_1,0.05764274707140474
4934_2,4.2706573894380796e-05
1539_10,0.9963182159602059
10949_4,0.13037751200060654
4394_10,0.9972116535069947
4098_8,0.9582696560894197
1617_7,0.035020635687082025
9569_3,0.19072838970112835
8593_1,0.00038156383205680087
3449_1,0.06270623670350779
8372_1,0.026048573476273134
815_7,0.9469615268412518
348_7,0.5485016519913873
7220_1,0.2861941254925887
2633_1,0.0048137035239100194
1752_3,0.6889809397556619
3347_2,0.14067309780913836
4967_7,0.6016572834460794
10910_8,0.9917972457658158
3147_1,0.46498513557942506
7791_4,0.10780246126075493
1588_7,0.9439902493167651
8405_2,0.4917142101711633
3826_10,0.5979661781675404
3178_2,0.19447302295292157
4420_4,0.15859949896352077
246_2,0.008020338227356797
8462_7,0.7792603633880401
8264_3,0.1318843757031548
2695_3,0.10552640752089942
7258_4,0.2691031894890208
5787_8,0.7615046425343328
11668_2,0.14292710977011278
5529_4,0.9968257912741635
8923_2,0.006156934965652276
4784_1,0.11827292272371744
7730_1,0.20475303461716154
4455_4,0.029537338237611205
6416_1,0.01181140534503078
87_1,0.04776831978112025
9548_8,0.9891508508053343
1285_1,0.0009457868605145517
7695_10,0.9798821233710023
4364_10,0.9894410713178143
9394_8,0.49237929610430187
1253_1,0.012232175231911899
2481_1,0.01565620851805457
6790_1,0.0015972376295509813
9989_10,0.9972175158106238
1483_8,0.9014386239060117
8772_1,0.017495917241415842
2993_10,0.9806942035441512
1801_1,0.03202524268974509
9434_1,0.0017990077507761557
7938_10,0.7569574988049464
2262_1,0.0004506995883174873
5076_1,0.0012624835153705995
10994_2,0.001145419900197733
4749_7,0.9860715273702183
8309_8,0.5958106481235225
7031_10,0.9925634371743812
2711_3,0.08521633411288711
8655_7,0.9316436949588032
11329_4,0.9911967772272607
9076_3,0.1498266204311335
11647_10,0.9737841423453243
7934_1,0.008359035671713241
9114_1,0.0015318367389362925
6510_7,0.020871428426610595
11487_1,0.002147872538658035
2348_3,0.7943918239131234
12325_1,0.03728337288609773
6405_10,0.9237716690337964
357_7,0.8638803885480756
12253_10,0.8507064904313592
4927_10,0.9634440294504769
8636_1,0.00666888894873651
11184_10,0.9938056613669612
9974_3,0.4980248499700554
6516_1,0.5567180737711548
2167_9,0.5495158944783856
10794_10,0.9891935262299365
966_4,0.08258925900448284
10040_10,0.9975624631144494
5940_9,0.9933305358357751
9181_8,0.9763062992569527
2196_8,0.9882688390183512
6361_4,0.17127639635657568
4243_9,0.4094412714540064
581_9,0.9979596218563231
7195_1,0.09755500728332127
2986_10,0.9952211605902247
4344_1,0.01075444970428458
7176_10,0.30400369244852504
7857_10,0.9154734634414882
6487_1,0.007422676969474481
3692_10,0.990832445641976
12198_10,0.9337755638939272
10569_7,0.5494407662548639
9850_2,0.44021490380193506
6415_1,0.023848135962457898
6373_10,0.9210571867050577
5103_1,0.17961268701104086
11048_8,0.9917366226152006
2055_1,0.037284827890862286
2920_1,0.17750256943036116
8667_3,0.2516416100706555
7059_3,0.38900550628814445
3887_2,0.06694280793375706
12356_10,0.02718061704240938
5402_2,0.601212733255004
10274_8,0.5622595055097134
11831_4,0.3496749803390446
5375_7,0.9040669232427765
7875_7,0.3032644799984039
2733_8,0.6657103271875449
6420_8,0.9650221261974623
2240_10,0.34734713122771915
10627_9,0.9169096473247994
7319_8,0.856306769000558
7782_1,0.005334510046320167
857_1,0.006662768486033225
351_4,0.28893874174124623
9260_10,0.7523786286081525
6891_10,0.9243341246296732
8205_10,0.6914639111947203
1179_3,0.0008908429954640344
9061_4,0.3756710541046422
3571_9,0.989992045199705
11352_9,0.9998195513270629
11770_10,0.9027993182269826
10714_2,0.5143011962399995
5397_3,0.16221646530886213
2360_1,0.018553924031232676
9459_4,0.8450303585862908
7493_1,0.18898827569531745
6799_10,0.9989846959315127
2313_8,0.6154075193839058
7602_10,0.9948666254660373
1731_10,0.9980952600350104
8502_10,0.8964196073870483
5632_1,0.00027221503265920127
3723_10,0.9936817185572447
6473_3,0.36416669335807333
3596_3,0.006039061363887016
8583_7,0.9609299969088732
10902_1,0.009541465362267748
1032_1,0.41566265531575236
2931_1,0.005290502023654327
9930_3,0.252993561526317
11825_10,0.9732751392945175
5384_10,0.31861924669435077
2492_4,0.3142041385213541
5008_4,0.15839814070490352
7334_4,0.06048243864080678
10082_8,0.5617412615037163
1395_1,0.00432618744706391
8140_7,0.783290891264355
2400_8,0.9998602594134366
11462_2,0.032679911214877386
6632_10,0.8785421696209206
11499_3,0.8792601975923016
5576_1,0.01031904298976553
1172_7,0.9997814226171096
3053_8,0.9911739441163677
4119_1,0.03850928976209466
8165_2,0.08811862954853196
8333_8,0.8609393465159131
2242_1,0.001597230283466638
6132_1,0.08999967451058132
12270_9,0.7445163079897672
11456_4,0.6709483881543262
6898_1,0.05806163677270071
2512_2,0.05937035323118638
7045_7,0.7210836650344887
2808_4,0.0011436900854964055
6257_4,0.006311577509670501
1971_7,0.875232400901403
10565_10,0.9028893429586141
930_10,0.9856866277354536
196_9,0.9571949508154632
6535_1,0.038302380513357596
5257_1,9.69248276162295e-05
6759_4,0.07285794727483315
5016_2,0.0013680803804541253
10959_1,0.009744853251747813
4450_10,0.9988931613244202
6678_10,0.8905928736044396
11286_8,0.5870975617719101
7200_8,0.9969570800278111
6660_7,0.3617399407159132
12481_10,0.9882893619626871
10278_4,0.2506869777989012
6233_8,0.8240996987425482
579_1,0.019153800231646975
8519_3,0.11187438297181264
1220_10,0.9661864001716617
2342_10,0.9991676560038238
1860_1,0.019546718142772344
7273_3,0.12066610102109689
4653_2,0.12327082986061837
6878_4,0.3144918604069576
502_7,0.8720907068114067
2406_2,0.015325115439486465
2021_1,0.0017646777271501915
874_8,0.952698585199438
4949_2,0.022120483238570826
5054_3,0.22476795674731168
689_7,0.9665141354164426
9643_7,0.9973992184728399
6445_3,0.008163224671237692
2377_9,0.9209780723609
6107_8,0.49835362713475834
10368_8,0.994954773964977
10444_1,4.984546493870873e-05
5498_1,0.0981651688640254
1018_7,0.9874961449750884
2718_9,0.24893514890150986
2418_2,0.7780004506479077
7412_7,0.10052090588275175
213_10,0.8397321726430581
9417_2,0.001346380139974318
1194_2,0.029703310151087913
9366_8,0.9731262336953684
4769_1,0.0059348177683163
6667_9,0.992305370129055
9361_2,0.14832463355103492
2182_8,0.9325297394149198
10677_4,5.392964783031477e-05
3931_10,0.782406659473398
120_9,0.8539038052380669
10837_10,0.9700414545268823
10830_1,8.190240900153724e-05
3679_2,0.10376641469243085
9094_9,0.9117499563485625
7880_2,0.09604998567501395
4969_9,0.9980776499309775
3418_3,0.0032483400971789205
5490_4,0.3277793799021846
264_10,0.9963640194561374
1602_10,0.822332243335703
5019_9,0.7583398245326475
12000_9,0.9523283099052033
10794_4,0.431125310108674
2504_3,0.9908126628108672
12340_4,0.6313286173744451
7732_2,0.42966069131371176
2028_1,0.002112194517909327
3986_4,0.34606621731104276
5100_10,0.9630048997121291
2135_1,0.004037286898749499
10227_7,0.11238827725564951
4413_1,0.8717439957828682
5205_2,4.643453264669538e-06
45_9,0.9933204179077347
12151_10,0.9775473020234567
11055_1,0.00038697341516939445
2632_9,0.997957009896216
7047_3,0.024750677156176584
1915_1,0.0004107355053488609
9666_10,0.9800359375013522
10027_1,0.013582110111625991
11024_2,0.012291269637946706
6482_7,0.8838523621681902
8060_3,0.07455629400003018
9876_8,0.7552727271604643
3839_1,0.004090916295838641
3682_9,0.873886038189881
5962_3,0.10228904435450403
222_3,0.021230944118660524
10460_10,0.9917247927034222
8543_1,0.058190828802628526
9443_1,0.0005043555490017267
10201_1,0.9672309902662204
5046_9,0.9994587007197788
5899_1,0.2340175187206762
10140_1,0.0022216424923190837
5009_1,0.11336485127954765
4626_8,0.9086721320385145
9033_10,0.9539990323624313
3243_9,0.9663509045660669
6379_1,0.012351873220184838
4949_8,0.9954956306664156
6119_10,0.9359275071143406
10336_7,0.9088006692807534
7344_1,0.0007132760089507712
3294_7,0.9155539603389584
4385_2,0.1507798405862299
2172_9,0.9601847739683714
8295_3,0.00997978873027438
1031_10,0.7036787954443027
7577_10,0.9820779636632474
6778_4,0.4450227063507106
3154_2,0.4967936851091482
9585_7,0.7004488395284988
3445_2,0.14752394918571526
7416_3,0.28219067726014346
9780_10,0.9948110830189054
480_10,0.8278304416131893
837_4,0.1961802762104561
10166_8,0.9821928604512229
3695_7,0.09270088528156187
12417_9,0.09793169118624498
3932_3,0.01874705243940573
11790_3,0.0693136869986181
6917_9,0.9730157155800465
1975_4,0.3754696054059358
11249_10,0.7739749796200814
7366_7,0.9590919434315494
4579_8,0.986825049144505
8415_10,0.9163902065441499
2004_1,0.19658655271342879
7599_3,0.028574261339665497
12259_8,0.9260423191766917
11005_7,0.9286509217285108
11914_7,0.27565015698632095
8498_1,0.05958713463686758
944_2,0.01335281912790768
7183_10,0.988439434084595
4422_10,0.9977243509583671
6791_10,0.6623588362875656
9286_1,0.03377716396925669
3325_10,0.9946757175831074
5599_2,0.0002912005203878341
3064_1,0.05847695960477568
209_4,0.002390162042089126
1904_10,0.12228154824906085
10699_3,0.6063421929940219
577_3,0.10637930780629652
3157_1,0.11056958017320816
1582_2,0.47321869363135205
8044_2,0.08763411974734897
11208_1,0.11150735420554711
4708_3,0.39572732284740325
10439_8,0.9523900658879579
11083_7,0.698860014003765
8066_3,0.2124861102494275
11327_8,0.9956423311142834
9224_1,0.03335897247522478
2165_8,0.9910678522800336
9892_10,0.9984927277306387
4402_1,2.905957337017536e-05
11804_10,0.9999022164904404
1296_8,0.6938669930237978
10562_1,0.13727675729768277
5003_10,0.41645420056158566
10448_1,0.00021364901205748378
3274_7,0.9976406307308539
6344_4,0.19578498523612145
8129_4,0.06212651991354629
9525_2,9.980375427751662e-05
661_1,0.020807368144048703
9398_3,0.1694308045449048
3639_7,0.9814832805050219
5527_7,0.9562956449740353
7790_3,0.6019574387513766
9550_1,0.24011981947034824
2042_3,0.10144831866743503
366_1,0.004282200271883943
8446_3,0.6885705364822464
7859_1,0.020105178257829023
5587_3,0.20184077176733078
10604_3,0.004855517149292491
5245_1,0.0037241474495760076
804_8,0.9223563703944222
9098_3,0.04836273855403808
6240_10,0.9675108033700838
3960_10,0.9070580120251321
10536_8,0.9989469780925094
8793_1,0.11471066281761012
1586_1,8.284264738243911e-05
7131_9,0.8128222690603035
11338_9,0.7290795540135264
1053_4,0.01801205190136306
11170_4,0.13495051373904535
6806_1,0.4587275431991685
3741_4,0.6226483289604553
1231_7,0.4405598572001681
5499_8,0.966049712424573
12452_3,0.6513747022593689
5331_9,0.8154996241923765
3302_7,0.7311176750325327
6214_8,0.9228010230431362
6908_1,0.18136126040694345
8510_8,0.46418851889375384
10522_10,0.9986760377996522
2844_2,0.06103541761112197
11797_3,0.12799205194159027
11237_10,0.5626578176639222
6762_3,0.04194616013017067
897_1,0.008654983549232978
10312_9,0.9950616536128399
10272_1,0.03663730044527273
10814_9,0.7589933908593082
4504_1,0.0004640174589940116
9389_9,0.14944781465429274
9035_1,0.005934558566578727
11306_1,0.22367244081360066
6309_4,0.5129970194126657
5179_10,0.7883508843949338
6099_4,0.41063354481697234
887_8,0.96858072928531
10220_10,0.8725694330520556
286_10,0.48223671829269876
5809_10,0.9535451956741208
7725_3,0.14147557357915333
9722_7,0.9133061542261259
9104_7,0.3772847632974958
7313_7,0.9252409108407609
1706_1,0.046782210305302004
11737_4,0.3557989765424357
11203_10,0.8037355922627224
7767_4,0.04550057087071042
1822_1,0.0007544229888874588
5113_8,0.8373749499169564
5456_9,0.8554331198331573
6005_1,0.28076967198487346
2026_2,0.0018865367375245105
1379_1,0.2751191786300496
3048_10,0.9954772342690256
5070_10,0.8775140560812588
8985_1,2.2240245365621943e-06
1643_1,0.07170305666887668
400_1,0.0004325193904085227
7546_10,0.9885736640026149
3438_4,0.20065537671170827
12136_8,0.81977475366154
6850_2,0.16231182387618798
9054_8,0.9474184647330757
1555_10,0.9985730077197008
7103_1,0.06785429104859753
6218_1,0.10648397506572806
1619_3,0.00022778816635296334
5187_8,0.7406026463024735
8575_2,0.0010844221987806027
1593_10,0.5757935011920501
3910_1,0.01018953418434599
5743_10,0.5458864999877618
3061_8,0.9694142055042374
9633_8,0.8101960294508603
2488_9,0.6490620726028212
11711_4,0.2968558626145743
11282_10,0.970542454675934
8919_10,0.9897156888044955
6139_10,0.987850637743908
8032_1,0.014061085397455406
4287_4,0.04150645600967904
11044_1,0.002145913846989408
11123_8,0.9940806468806271
1828_9,0.9954839306871321
4232_3,0.06299009078951369
7258_9,0.996734040656514
1078_4,0.022974967116145304
9967_10,0.7389930918101002
4975_3,0.5193849981449709
9974_8,0.8029878552107607
424_2,7.00969894890046e-05
7181_9,0.9256938070403936
10703_3,0.11516566669402174
3157_10,0.9834066957387909
11096_10,0.4107080407777333
2185_10,0.9999405007068448
2779_4,0.14893365387188665
9342_1,0.002707324556056643
3615_8,0.9411820664887783
6777_10,0.4791464970490024
5440_8,0.8337868762124658
706_1,0.7598193147992965
5909_8,0.8004251496424788
9578_3,0.08305961063704011
3393_4,0.093908750820042
428_3,0.06841816821473405
651_9,0.9988863124005011
12433_8,0.5749187627020217
8643_4,0.007484085837857912
5826_10,0.9866651252651216
4060_1,0.21660992938172557
3310_8,0.6393271236855952
8941_3,0.5047784034650149
11493_7,0.7682658271275623
7896_8,0.8684002638120447
541_7,0.8510862393471892
10614_1,0.0749159599439631
3751_1,0.010471485981388695
7851_8,0.8066618995487096
5940_1,0.16314433864725225
911_1,0.0017355009155244439
1233_1,0.25312185507584156
4995_1,0.01760440860064536
2771_9,0.6795795321201558
5085_8,0.6548447214987541
6521_8,0.8454925226918416
8106_3,0.013634018034284216
2962_7,0.11774024500386494
1621_9,0.9256310516198409
4981_8,0.4720471426835699
11884_2,0.08145773085785354
6038_10,0.9933976011440544
7118_10,0.9193178235811009
10365_1,0.00032206279970945265
677_9,0.9812454124863386
95_10,0.9901115843721178
8211_3,0.36337321128715006
11906_8,0.9847762936737612
3038_2,0.01311465694315806
10503_1,0.004234015211092725
11260_4,0.14144550997639352
11333_3,0.1104866252108241
6954_10,0.9919103401435848
143_8,0.7907836241354097
6458_3,0.045823423004653904
8784_2,0.0015173595033841905
2604_1,0.0018691970439213045
4374_9,0.9222254499856406
1323_3,0.6397287438682174
2647_2,0.03948445451130896
363_3,0.020811058151868986
7556_1,0.29619579568257787
11101_4,0.6319991014147508
8945_7,0.5795498428110759
10630_4,0.03229331989981361
11174_8,0.9564754125532132
7927_3,0.027455109908520344
8433_1,0.0026641311303674596
8814_1,0.025332190791036387
11746_8,0.9967081987466025
2462_10,0.7107568063655105
10036_1,0.0005968166504579382
10628_1,0.020356540390197703
4782_1,0.016059203369391907
11244_8,0.16187662947754755
4815_1,0.11497453357769671
6974_7,0.9398068628466857
10180_1,0.00917910756155499
3538_1,0.0023773560353951596
9319_9,0.8453997461268574
3542_2,0.00278098256415426
5583_1,0.011870123603151742
215_8,0.8595063107476064
6949_1,0.0009379254778201152
11401_10,0.967489909190297
3468_4,0.5508064313420612
9478_7,0.6767645054408046
12368_2,0.04643536811499398
7534_4,0.16917277553982765
9256_2,0.10428424418485081
2192_10,0.8649740779196721
10617_3,0.01929444202083885
1464_1,0.003432765362181546
969_4,0.13332735544368085
702_7,0.8455710285202056
470_10,0.9994833545816225
2575_1,0.000131037229347156
3059_2,0.030731669810328058
7229_3,0.02183371406077943
7437_3,0.13930125462213955
2560_7,0.4455003068404708
8444_4,0.025226680893995344
1900_4,0.9166862206688788
9057_4,0.9666947744610875
10101_4,0.0001670916656851872
4914_2,0.00236656108669784
11896_4,0.9639821887229408
10430_1,0.1972735833110835
786_3,0.005943979466363528
9834_1,0.36356342553993
2040_1,0.002524334817651188
1435_3,0.002151727603535902
168_8,0.7724319583011414
6504_9,0.9999392351225156
3677_1,0.0049994388924703625
3652_10,0.9990820413894712
9821_10,0.996008636937102
8695_8,0.9782762261325418
5728_10,0.5327142979485954
2856_8,0.7415023339965752
11548_3,0.07186539852435962
9435_7,0.6991703112822042
7910_2,0.02542949869757624
4658_7,0.5466746964471757
10111_1,0.011514575132720212
12306_1,0.007335646524598452
6380_9,0.20861769072685585
3507_10,0.9971083229044203
11085_7,0.6604323158979225
4268_8,0.8483816037189494
1702_2,0.23567943987131762
3045_9,0.9967812576340481
3338_2,0.8343452632642834
9288_8,0.9666543346905502
1580_8,0.6492415749043984
11976_10,0.2438774685681722
9216_1,0.0002665352388210219
2015_10,0.917373298189687
7665_2,0.3096142498694545
10545_2,0.23690912584616874
3819_4,0.08370750390718579
8005_10,0.9820252298854156
772_1,0.0015907170031989669
3882_3,0.06116949249000262
9001_8,0.9816999566131054
3000_1,0.0006257680860946213
3357_4,0.18693189785811531
2559_4,0.5855316549522175
2178_4,0.5388076178045657
2249_9,0.9976469471612284
9616_10,0.9980305602300141
11797_9,0.9607942798180867
9061_10,0.9214226112559694
10994_10,0.9478494753228836
1076_3,0.02672695730267791
10774_2,0.13572975235501458
10983_10,0.9191349616597235
9271_10,0.9390092694989843
3205_9,0.6105990923869751
4987_4,0.521830732222351
10926_1,0.05902702250688346
9150_8,0.9534162800249963
614_2,0.05969586546414487
12332_4,0.9325018004090372
9100_2,0.2646151924555338
10499_8,0.2839227869204496
6143_9,0.9931095387852253
4113_8,0.9660356505521691
4705_4,0.001849896246706341
3115_1,0.00837332191472385
1041_2,0.042899703357519824
11601_9,0.5775742610750919
11045_8,0.7878756797909848
10615_8,0.5903710134208905
7631_7,0.9131675487633989
11829_3,0.1376568770904334
6941_1,0.13607930498728565
112_10,0.864656804800677
4220_8,0.06358719533674188
2812_10,0.43807813593415923
10221_2,0.08698160133819176
1944_9,0.9124809826281437
5866_8,0.9161492915318387
11615_1,0.0022436981389064134
3066_10,0.9837992143594447
5757_3,0.003868671550781113
10569_1,9.526810760739512e-05
10633_3,0.027105315728588073
58_3,0.011704282557588121
1126_10,0.8079515824390081
4357_10,0.9182671174275697
6768_4,0.8573583674737296
11354_10,0.9856971426674203
6412_10,0.4745230814017964
7547_1,0.09174730692966297
5198_10,0.9856448147179564
5697_3,0.0012402350706783112
9757_3,0.16542174637447804
8034_3,0.00918537346059298
8612_8,0.6826900442352544
8691_7,0.7078322632574633
6731_3,0.013969898498753273
12190_1,0.13792360056791225
3180_1,0.00046718119266451444
11068_10,0.9884053397844202
3752_4,0.003924344694921734
1995_3,0.27889384136033407
5517_10,0.94564607581382
6532_9,0.891051942851492
4435_1,0.5161040646445589
5527_4,0.06568473942308033
5059_4,0.06644167690840858
12044_4,0.6654074652087921
3479_3,0.830807480137385
8399_8,0.7847778620968484
8897_7,0.999292947734506
8342_9,0.6901557712074049
7018_3,0.07886958345432903
2497_7,0.964337955506878
10152_1,0.007030375607833353
11583_4,0.14796584643364497
3156_10,0.7649334085998486
5259_4,0.7997175303755173
2581_1,0.0390342383479579
5224_7,0.9740418040912413
9024_3,0.04880665586268405
8026_10,0.6555283893864935
9588_3,0.0951218232558313
11001_1,0.0060915806211453
6432_9,0.9934229832556193
8524_9,0.9868478463880775
12457_3,0.022487996235093514
8426_8,0.9706588726077076
11355_10,0.9840675483910527
10337_1,0.004180558823694151
11911_3,0.11338192525237639
2655_10,0.9597780272571675
4265_3,0.4230757141262452
6542_3,0.3613070842516394
9681_1,0.00179743729882392
287_8,0.7148363019741802
1864_1,0.0003381486556036945
7655_4,0.4986869777192733
3613_7,0.9601487041769325
11041_1,0.38993505423128433
12070_8,0.31537386245850485
10856_10,0.9730354624025623
7365_4,0.01792567471028068
10025_8,0.9749079477061453
4693_10,0.9980217833217935
9580_7,0.9306722126116791
4669_2,0.7323347325950609
274_9,0.9943137555754791
1570_2,0.19214151612613004
11040_8,0.9989096801817179
2243_7,0.8021823253114482
7043_10,0.431812186896525
3719_2,0.00770236639779665
7635_7,0.12897202145953207
2327_2,0.009727987938287193
4229_9,0.053180413734758035
4121_3,0.08680787436274734
6064_1,0.12293300808545056
364_10,0.8487515004161352
1161_10,0.9873505526943486
463_1,0.0038786582369112854
9291_4,0.1528129833131724
8827_1,0.04088688649596414
2292_1,0.00016863685993481783
6935_9,0.8683943858689512
9226_1,0.0014037868683692075
7612_4,0.2484025215519614
8575_7,0.5189750221620949
3475_1,0.18405307857574552
1880_7,0.24043569217609187
7265_7,0.9318021808264194
8626_1,0.003012369061512
733_1,0.044276039727143814
12100_10,0.9877489806506053
1069_10,0.9907773396959322
11364_10,0.9917529915583058
5496_1,0.033940986087455334
7253_1,0.01418865059449483
3159_1,0.3938904992141546
9131_10,0.99999476211849
413_4,0.3776064260949422
10818_1,0.0008352520772378703
479_3,0.7232317779919761
173_7,0.6354961552756877
9522_10,0.9867769544348258
333_10,0.9789520178580718
2819_1,3.662842453891825e-05
5723_8,0.8098117297389462
99_10,0.9930512673708131
7247_4,0.6505531058699783
4711_9,0.9754980061937031
8555_3,0.045218308242559305
6330_10,0.9953335817278569
8921_1,0.009907830118962476
803_10,0.802260063861149
6219_1,0.013214218983815026
10077_3,0.05810662529960423
1274_7,0.6296591478219807
2307_3,0.046368185180755195
8114_8,0.9897963050360897
1503_1,0.035812332343604994
2004_10,0.39677250465639846
712_3,0.6649759450339673
557_4,0.009465164998491742
9651_8,0.785791321351994
11701_4,0.15479335561104682
6325_9,0.8435500627625825
1684_1,0.017396766170402287
1435_10,0.9987875951490592
5754_10,0.11543507158117607
12098_10,0.5997001153980854
3707_10,0.9582089390049496
2521_1,0.11916042738588055
1793_1,0.0017342505461512671
2725_3,0.03787106647435675
5051_8,0.9884708126625812
2691_7,0.8143319944363154
4111_10,0.9969218295438682
3239_3,0.02017769311785038
8124_8,0.9913422969663042
4990_4,0.2800136668706084
9565_9,0.9939550752647572
6657_3,0.08190303346288541
5882_4,0.007149052048123465
8571_1,0.13197230621557493
6815_10,0.9978907766103097
487_10,0.5237988737716274
11567_9,0.9981514422898015
10631_1,0.015166742569372109
7070_2,0.04399630175254236
8708_10,0.9861147026431505
1889_4,0.16089273579579078
1838_3,0.07933337378281732
6383_3,0.13103358098619883
4735_9,0.018622662983045674
11430_7,0.7438387377507529
11590_1,4.6526469159285e-05
11023_3,0.5568076165212723
10870_8,0.9787254707280945
6734_10,0.9889184760172708
10174_1,0.014818756333261119
7905_10,0.9947970864415554
9555_4,0.004752966627155174
6303_9,0.9928967983215186
1426_1,0.06525533827606518
5482_8,0.8984533205428595
7605_2,0.004428882338476237
10249_1,0.009710774088953579
2466_1,0.6885202410639498
4055_1,0.06659884750954688
9839_8,0.5684203419888416
3953_9,0.9833854904925662
6563_4,0.05399050821404351
10776_4,0.26979803995842444
7596_2,0.011764008507372654
10490_9,0.9962473191495831
3800_1,0.02578153374003633
10669_1,0.13080604574209134
6276_8,0.7362114812470107
3110_1,0.030774610283273874
12434_1,0.00727528622419403
10189_1,0.04110838521950492
10639_4,0.013879748354704584
7734_1,0.38383242359771935
8763_4,0.31718232462944657
2702_1,0.12401281692906341
10179_1,0.0469234735706208
2317_7,0.4001000706071607
4677_8,0.9978865854039869
11805_7,0.8298701320926031
1339_2,0.23065439643452829
9919_4,0.2160472477589834
1425_8,0.4237784277263133
3926_7,0.9282728678907228
12395_10,0.9644355458288468
6284_4,0.11209340319915169
11069_1,0.20006384136119795
4998_10,0.9901105921358702
8055_2,0.108459037530315
9179_3,0.09943753159609493
11577_10,0.16024031384246765
1480_1,0.06051155681518151
4561_10,0.938148160535969
4698_10,0.9894541011469372
9312_1,1.8294310701601794e-05
6561_4,0.15278249148025821
8353_10,0.999950037812259
11580_3,0.017638391778596982
10536_2,0.7648358648663123
957_10,0.9475587697747193
1768_8,0.8998330516358745
12197_1,0.0005557814324839655
11459_10,0.8013138126559023
2271_3,0.410024246282413
6973_1,0.025845521747536942
4199_8,0.9606996735701523
6582_8,0.04654602958397337
5843_1,0.007378874308837365
4140_9,0.40833250227646517
11105_3,0.009240016024626364
2395_3,0.13384721971179012
10715_9,0.878758660958203
6611_7,0.9901191181421211
2043_7,0.9712457214734551
2884_9,0.9190275250500514
4946_8,0.9134340133545488
9642_7,0.8321290638890312
5211_1,0.1356779048633581
10661_9,0.9972490414678379
4368_10,0.5303188947811421
12086_4,0.3772034266834789
6465_8,0.9572120877968503
4706_1,0.0023457481556587627
4694_10,0.29849356773396885
12150_10,0.8396047359628146
208_3,0.4099403134498724
2587_3,0.004038577350641413
2804_3,0.6618582700269467
2837_3,0.1608346479030982
11070_1,0.014811882550777308
11909_4,0.10200471396263777
9945_10,0.8994881076304081
9281_9,0.7746703533110654
8458_2,0.28996874059167566
9882_2,0.0010051316733494255
172_7,0.814873999511954
7632_2,0.0011321727377640541
12246_9,0.998347825213014
3889_1,0.02055661518598984
11140_4,0.07077090776568111
5240_9,0.8940052002885337
7965_4,0.654031425946187
3387_3,0.005064255421635868
10817_4,0.0030054285010806914
3332_10,0.7817058311812872
1156_9,0.9754446254567762
6585_1,0.005111321257939244
7931_3,0.00969373003287161
8268_4,0.008373528907902997
6443_10,0.5853062198150295
373_10,0.8760507576082112
5912_4,0.18274495803070454
11475_7,0.6332691628921409
10738_4,0.6166195290309625
11175_10,0.9966711952143809
9008_2,0.5333835276070154
2218_3,0.19558377447758446
585_10,0.9652970453738744
3448_2,0.22923945976552157
3860_8,0.943530382924421
8335_7,0.8667973267308272
1907_1,0.016884369199601137
9169_9,0.7218438544515744
10375_8,0.9985930410473081
10432_4,0.42037758539835496
11399_1,0.4334548911685548
3430_7,0.9627055313249125
2859_4,0.028732589974627718
3899_10,0.9996147621156842
9648_8,0.9783895475516889
9233_8,0.7331862783037856
10574_10,0.9809447954582596
3489_4,0.7713045504082839
8115_8,0.7787773214375022
11495_8,0.8754375803363675
6885_7,0.37453919586139145
1534_10,0.8651787112781086
11721_9,0.9583906514713955
11610_10,0.9123278503129998
2712_8,0.9534665007807348
3140_10,0.759397303317997
4880_10,0.991811212650155
1592_10,0.9999981250628356
425_10,0.2213155800219061
5798_1,0.00010254516644730444
2212_8,0.9877502436656038
2685_3,9.43169655494186e-05
9625_2,0.03578241393830877
8492_7,0.9120126376957399
4932_3,0.14987406643896575
1704_3,0.01431394754957022
301_4,0.025898511836225165
2599_10,0.946674776351441
2364_4,0.031699043599339435
2323_3,0.006101070693205071
1885_8,0.4344254491024522
1232_1,0.0052322736568959135
12055_1,0.0002880404547998334
2894_10,0.9992430284444132
5347_3,0.09527581473226406
1799_4,0.2707901794101523
7460_9,0.9433958076679863
8798_10,0.9938960013065055
2134_4,0.16782813136572622
2964_2,0.11969928884312726
345_3,0.12332185676177071
2670_8,0.7909888718812441
10282_10,0.9989613946351963
5587_8,0.8284520463100199
6115_2,0.0428201208335194
6974_1,0.05762259945027306
8500_10,0.8185215351975138
5073_8,0.7836521595160787
5291_8,0.9715224903178418
11728_7,0.9135947442239511
3207_4,0.023308732923470923
2553_8,0.6746281529877564
10896_10,0.9893792481788076
9321_2,0.25709670208273816
1484_4,0.0539373842132494
2106_2,0.2205616564179427
5487_4,0.02330452017691
4835_10,0.40589503544420374
1023_3,0.392184162282571
11524_10,0.9826470919870445
10672_7,0.7418417826414274
9769_3,0.010944536894295536
590_7,0.852403850849024
11530_3,0.00955348610944899
349_2,0.08189204452510822
2165_4,0.40564310112907775
1574_9,0.779152217779487
2792_1,0.0034814320037085825
980_2,0.016460574501835714
5745_7,0.26941403703613387
4323_7,0.7970851264478145
11569_7,0.7437429643218846
3637_1,0.08953030711243254
4511_1,0.15323195401790232
8404_10,0.7708821085813828
8947_4,0.2709757512704827
12317_10,0.9927591866913655
3927_4,0.544676149640618
461_8,0.9388113055661198
11651_2,0.00025478594594356
7697_4,0.10740170220928698
7799_10,0.8923752152886714
2111_8,0.9888673595029526
9745_7,0.9993243372435491
4419_4,0.42297573852865666
9337_4,0.7717944912254828
3908_10,0.9875666927657378
9211_3,0.1378826968804945
489_1,0.06524990015002184
9229_8,0.26092647585266965
381_1,0.0012531123077254185
1355_7,0.9585162773072925
12100_1,3.138964630267665e-07
6126_4,0.13709226427675558
8315_8,0.9941535526811685
7513_10,0.5832215378980389
5547_1,0.21994735637340604
8050_1,0.07473863184154954
7332_1,0.045437526966169005
9044_8,0.999512564993643
8491_1,0.3437621929700685
1919_8,0.998287591204689
4076_7,0.6799603649465688
9251_2,0.2241273239499637
7325_10,0.9991798852024842
177_8,0.8618416780912027
8104_4,0.021892492199709575
919_4,0.13428826797746152
9417_8,0.9834677607436478
9440_9,0.8537712477809727
11105_9,0.849233487398244
7670_10,0.9724010848624153
7404_8,0.5770825025714253
5120_2,0.06826416248365523
10153_1,0.1183387075648101
1763_10,0.9763253145528644
9316_4,0.3174698936577334
6396_8,0.9036177527219728
8865_10,0.9951622674805862
4552_8,0.38358545235708086
874_4,0.08326935477046987
6690_2,0.020486692619255904
11970_3,0.33240704733144066
1202_4,0.07363905692818684
6024_1,0.08567323905895395
10117_9,0.9175968020549388
9511_1,0.15541106835085744
2314_10,0.7496043143238084
6053_3,0.00023319105903967245
10165_2,0.3927437117942555
8410_2,0.06322817130355005
1457_1,0.40143096004620116
9651_3,0.0846368342031344
537_2,0.0003059562302969625
7191_3,0.9425846726582758
10258_8,0.9173862597672053
4774_8,0.6063496578696012
3560_8,0.33834614032364446
5960_1,0.003946067862700496
881_4,0.2622181482113626
2420_1,0.09445801082133866
4959_4,0.13655753451099742
7138_1,0.011730524190086184
9317_10,0.9738800374504635
5454_4,0.00013873495271349588
7450_9,0.5850807951034661
9679_10,0.6421449364396564
10988_3,0.24207035285367
2932_3,0.1982741793313002
10110_1,0.009628374217658053
9165_2,0.30856023525666015
11712_2,0.0020402439819265324
8979_1,0.03198902105795144
12426_3,0.035735470964757314
1630_7,0.9041822285530328
11990_10,0.7981550763485591
5395_10,0.999203158394398
896_1,0.06381923953346637
11463_9,0.9305984888054827
7096_1,0.027738732161087413
6198_10,0.6929717228529598
8141_10,0.9991089648916484
2650_10,0.8509211173629788
12337_9,0.9809237356312936
1995_10,0.44534407197686887
6349_1,0.4998269605256021
12270_2,0.0023175252854685633
12494_2,0.10230218427626815
7081_4,0.38695332044301883
3010_7,0.13907893150051764
2924_2,0.174798740145926
3185_10,0.9588013815719909
1377_2,0.8281823070839204
4858_3,0.137870740520165
4351_3,3.8770767406766866e-05
6865_2,0.13164679516308037
9527_3,0.07600312336744873
6223_7,0.999522591295471
11598_4,0.09274617358550187
10605_1,0.005925423548115861
4609_2,0.0006080421906419622
3736_7,0.9760989691203427
5615_1,0.07832180843109983
11109_7,0.9704167999808554
3924_3,0.11943048654886212
7452_1,0.6827762367672786
4288_8,0.13878792993664468
8825_2,0.19984920856326227
3168_7,0.9821298883589852
6407_1,0.01933660672713258
7016_3,0.14681979280003946
129_1,0.0001836235352706019
9808_3,0.045581597060370176
5620_10,0.7801965704584876
6404_10,0.962546263638473
10781_1,0.5214812494219164
2446_1,0.05979202299559518
2191_10,0.9280639583360216
10848_1,0.011873468340708111
11201_10,0.7859145485366674
6818_9,0.9756656288154584
4607_7,0.6489808907365658
2410_7,0.5988854651933011
9656_9,0.9993928196833409
7841_7,0.7775218823081733
11422_7,0.5376711378513818
7376_8,0.7446539467718173
10804_8,0.8691066792103602
11793_7,0.13386712682329546
509_7,0.7854758476372542
12459_10,0.540177492076978
354_10,0.9846826590824751
2740_10,0.8303970831584206
1469_1,0.0018984805731384789
9219_10,0.9856057540166288
7248_7,0.8662178196557098
5620_1,0.006953481050551937
12160_1,0.2367345452491423
6037_10,0.925868782759096
8338_1,2.236872489346862e-06
1954_1,0.030215303578889664
6996_9,0.7413775298719231
9888_8,0.9983481627778799
5470_7,0.890901484789217
11915_4,0.4743227932117374
7057_4,0.8476641856439966
10320_10,0.8984140582153834
4447_3,0.04880017488799869
9711_9,0.9585881979942478
5077_3,0.005714128310566099
10912_4,0.08415414432588163
3224_3,0.18569249258993042
9946_7,0.42000369448808705
10650_4,0.41376353286772455
9613_1,0.2743345877237235
4909_3,0.01039687727370619
5607_8,0.9316977163316825
3315_1,0.00985765456237998
9271_1,8.931024487937201e-05
4248_4,0.13590072321558855
5849_4,0.8121329201643681
3944_1,0.007532654564680196
3580_10,0.9717329329055249
4592_1,0.02809549420395536
6375_10,0.9797155129324526
5955_9,0.8313945026791397
11613_7,0.9821750129480107
8278_10,0.948225588315907
11339_9,0.9974476983952741
6813_2,0.5379995744911226
3747_3,0.02157192556979397
5916_1,0.0017008341009189221
3298_1,0.05060543211951289
11303_1,0.005690860768961824
5758_7,0.8928532029018741
11652_9,0.9993289351655099
8748_2,0.2609715566098713
11092_2,0.0009126322862333903
8729_8,0.9930563677372802
6332_4,0.0862614885100946
3700_10,0.995672287194799
10507_2,0.0029670336558209644
2287_4,0.0011783749809656015
10549_10,0.9986903425126779
3005_10,0.998107634600857
5657_1,0.11568835915930421
873_8,0.9733045938080364
2274_1,0.10976070091126745
3208_4,0.3558993537666386
2663_10,0.9357140954787593
8134_7,0.013647860563605936
7443_1,0.712195466473595
7507_8,0.8212119906537014
1423_1,0.02243965217554641
4014_1,0.01032028121036485
9662_1,0.000750858449996639
2512_9,0.986152996629378
8415_2,0.32911130329707616
7672_3,0.032082219109910666
5925_1,0.0009887354130725693
2654_2,0.010001681424733474
1780_10,0.35362273333591293
8813_9,0.9832135082406953
9378_7,0.7641921472863729
12120_3,0.008003370465761314
8985_7,0.9408238985208149
5771_3,9.171495598708975e-05
7305_10,0.9998675919262869
8681_4,0.033081778993720064
7415_10,0.8632353773125856
9346_8,0.9516167354797397
9750_3,0.1206798217521231
9083_9,0.9662685836564349
12255_2,0.005954302264821251
5035_1,0.050223800478858306
12384_10,0.14756563159481878
8381_4,0.04546450814914307
825_1,0.055233671683503856
2034_1,0.020692951427046122
439_10,0.9999522650121211
5753_10,0.8018419542485546
10370_10,0.8330667019006117
3395_2,0.05515195525766379
8101_2,0.20153133001608434
7885_1,0.057082731255457264
3266_2,0.4896464715820472
4623_4,0.01917816656557287
8123_9,0.13105815117046224
1787_1,0.0015449329413223828
4001_4,0.3089004809258858
3530_2,0.012626953543948365
684_1,0.0001943646598283898
744_10,0.4942695551872706
8439_7,0.6688885660753973
8678_9,0.5142081207070766
11851_8,0.724671739544665
1237_2,0.48521977994042365
4557_3,0.010319704679236902
1847_10,0.9954364645624991
4002_1,0.003575841334047426
1620_1,0.7587157062127584
549_10,0.804399801546808
4984_4,0.5281594130887322
4673_8,0.006627010178142898
1373_1,0.07332937198262862
6927_1,0.39360482144011244
9201_2,0.30461347240158826
4293_7,0.8376749661404016
826_3,0.10039837962908144
6337_1,0.0024740423373314662
9978_9,0.9924871231649456
11379_10,0.9967729337589861
3874_1,0.023590537984277272
9943_1,0.007610107075897434
7236_4,0.1290703591362438
7816_1,0.0013371753661350293
3849_8,0.9993656301265829
1167_10,0.9585709288781261
9667_3,0.06693041659397794
2506_1,2.7192016077580656e-05
1372_10,0.7619175097955917
6788_9,0.9462599774861065
4792_2,0.014443474649267068
7909_2,0.25173821519331585
2213_2,0.009403221634308642
434_1,6.98294257622278e-05
9245_1,0.006307287750771296
5822_10,0.9951400562065418
5406_1,0.16495793322750035
2011_1,0.007700028192612939
6805_10,0.9979424177124359
2557_2,0.002827151075392175
4343_1,0.10146060204870057
1493_4,0.38000028237168587
947_8,0.03707501587624725
9494_7,0.13094684216772595
10228_10,0.5404674323605938
707_10,0.9798182044780267
2018_10,0.968289754785947
11093_10,0.9211010713001208
11113_10,0.9433012600635419
11596_1,0.03832019631848813
7453_1,0.0005305176899566141
9045_8,0.9982901052383195
12264_7,0.9799251188778815
7271_9,0.9987024144548692
4560_1,0.37062517012143087
11223_1,0.0006419520781220325
3939_7,0.9265956937431038
2714_2,0.07874094051698757
1940_9,0.5083054355577393
3640_10,0.9643300964776736
1724_1,0.12253362558489977
5383_3,0.15936745316680384
7323_10,0.8059122932360864
7345_4,0.008078660977081709
775_9,0.9989479882671732
11995_1,0.00010162503562299693
400_10,0.9988092756051186
10279_4,0.49870170674525577
673_8,0.4493589149662196
4168_10,0.9396503422240684
11761_7,0.956737464497544
491_9,0.9907074684187289
11472_1,0.0013737602356503292
10045_7,0.9199864551361915
9449_4,0.16890866531291668
12496_3,0.0016417348276997438
12422_1,0.005384679576025627
8159_4,0.2801112000137916
8668_8,0.5723568555585081
7572_10,0.7050864906771632
6696_9,0.8421629732999004
64_10,0.968212425939877
2715_1,0.09623491992880467
9333_4,0.3919761083819492
3722_10,0.9762970576682104
5692_8,0.9027106831720133
10074_7,0.8357131672327697
1717_3,0.0331763451248939
825_8,0.9869492545768705
7796_10,0.9999955786055528
5550_3,0.13581421729701473
6114_10,0.966814379468009
4440_8,0.8077455787709162
9616_4,0.0372725874689806
12090_8,0.9140397706886076
10728_1,0.0363441711131036
4419_10,0.9977243509583671
282_1,0.6145627652398759
4825_9,0.9500686086165858
91_10,0.989664613447806
10399_2,0.010527267033201467
6773_4,0.06204837513888469
1364_10,0.9316774526230545
2806_9,0.986641329723339
4520_2,0.13695382389742
8211_9,0.9791029773546486
3594_2,0.07090465566363793
11353_4,0.48310045721602574
307_1,0.05134862256525969
10963_4,0.1931284968164203
4023_7,0.4841378438878895
11450_10,0.9866864669185388
3567_4,0.5545446544436807
4751_7,0.7804072966915304
9798_2,0.012263528841956462
1864_8,0.9984203831652919
3168_2,0.1727824777276794
6506_2,0.2303593344290134
12484_2,0.0888635196678826
11999_8,0.3600129732540508
3571_3,0.0008411560645097166
147_10,0.8736230714733764
6691_9,0.9257224009142349
11295_8,0.9666068503554852
9344_10,0.9990244524362248
9513_2,0.0463760842286868
11066_7,0.9012078180530548
4330_8,0.9769525420892454
5194_10,0.737480773922013
11676_1,0.008044610719783766
4587_1,0.005544425672635613
11964_4,0.06051864499429015
12456_1,0.0014474897758746759
6054_10,0.946914879205803
2140_7,0.20046464872220807
1388_1,0.13667291848253968
10681_2,2.9700713881580427e-05
4614_8,0.9988926144101881
2604_7,0.5465101177036663
4234_1,0.1460740567074075
4261_8,0.27140222227777955
4907_8,0.9535368673875894
4134_4,0.157669374876367
4125_8,0.9975055873200749
3795_9,0.972045764175036
1356_4,0.179584507806615
10711_2,0.1684522610321785
4728_7,0.9126685221843267
8254_8,0.6634653191592663
10769_2,0.06957454524120438
7185_8,0.9627662919081453
2842_9,0.8959901326659496
4565_1,0.04654819516699867
3030_9,0.9080790780457021
2997_1,0.09583929320991791
1311_9,0.6454909594338202
12499_10,0.971932944634242
9830_10,0.8426130617399546
1774_4,0.045313948886103
6676_10,0.9999999071926093
6502_9,0.9279148705528417
1521_1,0.46235725976599784
4253_1,0.05862040704211056
2775_2,0.0022320852089980085
7324_4,0.0031488424364363374
1207_4,0.6059274763699601
9903_7,0.9799500484633535
3195_2,0.056203504380903
9213_10,0.9984896470049784
7751_1,0.005276090383651683
1616_8,0.9795451954884986
1482_10,0.7871561751279172
6772_7,0.34279346460286575
2008_10,0.9911247883516061
6799_4,0.16366674825962596
5004_9,0.9594347765435669
3487_2,0.0016605446764949767
10892_4,0.3859138369262561
10839_4,0.032961046129827
922_8,0.881167775765602
4163_1,0.0028765868999826895
10738_8,0.6838895766329344
10678_7,0.9790204367749508
5892_10,0.6719474700952222
6202_1,6.358596538480285e-07
5792_10,0.9986955818240016
12161_4,0.5599206697947522
1097_9,0.9143484050481813
2930_3,0.5807369791642475
4087_3,0.28816727650978435
11875_3,0.07010185010263346
11770_4,0.20921171230899677
847_7,0.806517048260496
10620_9,0.9737547459143279
1455_10,0.9864050241831009
12294_1,0.002017721241515474
5653_10,0.5199421306885434
1874_9,0.8710722274654968
10487_3,0.1641392658401848
22_3,0.23263032010267112
2760_1,0.051178799008569684
9822_7,0.07332223670741284
1068_10,0.9750089143721095
11117_1,2.885716397591998e-05
10409_2,0.9342827473806522
1877_7,0.14049842288710201
7347_1,0.04177905511422661
4231_1,0.3945506027394874
1122_1,0.04142450632468843
933_3,0.6036630432921557
11883_4,0.0570727291576967
8386_10,0.5317507237476131
12297_7,0.7300991321368444
11847_8,0.9891487724043518
5511_1,0.309388193872767
9587_2,0.25992708026618205
10027_8,0.749662023775852
7210_4,0.05551871166449685
2490_9,0.5097966455218883
4889_10,0.9986811063775893
8192_9,0.9983339181604522
12133_1,0.37655465945682737
2098_1,0.0004483629727440647
2941_9,0.9691326767670151
5742_3,0.013443063096390945
10645_4,0.004118663427904477
1162_10,0.99991862786718
4383_10,0.9875317899052788
5325_8,0.9087190110041878
1324_1,0.02378457080924497
1374_1,0.2719114400507617
116_10,0.12237548095317785
2898_10,0.5543629231052111
8799_10,0.8311973641270721
6654_10,0.9906402683032977
8630_1,0.011861455187450591
3452_7,0.9657198347489486
3609_8,0.6612197913932082
4740_1,0.006247483897567768
8368_10,0.9977173033948282
11960_7,0.8004370452227747
3583_10,0.9785465436853656
1581_8,0.24298828558485336
1378_1,0.45329800694894834
968_2,0.023039900149581644
4524_1,0.00014790454986255718
5036_8,0.9955135269076676
12287_3,0.0005465802126312721
9236_10,0.8029336596094182
5447_3,0.1572404129639039
11016_1,0.0006039409322777423
1935_3,0.022074744649107754
5300_7,0.9544186760755159
7775_2,0.33123266352520336
4398_3,0.38988518088316565
5692_2,0.003129789825689835
3517_8,0.9750065469007401
6007_1,0.04593412340137194
10127_2,0.002771672493434987
6614_10,0.9838163832031251
2767_10,0.8359937804097892
3187_2,0.11117919775696568
6473_10,0.7912848432884414
12263_1,0.00014565981968426046
10838_2,0.09260638017618136
7367_9,0.756417440331647
8873_10,0.4923115803887893
6016_1,0.22971744433353875
10363_7,0.2142497664115776
3541_2,0.01069120348966852
6416_10,0.9352442964934414
4538_10,0.783263809727323
56_3,0.07274632620349257
7946_8,0.9868212597800777
6003_4,0.1311369074822762
974_4,0.009343962722969407
11651_9,0.9983033293127898
10283_1,0.5186942363360573
12334_2,0.6101965781093559
972_1,0.4434566337580256
1513_8,0.6273863172908222
6141_3,0.08242506192349622
4195_7,0.7156732717753769
10176_9,0.99977052137013
1918_2,1.2583616498223453e-05
12117_1,0.4428480331678511
7567_1,0.03979765506766859
2949_10,0.9969128976898586
11937_9,0.9864983323584029
8513_2,0.428666804434114
3913_8,0.07849704599254924
1310_8,0.8155356434765029
10461_10,0.9983219098922899
3309_8,0.5677318495456523
862_9,0.9831964721526958
4040_2,1.4267361429739716e-05
78_8,0.7479203326168722
3491_7,0.012655728424142268
10862_9,0.9677869569326034
4763_7,0.57408411456233
7421_1,0.18242706313706997
5350_1,0.5357944013985618
11491_10,0.9881932785389624
9975_4,0.25370297363171035
10123_10,0.9690858268111514
11573_1,0.010389639428245195
2337_9,0.9682781670396864
251_8,0.9584617055152382
1942_1,0.004098501147907546
2940_7,0.8826477484879297
4342_7,0.3231440884953818
11250_2,0.00580729349448169
4224_1,0.15901975072546792
10106_10,0.3575796671495635
7764_2,0.7291751496951606
937_10,0.9802848983573533
3112_10,0.9484471045417106
9922_8,0.8671390244443741
3259_7,0.8372785408478353
7828_1,0.00011295589908971252
4031_7,0.7432504859850548
1277_7,0.8881936260692687
3162_2,0.08944081508124768
7_9,0.9303938727006233
1832_4,0.1861412551029814
10997_1,0.29890605856087665
10572_10,0.9862552758323591
12194_1,0.0069161250469668535
4648_10,0.5805787973951125
7207_9,0.24696084581281808
11000_7,0.8764984333124203
4943_2,0.0006840906998906362
10601_10,0.884928556820647
4731_1,0.8268585698473099
9272_8,0.3037636337904257
11551_1,0.0005004717371042043
9074_3,0.03167632171452161
2486_3,0.676664669291836
618_1,0.1058529959071319
8683_8,0.9761605264030375
2618_10,0.2696608170632305
8471_9,0.9360846077048786
6394_4,0.010426524057780885
6456_2,0.521457407278408
3195_8,0.8758425496825012
4188_1,0.011203236073419656
3985_10,0.9997718975727229
7099_10,0.39968320353826337
1558_2,5.1391927447603637e-05
2877_8,0.2894058773862517
3928_1,0.012016904390497745
7206_3,0.006351079098490083
8088_10,0.9143610106607309
8167_10,0.9663572761217044
8590_8,0.9817660652769421
6973_7,0.5045664072470516
4974_7,0.9494203771362831
10151_1,0.07860427935268613
5268_4,0.0007413349659928312
5258_7,0.9941662838733115
1478_8,0.6518008286566173
5094_10,0.9999973308411093
10126_4,0.30851258678834165
9357_2,0.2513238576431169
7750_3,0.5237304139244566
11628_3,0.4326551909267651
9124_7,0.9395429496918938
1802_7,0.9372607242329195
4820_4,0.06122868050042852
10019_8,0.9876299665108582
154_9,0.981727885457728
5049_4,7.285585779270659e-06
4372_1,0.0018803492477686631
7807_10,0.9413297025390739
5127_10,0.6744046861022647
11480_2,0.03808459857144036
10145_1,0.04062523643619809
7090_10,0.9434942999292729
1288_1,0.10036459519992252
11316_2,0.0324124116413088
8428_9,0.250253131923848
1843_9,0.8844103940499137
1916_1,0.002750732720285046
2657_2,0.009345719832421235
10504_1,0.0009684033952611949
11621_3,0.2310036734166975
10148_1,0.001635146330786675
3339_4,0.13021917773828945
8202_2,0.0736618646582456
7796_1,0.006302755103818568
4625_2,0.030225024362618893
11859_4,0.6309922449431202
8261_1,0.005401598127885754
4670_3,0.16439404440147518
8412_10,0.9766126512672599
1010_1,0.248216828308435
436_10,0.9960540074265675
9351_7,0.30311743361087173
3767_8,0.7970471668369361
4794_1,0.00010715356676159418
8447_10,0.2633680339695322
6182_2,0.753811228254647
8754_3,0.9544297666252208
2709_3,0.00545286797573036
5882_9,0.9999510040555663
6916_3,0.35214095689057345
11886_1,0.13624423315498835
123_4,0.9908898624881587
2827_9,0.9913088477143193
11440_8,0.8325252067254538
4100_8,0.6978273642706843
11645_1,0.2576309736457599
7949_10,0.9981345794366516
2017_1,0.046286798835058464
3451_7,0.9999578912891027
10986_10,0.7918454545411179
1541_2,0.7750759906287089
12336_7,0.3592549329310651
9787_1,0.009909816959779551
5282_10,0.9995185618640816
9568_4,0.2585879092939601
8222_1,0.24261886454622422
5415_9,0.977673936254831
8485_8,0.5736635896582315
6449_1,0.00985500418160644
466_1,0.05425462280946523
11997_1,0.27206024603579154
6144_10,0.9824863712398847
3309_4,0.182789728349696
8655_1,0.026652656248133903
10141_1,0.16744604741437635
7469_10,0.7073314168528655
4445_10,0.6429589353882291
6651_7,0.5027024992087482
6711_7,0.28127096277988317
3329_4,0.13944745789085894
8000_10,0.49715331287439013
2279_8,0.8915171135686231
5012_7,0.8350628000600878
2437_3,0.18278636677972834
505_9,0.8443436414547795
9070_10,0.7613314781600671
1234_3,0.010959033141215789
4880_1,0.05520061172299989
3981_4,0.05638488366545625
134_1,0.005965220264422452
3211_10,0.9880918561156745
2559_10,0.7913342277435186
4512_3,0.04587776254509244
5957_1,0.000354977508283341
11626_9,0.9989707751930275
915_10,0.9964260820967877
5569_10,0.7648791807088036
12396_9,0.9090920122376731
6494_2,0.08271170569667598
3262_1,1.5318831979044483e-05
3916_10,0.8064216927234332
787_1,0.08238125462991921
11092_9,0.9799844142386538
2818_10,0.9905940700587854
5271_2,0.3949916477753295
4057_7,0.9898107647455439
5042_1,0.02902298536943754
1204_1,0.019142170993392948
3651_2,0.04881482430564996
11763_8,0.9989328201079027
7766_10,0.9747471319327261
3498_1,0.0017324624622702953
11578_10,0.9968600339277722
3691_1,0.3458170180091027
11947_10,0.8967208325266979
11475_2,0.016324721913921147
8568_9,0.5768563480371699
8247_2,0.07589914218988235
9544_7,0.5104470794523338
9753_8,0.22378105342043447
6824_7,0.6426031876267018
2799_1,0.030048056918129666
10459_1,0.09721970161184211
1894_10,0.4848178093171394
9726_7,0.6330099293976383
10923_1,0.004927092995823865
7946_3,0.28161860795000376
7509_10,0.9900729475299582
3273_9,0.44929833771709227
2716_3,0.4268287429969666
4622_1,0.0009472587928971322
1204_8,0.8734136871730974
71_4,0.14448913625201545
6508_9,0.9464155046046425
7819_10,0.9995802894928102
695_10,0.47219139485080497
10844_10,0.9982670002870653
2413_1,0.6796218939820303
8768_1,0.00037315376197430324
4536_10,0.9941364538200759
2576_9,0.9982230861374951
4473_2,0.18487236633156628
65_2,0.5825531906864997
6114_2,0.33572372146290286
7458_1,1.1561394925317973e-06
10815_2,0.10056854266589121
8344_1,0.00043189509847658427
1975_9,0.431396347373539
1659_1,0.006593375364559217
11030_10,0.9870976294019027
5405_7,0.6615666956444263
2539_3,0.4136179794654211
6565_8,0.799107214419912
1826_10,0.9980994863408216
2577_8,0.7552105480082708
6032_7,0.5348484883366027
3146_9,0.9981181151478392
798_1,0.0025991395168250228
63_10,0.11562207578588793
11819_10,0.9651338047863465
2905_7,0.4465010822418734
2716_10,0.9829867556179719
1717_10,0.8691064430243689
1036_3,0.253399255922763
11583_10,0.9537824722623349
962_9,0.9875237955137286
10203_2,0.001107744504255406
12225_1,8.944536791880381e-06
10322_9,0.4241183080305889
7601_2,0.7626094040502777
1675_4,0.8312230948278438
8235_3,0.0014774692071938048
680_2,0.17422021016537653
5208_3,0.04934451866358389
10678_2,0.8820304955687936
6072_10,0.7186532684349615
1216_1,0.007223652026041049
11434_1,1.3695140699641974e-06
12480_8,0.9754084504985386
8844_10,0.5588096120908457
10506_1,0.00031146661121616355
9766_3,0.9112541470072142
7804_4,0.3618695807097132
44_4,0.0015020591514396137
11226_1,0.004859391776216097
11378_2,0.4671724937270281
7805_1,0.0023234705027280153
4692_10,0.18492709891967848
2928_9,0.39276121251677415
8785_10,0.9920900098185277
3083_8,0.8734780230177097
626_10,0.9976562677203505
9228_10,0.73054912941307
66_10,0.9955089057725489
3824_3,0.9984732976255791
7115_8,0.8678491984176832
11893_10,0.9990593951229163
1628_1,0.01766822659970409
2236_4,0.21925584801465461
2032_1,0.0013047223286322411
6613_10,0.889539019130748
1582_8,0.10930339790175499
304_2,0.00018384281821413512
2441_10,0.9927486801779446
12437_1,0.005210553818516498
9822_1,0.003330725832200681
10481_3,0.6758949391357786
9193_10,0.8520446880663918
3233_9,0.9845837304771943
7430_8,0.9994523905049522
10049_1,0.00041166912600012557
6384_10,0.9761322488991413
3993_9,0.9343023177806586
4545_2,0.023032368627992954
11500_4,0.12124411099810688
12127_10,0.9974970191776545
7277_2,0.007987503606505034
8927_3,0.04834394186766123
5970_9,0.3747856519512438
12115_4,0.0117194396102881
6132_10,0.999416035501006
4178_9,0.9714770494025863
11453_7,0.11835857280533024
6569_9,0.8498384658062569
3924_7,0.31653921102883337
6425_1,0.00017277525983228645
1141_1,0.03579334827101169
3366_2,0.041471920554210694
6700_7,0.9803802851831624
7948_8,0.8305412496084236
2750_8,0.993454574122547
11326_1,0.11928124596491607
231_8,0.9627441972117857
8941_8,0.9733067268580744
8304_7,0.25066497097699947
12179_2,0.6382671203472737
3808_1,0.037768376653160414
2710_1,0.0010659999416242109
4833_1,0.027911914856726523
10405_7,0.8914344522895521
449_9,0.9554200155642267
7259_10,0.8237519354392788
8513_10,0.8998584848104407
801_8,0.9829482573284318
11322_8,0.9515798982018181
8417_9,0.8931962992104754
7059_8,0.3417115649996847
681_3,0.025136776243996718
3135_9,0.8915327933299126
7172_3,0.03110657208890868
11061_10,0.9739319936630836
9555_9,0.8783806918003688
1331_1,6.301245271430882e-09
9155_3,6.722439150889015e-05
8765_8,0.9673479301355383
4714_8,0.9358481656035639
7593_9,0.9877550567415542
7769_1,0.010802926316154877
5016_8,0.4562019950847348
11917_2,0.0683462619284128
3311_8,0.24747187001359205
6784_4,0.9427505331914593
6685_7,0.8864497359800759
1232_8,0.9508467732090241
765_2,0.15158641356304994
6159_2,0.0014596284446782215
12037_3,0.028830499509509142
60_8,0.8658917652577948
6138_10,0.948290072387822
4759_4,0.08749770828670152
631_10,0.9973748243308852
5993_10,0.9914536020210287
2751_10,0.9982843526366266
7234_1,0.3116734455011739
7966_3,0.03233048976608439
296_4,0.5203206447061487
8252_4,0.5658512256680162
10333_1,0.0012262323484016286
5950_10,0.4018530170556861
2735_9,0.9279508599181009
900_1,0.0024269746234108673
2350_3,0.03253907008429452
1457_10,0.7360696318505247
10226_10,0.9333771490658946
9198_7,0.9519050422828516
1072_2,0.03941273102374823
8332_10,0.9942333836458624
6264_8,0.9982805773978387
1092_9,0.9724736966714582
11888_10,0.8125873157864437
11702_8,0.6490101297573797
8704_1,0.09513712584698107
11458_10,0.7263564767920735
8218_9,0.6764441552773957
3739_8,0.9586612448819938
4787_3,0.6050986484775919
12097_10,0.6601664440125745
7894_1,0.0005553706934235241
11601_2,0.004311186715486995
4417_1,0.6554944981641322
11108_10,0.9907124767526235
5673_8,0.8332883201177912
481_2,0.057642154736121665
6892_2,0.008424171285298402
5203_1,0.24549822684038416
18_1,0.1081534768315934
5488_8,0.8478324704811222
750_7,0.7669970777440973
1478_4,0.09411846201621726
11340_2,0.008410077667697132
8735_3,0.076990510769419
7404_3,0.5115733275874991
5681_2,0.007493431686524353
5863_10,0.2267177341404704
602_1,0.00011501616774225052
9474_7,0.8449514419237488
12075_3,0.052112168650666243
1148_8,0.7058866511927607
2192_4,0.42950177062121786
1394_1,0.0004120415384728736
2643_3,0.1332757710214346
8214_7,0.84764128016546
6728_1,0.03732388754577162
5397_8,0.8458316524563763
7056_7,0.9392636513834091
2669_3,0.001940465337970933
10713_10,0.9919841627608468
1349_4,0.4161865247118239
3254_1,6.257198835081934e-08
9717_10,0.9834658614005574
11358_4,0.030103067570384213
12262_1,0.0005229221928445531
1332_1,7.5561112712007e-05
6116_2,0.007925048883446039
6324_3,0.04674985489634597
10808_8,0.4219979014002184
11632_4,0.009253535368432849
2881_3,0.13431948360925133
3524_1,0.0009097228004398457
10503_8,0.2832568187345805
11525_1,1.7330165344126996e-05
9973_4,0.0028579778330994265
9804_1,1.2000707435274698e-07
1865_8,0.5214751569018823
8001_9,0.9965969444517857
5776_8,0.5067060939503429
11848_10,0.9848497742433729
4809_3,0.09567374573187393
841_9,0.9514356203173657
227_10,0.9440760015313546
1833_9,0.9990153481562796
9471_10,0.9983962743922878
960_3,0.07567724887465398
10763_1,0.05238530966992626
1330_1,0.0003601609490765258
326_9,0.975141000098814
3392_10,0.9887533404391289
5883_2,0.11428159928766567
12168_1,4.3278509123014155e-05
7525_10,0.9674714537076663
10578_1,0.1484798528950701
9173_3,0.022580645678137955
7214_2,0.21580677470839077
7163_10,0.9950673948048461
5177_8,0.7829658425065733
3372_7,0.7939534359663264
6041_8,0.40687408584335755
1590_10,0.9965989736475582
31_10,0.5404562063762529
2533_8,0.9899174043481875
7927_10,0.8596513520259803
5037_2,0.10120052295973211
6046_2,0.4232153820373738
2099_3,0.19313556514991262
133_1,0.23274401194358338
205_2,0.11471845044749622
374_9,0.979706556112825
8944_10,0.9386927378573782
799_4,0.35958850697906436
8832_9,0.7062233118031324
3836_10,0.9908645852788773
2940_1,0.05807926503517889
946_1,0.6505780990353351
9310_1,0.006917531978965764
5853_8,0.4645107706991917
10852_9,0.898396996671758
4061_4,0.4961379203385811
10301_10,0.9663854945323677
11104_3,0.0015158328652985255
9339_3,0.35660284924403435
537_10,0.999121689410464
8661_7,0.5804808427869457
9381_4,0.24224522086847378
12473_3,0.007672698198970929
5140_8,0.981531056676525
4624_4,0.008408020516666743
9156_3,0.7141503547773974
5980_2,0.034707456888759494
5920_7,0.9446427125124578
4013_1,0.023498746644718353
11879_2,0.011108336002263927
1317_10,0.978049536252679
4647_10,0.9821251385166793
2550_1,0.0012460911154463582
641_8,0.36053957374956547
10069_10,0.9772765999042613
12215_10,0.8845227841033039
6293_10,0.974109810468791
1416_7,0.9899639111249181
8561_9,0.8969475323217847
1981_10,0.9256982319970196
1667_2,0.36418017700658817
9680_1,0.009488774886483644
888_1,0.0007122265649840471
2202_4,0.07710333926881066
8835_2,0.12649989398577327
9340_3,0.1011289641678605
8742_10,0.7061985811294048
1892_2,0.008971713103982556
11940_10,0.6861201917530524
5976_2,0.006942171857495714
5430_8,0.981306113281895
9125_9,0.9669207124440004
5217_8,0.8352494822559069
5257_10,0.9422947903335962
5487_8,0.7867058872577296
10815_8,0.9550766100594211
12438_1,0.00049727397240979
11433_3,0.5370888831197179
11570_1,0.6376537866348987
11880_10,0.7968789832357365
1983_3,0.4139842447396122
2916_1,0.021107988190007785
8119_10,0.9997621726706001
10960_2,0.19810776867744379
2798_2,0.0016090799220577733
2797_1,0.3492866026099033
9931_4,0.6177015532529623
6244_10,0.9006723404328643
8361_2,0.011405711736187017
7098_10,0.7542211106624456
9107_10,0.9870097354643191
9860_10,0.8461410350811958
10252_1,0.0005826811180642886
12015_8,0.9597442950520697
2696_4,0.4053521618453332
9301_8,0.8774459505967395
799_7,0.20444680809193008
9411_7,0.9704807596185493
4172_1,0.0011944820508853653
8008_10,0.9948445357309538
11436_1,0.00012097586836772849
3464_10,0.983740659419762
5826_3,0.015399117913497188
5460_4,0.027147022822521696
8920_3,0.2417732570070006
1465_3,0.034547550870834616
7571_1,0.00021565363293967458
3416_10,0.9797120495297456
11088_7,0.9124253192876443
7007_10,0.9874212746421881
11317_7,0.9733130057344644
11639_7,0.8756755757876424
1871_10,0.9927896068487859
1551_7,0.9860829200359009
4089_4,0.026142343175369356
8145_9,0.9960026201306967
1243_7,0.9996761967856209
9082_8,0.8287105993377966
11807_8,0.09612418472913753
6154_10,0.9917194139861218
2082_8,0.9215263166890778
9142_4,0.5788260989505413
6126_8,0.5890220154617303
9774_1,0.03495793741022454
5137_10,0.7642484931319076
11085_1,0.00010647260748313376
4541_1,0.0008613030677775109
10478_10,0.9991131245600328
8479_3,0.2725297289794097
11220_1,0.111812827425344
0_10,0.9765509898677641
5235_8,0.917494433422748
457_2,0.09043208696455683
6784_7,0.8195187592346047
11527_10,0.9490623562150121
5935_7,0.9219766274323028
3697_10,0.9961762006148251
8318_10,0.9983907136730406
6770_8,0.773317059876085
11760_7,0.828818449581873
10344_9,0.9981466133958812
12363_4,0.9693807795394063
2233_2,0.04422030697220283
12184_10,0.9992581858198026
4668_8,0.06381159402072728
2293_4,0.0735972448073444
5886_8,0.9896768526896319
8403_4,0.4639594393853188
2493_3,0.03385497836811697
7224_2,0.003977313964019319
7753_10,0.712582774600367
476_9,0.5950051773590028
3760_7,0.2093238051222288
8371_1,0.011915553056430288
2541_10,0.6438386603051617
12052_2,0.006361844256314075
2320_1,0.044719350095009915
5598_8,0.6194691496818309
12342_1,0.0003682344247932503
7391_9,0.6828432253827673
2615_1,0.019502440024894596
11251_4,0.1375152571680215
9946_2,0.03339959573067223
10571_10,0.5773548575673273
3984_1,0.011097623414640313
4633_10,0.9932243429659132
548_10,0.9607351538015009
1732_1,0.0015002414972695348
3559_7,0.9728687426139884
10212_7,0.4615748356524912
8950_7,0.7971060242265846
8157_10,0.9975607686781018
5986_9,0.9996099659992532
10263_7,0.7251957640976144
2168_10,0.9970130099944635
4424_4,0.09383399504793924
6944_10,0.4708598025041936
11467_7,0.8575636787976495
3630_8,0.5265555868188745
2405_1,0.03172570661314643
7517_1,0.62329579971005
8116_10,0.4713668815708494
5368_4,0.1983572083961867
2045_1,0.009488229339357421
11303_8,0.9879552216450201
11077_2,0.019998873063210222
6314_10,0.9740396745334026
12137_4,0.1499506691806095
12180_1,0.006325202677981537
6403_10,0.9944371781679534
2019_1,0.0005114225616047729
7921_7,0.8469220449328294
3977_10,0.971269158814638
11277_9,0.44719437843169135
8398_1,0.0017869314586160486
1429_3,0.21323763476879273
9628_4,0.4438869808663264
2472_3,0.5811567773155359
5811_4,0.6811917386456485
11663_3,1.2682160670301192e-05
3153_1,0.005049120545928847
11881_2,0.003432916597485979
767_7,0.9430386272386178
12243_10,0.9992819185454586
10969_8,0.9827437990443498
8689_10,0.7399241672434732
1854_10,0.9948532865355261
12392_4,0.010781779752230396
6627_2,0.000220209957089852
6819_10,0.997891903320925
1587_9,0.7041295181391214
6999_10,0.8976048207367215
9128_1,0.8234123611528218
7141_1,0.23076168143778542
4485_8,0.9893980193754757
7368_7,0.5999752514946269
7698_4,0.9017391639536886
8376_3,0.09738699878633872
1862_1,0.014070957404703157
11217_9,0.8595744624720938
5179_4,0.20216538043642293
6524_3,0.09335446277781817
11877_10,0.9776832963142911
6055_10,0.9940570691046448
9372_1,0.005452670077409094
8029_1,0.08605096382814936
9546_10,0.12097051922539419
5514_10,0.9853534450744369
8869_8,0.9851001820210393
8290_10,0.9287991974390666
11619_9,0.6235384706624826
5949_4,0.5779500460628128
10146_1,0.7987792422479509
11776_10,0.03118633838566482
2146_9,0.8648235921626232
6461_10,0.6578699836021986
10480_4,0.18634140806360813
9021_10,0.9504213649225831
11802_10,0.9997721104648997
9139_2,0.6949458434166043
5590_4,0.4949767192533642
5631_9,0.9637513642177367
6333_3,0.1430166615012967
10455_1,0.011555208442589851
10394_1,0.18252136261152707
8814_8,0.9479501779818096
11264_3,0.015316038439854825
2255_9,0.9935727297992211
3915_8,0.2733478417991354
3386_10,0.998986053008922
5531_2,0.029525123857645996
1676_4,0.15909898444237777
7711_8,0.979463955399973
7871_9,0.997023116355933
11101_8,0.4390015522790667
11562_1,0.03299650049267639
11609_10,0.9376625492997693
9556_1,0.17457868764658127
7149_3,0.9809857065432889
11807_3,0.11227324110745986
12106_10,0.9997781381327606
4763_1,0.12074463913092565
2007_3,0.06665901785640733
8454_8,0.9996576041599198
4656_10,0.8203345152464822
717_8,0.9802567533283904
3501_4,0.22484127662146003
6562_4,0.011157271944181157
3926_1,0.03905533891541302
7497_1,4.835386429025579e-07
4257_9,0.9793776852725027
4111_1,0.0016695974042502846
9865_10,0.8197008958350942
8323_4,0.055989253428228504
2228_4,0.08381611270478649
1180_7,0.9961091805327316
6315_8,0.9890348217428462
12271_10,0.9340197365212856
4567_2,0.6275493842579247
8745_8,0.8107393251018801
4994_1,0.00015727268333659032
2842_4,0.025271843514631444
674_9,0.7633601610873787
4431_3,0.2580307544447993
2534_4,0.25039981851401233
378_9,0.8764795061760107
6039_9,0.9843396312779228
9551_7,0.9945768456167088
1273_7,0.8079796071524623
4222_4,0.183687279842672
7469_1,0.04692946075704997
8733_3,0.40821340417720225
9324_4,0.3257926249873389
8888_4,0.1513325085504597
2872_9,0.6011826518524007
2123_8,0.9991418567730408
4982_7,0.5672696454561491
10668_1,0.12432997838066459
2014_7,0.6601092857040428
4211_3,0.13843694510334864
1202_9,0.8827474434216979
5450_4,0.07104036452749107
2484_1,0.054839963124392904
2427_8,0.5468033825564943
405_3,1.3327208672556195e-05
1_10,0.9991618298830156
4498_4,0.37688799979200627
50_3,0.08913336286316675
10113_9,0.99963104291631
8919_3,0.12664926195596257
1338_7,0.8290420969602943
9817_8,0.9999902502610986
10824_7,0.36502309930462157
12165_8,0.2905712820922643
11975_8,0.6125848728288545
8537_1,0.0405914847071309
4443_9,0.772504184468056
207_3,0.00207651590382798
4247_8,0.24905704565676728
11333_9,0.9993547830851808
6357_2,0.3053444230733085
4477_1,0.0022254672199041835
8774_1,0.13622524221088272
10049_8,0.7858874103780934
9621_2,0.10581407391596237
5428_10,0.9998602020658829
11693_3,0.16545597336428203
8731_4,0.48659652075698645
11209_1,0.0957219262534321
10581_10,0.010705120283633105
4289_10,0.9919617289325177
511_7,0.8500773012528812
7832_8,0.2225065058100393
2567_9,0.903374809932336
4931_1,0.06925408649007855
8770_2,0.00244416073563195
8999_9,0.9994981305548395
9918_1,0.025629215856466003
2254_7,0.9203995060757751
4095_1,0.35276574880027073
8601_2,0.024947631531525842
10347_10,0.6840883775444394
2911_4,0.6958191826052443
12157_7,0.9046280203766379
5154_10,0.9985930731865056
27_9,0.9851945784144134
2586_9,0.911454145135471
6344_9,0.9992371632900923
1888_4,0.003500872337730946
6630_1,0.009473194009926704
3202_10,0.9954011788107011
1517_9,0.9816527756647734
584_10,0.9990061112874052
2683_4,0.07710922229712805
1721_1,0.0007399946270258615
4371_7,0.8367365212186471
4697_3,0.709244399085892
2977_10,0.9582067399758798
1835_3,0.09613456479321131
9872_1,0.2387527305757726
4794_9,0.4837070222106727
5345_10,0.9656600866256544
1230_10,0.9578167687260134
2438_2,0.004658452090275035
5709_9,0.9841030748736195
8007_1,0.0005133394327253613
7236_10,0.5262803331463883
7978_10,0.9115103667975543
10608_1,0.014565855512695305
10968_1,0.0063099376707203385
3650_1,0.006153812635452476
7966_8,0.9493608594833958
8435_9,0.9918464310031689
6095_3,0.009476423261969702
12457_8,0.7068071488757729
611_10,0.8753837374581479
7589_7,0.9027721495257482
4378_4,0.23152109908297605
9019_3,0.2129840629936561
794_1,0.12476257740259912
5112_4,0.002390498762313779
8698_7,0.9202287784238301
2729_1,0.003116584182274541
9090_1,0.01052343089043095
9641_8,0.9965003175120584
5065_7,0.6775190492138322
3147_10,0.6738301771441892
3971_4,0.0008914346918478667
7000_8,0.7822001535167677
6716_1,0.005453313993525283
11482_7,0.636522602342665
9263_4,0.6952782027184415
7901_1,0.14789343937338353
8213_2,0.008990304722002752
1113_8,0.8131848036146924
1013_7,0.9559404582327192
2195_9,0.9742770840661992
1371_8,0.2156368367477432
7239_7,0.9196463194214212
11376_1,0.005098268101855356
3506_9,0.9998456239473965
3413_2,0.23493008431904358
8641_1,2.8530005045008827e-05
11587_2,0.016884210438868556
7639_7,0.14657878008206618
8100_8,0.9997625766488453
8151_2,0.006487050980758772
10464_2,0.003688961657237487
2043_3,0.01605966769443075
4454_8,0.6799120498402901
6562_8,0.9987430370511513
8549_8,0.48611895024344126
1209_3,0.07549532842355022
2566_4,0.03610836379480009
5871_10,0.9861076979133857
6459_7,0.9558157737594334
11006_8,0.6919075858319402
3313_8,0.8384278607259453
5290_2,0.029265310635182933
9687_1,0.00029441924719350576
4165_10,0.9593283650750041
11120_4,0.02374889274090869
3379_2,0.22963347979173127
5814_1,0.30105050124095545
3414_7,0.8761882826311045
7750_7,0.9949441510637439
9727_7,0.6584512621891774
3850_9,0.9877124173980788
5954_2,0.019311093695932178
9685_1,0.0004167168959188486
9307_3,0.9224562735690591
8727_9,0.9977933968514537
9746_1,0.0003914225064035166
9365_8,0.9997719122491454
3361_10,0.9986999811033836
4554_3,0.016787709464479925
8952_9,0.9817112678124222
4301_1,0.0010985963227292824
10764_4,0.5246598823889161
2738_10,0.8798755016353818
3554_1,0.015756441330957077
5724_8,0.7098319564411761
8804_4,0.19050235436500032
468_8,0.9998176827756351
10527_10,0.9772970655939475
5117_7,0.9986110895317024
3390_4,0.40047656893563255
5875_3,0.03801808613163364
10380_7,0.9950233084918219
887_2,0.9902296194990484
2707_8,0.8816694365644973
11371_3,0.22805347808043036
535_4,0.08066014008478678
10700_10,0.9491064353562108
3047_10,0.7636775408591515
5930_3,0.027277755438016835
6044_10,0.9312109273602285
8679_4,0.89892419572393
2261_10,0.6764382341534805
9577_10,0.9955629956409642
1999_7,0.207956144204578
6010_3,0.16629735667718704
861_4,0.32969740306728756
4360_2,0.0013988550992206127
5373_7,0.5868614702706206
10760_8,0.6833566777922787
12436_10,0.6941423775669932
5149_3,0.7821190051370086
7091_4,0.2978397651611699
5135_9,0.7277167438264449
5552_8,0.9886320616318408
1713_9,0.9968171693680411
11445_4,0.7400068472547505
11146_7,0.7423619174350241
5286_9,0.9993212215251629
10518_1,0.010139247842194233
1122_8,0.5549116490052206
7680_1,0.2182412181860692
11042_8,0.9364113867035383
6336_1,0.21359993900698396
11784_10,0.45852152669241325
8759_10,0.998372401097535
4362_10,0.9706904987681366
4483_2,0.06119081083089549
7501_8,0.9941326844853541
3516_2,0.0006524061158291206
3965_10,0.8897238396359214
4066_8,0.6942108331108385
7802_2,0.4031773023980622
1074_7,0.4830315424273647
4555_3,0.07324586335784618
11477_1,0.001562937749547093
5712_10,0.9988917049062417
1175_8,0.8078480630366996
6283_4,0.02974184020363434
11717_1,0.003270834662946704
8029_8,0.9080859207717245
5794_8,0.861596923816677
8717_2,0.009647513396701312
10682_10,0.49144061220054613
4610_1,0.02760264638800865
4908_9,0.8857050471346969
8325_2,0.05960803762297523
11330_4,0.740809012703369
5717_10,0.9651367204078972
11421_3,0.22776024115979193
4725_2,0.23454702748683467
2284_9,0.9395038129124397
12433_1,0.0006122466240738718
10799_10,0.7271027503950119
3213_10,0.7281876937870224
10997_10,0.2609101661622222
3482_9,0.8155027371888733
430_4,0.6900811234703206
6524_9,0.958310457828894
2270_1,0.09868339228020674
6410_4,0.3670903132410128
224_10,0.8166098118783796
10915_8,0.9816679388199736
8882_3,0.33349184395492915
3578_3,0.027999081025006367
7696_1,0.8801978817543492
7307_1,0.032025213096470474
10043_1,0.4225417927818207
6380_4,0.3436051607617787
3109_2,0.018406093347330742
398_4,0.05496992496652522
10498_1,0.2633627399121584
3565_8,0.9987102479579976
7844_9,0.9577949559286046
5879_3,0.11233733450164614
5004_1,0.39784001228103744
9347_2,0.37228939701173913
2213_8,0.9520533955397971
3654_8,0.9514840030506018
642_2,6.848054014277867e-05
9412_8,0.47362244626007083
7418_10,0.981224706731534
2012_1,0.03378728496162142
308_9,0.9618600005657411
11695_8,0.6290235105416611
7369_10,0.15176002479221365
7363_3,0.7016418193771053
7834_3,0.18087804053401307
7705_10,0.821637749249173
4554_8,0.9757819567611988
4773_7,0.9823485903422091
11944_2,0.8553926569244837
12303_10,0.9614238281816996
272_10,0.972662540955292
11678_10,0.9399092953722069
8157_1,0.3552834536890604
1360_7,0.6075863033855912
1702_7,0.9063042009651847
7409_8,0.9970430877127331
3865_8,0.7684142206666476
8266_10,0.9997941883278195
3543_3,0.7946841456781206
8542_4,0.020144191384626968
2188_4,0.0019232693658371909
7928_10,0.6376095740026704
8271_1,0.030057871658870403
2667_3,0.006852673760060328
136_9,0.9832028100476072
2365_8,0.903704435623382
9516_1,0.07629132915167229
6205_9,0.9925288895359514
12411_1,7.198340794143038e-06
10549_2,0.014538637279173745
2114_10,0.9471572615851558
8379_3,0.019788676635264024
1555_2,0.002323489042361658
7010_4,0.19274100122975432
10425_1,0.0013000907557123532
2970_10,0.999947053996247
1976_8,0.9984907556082876
4894_8,0.8131207983904851
995_1,0.026993315116887403
12087_10,0.9782557024278359
5002_1,8.445279101867149e-05
10204_2,0.0008865675758144907
7689_2,0.021800355708573478
8685_4,0.2910781617150375
4183_1,0.008468735398272096
7719_7,0.7697034692475871
6350_8,0.9910802301798396
6163_8,0.9506339687312031
11247_4,0.31954765891745257
8962_8,0.8677056090976295
7849_9,0.9568874418876507
4177_9,0.8651923820756209
4680_1,0.3225372161228885
10965_8,0.9747191873821524
3534_10,0.9994307141358977
9782_4,0.03707350008105881
9525_9,0.943982716364304
3743_10,0.98321792919697
1688_10,0.9754100092839271
4400_4,0.923061269971268
1660_8,0.9495507555012864
8241_9,0.9998361513415887
1238_8,0.8944202153488395
1081_3,0.0003371633911105011
6151_2,0.004544648939009224
6025_8,0.9783225494111469
661_9,0.46821770528783185
5670_8,0.9972949893570879
6122_1,0.2078294843729077
1767_10,0.9807158040476999
5629_10,0.9250304580625319
8256_10,0.8115962675634664
8572_4,0.13621365702482283
11580_7,0.4028974650743697
525_3,0.04866874137431114
2128_3,0.07795652095609838
10254_8,0.9944430172957299
3082_2,0.0037862315708709635
7127_1,0.16073785078977346
9927_7,0.4224935069676942
5694_9,0.33730674937592425
8063_10,0.9863983993349155
10768_1,0.033278411753557786
7375_1,0.02379175471127533
6220_10,0.995802313173767
4477_10,0.9985592913780291
1350_8,0.8994161459267488
9354_4,0.9919682267806038
9015_2,0.9430382102887591
719_1,0.008255370235300142
10544_3,0.19945700463856209
4496_10,0.8459114839827316
3912_1,0.0006201691698280384
10120_10,0.6555619290729753
6958_2,0.002602323061752314
10964_7,0.8387403660121269
4974_1,0.027602857619443793
5591_9,0.9870508293606065
2295_3,0.27852494887666956
17_8,0.9999998305487913
10442_2,0.5072798427363335
3043_10,0.8792569943550025
5243_1,9.02400247613069e-08
5145_8,0.7783802389731278
5727_7,0.9273695786422762
3406_10,0.9325157204244605
3552_7,0.7927683919480254
1512_1,0.001636885882452278
9214_9,0.9971279433725422
3060_3,0.4712021246027432
9086_3,0.16854806711740197
10428_1,0.3365979156546993
11198_10,0.7331211761977908
1743_4,0.022324912285063378
7795_10,0.2567961305666461
9863_10,0.7817693545566113
182_3,0.25254434037331464
9644_4,0.5613761199093926
10744_2,0.0022116219040288214
3393_10,0.958928117782716
3657_8,0.9756064425652972
10435_1,0.0009195260534910056
9206_10,0.9594484564435851
4005_10,0.924716776636591
5901_3,0.6704086967080798
498_10,0.9993391497641382
9583_2,0.264281530182679
2336_10,0.9956031871450747
6107_1,0.7259274620190945
7079_7,0.9800459071459167
2769_4,0.7450135049870008
4787_8,0.9938075947301236
11123_1,0.02281022720754003
6466_10,0.9728743022475704
6311_9,0.9666735938946425
1236_7,0.8459107199110864
3635_9,0.9877672811332705
1230_2,0.012441916753395317
8721_7,0.8427865489382093
7878_3,0.0818497592364601
11731_7,0.6717779021737702
8732_8,0.8667616832276687
8083_8,0.8764929304577814
3146_1,0.05064685279315798
11395_10,0.4382924875360053
2998_2,0.008056809611960935
3766_4,0.1106688573317375
353_3,0.01264756641911722
8688_7,0.9931752380329052
6137_10,0.9209940643312103
11950_3,0.4816429254021622
5663_1,0.2374550942641165
1108_3,0.06344049685591716
10425_10,0.7914396849302353
913_10,0.8730401485164899
7852_8,0.9423566306026504
14_1,0.6105412048893399
12062_1,0.00026095314848697117
1162_1,0.00027231760554189874
8648_10,0.598027074162959
10605_10,0.9781106333482634
1091_1,0.0047991905057747095
7723_8,0.06936447918830406
5474_8,0.9191759976143105
8308_1,0.04715023497387402
9586_8,0.31067579389974814
5317_4,0.03407908662351872
11283_8,0.4374173126836514
9575_3,0.008828797334524149
8846_9,0.3668102143592809
8756_1,0.008420916546235339
7973_4,0.0786400353062251
9845_3,0.026316211511929685
11335_9,0.9855610006213952
456_8,0.7715302606501429
378_1,0.6079187594424982
9176_1,0.0019388582280430292
6371_10,0.9070928870184108
3152_10,0.921070118928259
7441_4,0.030823179510135617
10123_4,0.4805939632857071
6777_1,0.4267090840900657
7479_1,0.05709386604935202
5563_1,0.0016460692071917462
9076_7,0.3209839950487375
11744_1,0.37331500165437637
1040_4,0.1573743631526251
920_1,0.0014983203703730012
3599_4,0.006304860315486254
9629_3,0.08608985644570602
12346_1,0.09527522991094245
4237_8,0.6741813221601617
6596_10,0.9157019575722388
11576_1,0.001934040423589796
1140_1,0.0007498630581135411
2945_8,0.609979278440269
7518_9,0.8243972679602013
3435_1,0.02097615316154908
8219_3,0.1397746266493693
6758_10,0.9810680590829872
484_8,0.7707845494297986
10012_1,0.00043175437271412547
718_10,0.9866258997611347
12293_7,0.8091431582110752
6241_3,0.028933450881072676
10635_10,0.9827067399132038
2563_1,0.013609381472428106
7682_10,0.4326079746554865
4993_7,0.9752251535493238
12153_4,0.41731764409052663
8559_7,0.7840948024772778
9700_4,0.42796803751988705
660_2,0.15328320609760532
11457_4,0.2497667597574393
7146_1,0.3800354422129133
3771_2,0.1282116885819263
8333_3,0.3940999719581621
11740_7,0.6133986038136701
7035_2,2.495823802145567e-15
7054_1,0.0008905285024849066
12292_4,0.011489887947028325
8881_4,0.7632311469724132
7264_8,0.9087537633811871
11168_1,0.3688964306558188
1145_9,0.9722132860210727
781_9,0.9970485410198655
5694_4,0.010265104188015583
2637_10,0.9957252905738704
5812_8,0.6430942082254448
6335_10,0.9942102664683666
10491_3,0.032743635701179295
4684_2,0.002841047922084441
3810_2,0.05245225787157085
12264_3,0.0038664512613702548
8018_10,0.8658529062877008
12185_10,0.47596840245095984
3959_3,0.3267440222465499
9829_7,0.9071388980160484
4694_4,0.16547908412328055
3884_1,0.053346635006472354
8027_10,0.9965282791210056
743_2,0.010873300824444473
7036_1,0.004874598007654437
3081_1,0.014212912302761003
4606_10,0.8993184890917229
503_2,0.04643875800670775
6989_10,0.9902950219341474
10059_1,0.024277662767796807
1380_9,0.5604002436062293
3247_1,0.05019122011150658
6308_8,0.9953557194119865
1592_2,0.0004232892959405454
3167_1,0.002272168078969858
6357_10,0.8403111878283315
7107_7,0.1606327574297397
5335_8,0.9733317623105449
11948_2,0.028452878908531355
10805_4,0.09831570529502845
638_7,0.9264099666544203
4311_2,0.00260569428349712
11795_8,0.8039931708129621
8031_9,0.9018860528084532
11930_2,0.7956802326690464
7886_3,0.7501960882256732
7253_10,0.99622980405582
10955_3,0.29636525312528805
10680_2,0.015979474828429912
8754_10,0.8262932755366771
9556_8,0.9743784923954865
3076_10,0.9929444569779486
1544_3,0.328433084411177
2726_3,0.04962871088897491
8545_3,0.0007569154564455367
3175_3,0.002849307317225239
2864_9,0.6168030140457901
547_4,0.764971445775768
2831_9,0.6339179030093883
5321_4,0.35736563715695235
4675_8,0.997861508132616
11787_4,0.09607219960005377
2837_10,0.9779882032306607
7730_8,0.7536437333115943
2309_10,0.19459305641111171
9078_7,0.9908123308679097
8160_10,0.9778025142710823
7824_1,0.000559787864473533
9926_8,0.7541027814146909
3507_1,0.003188960938327679
5878_3,0.014234786107251278
6708_4,0.35708011549096086
1096_3,0.2193702504873606
4556_8,0.7734143729619833
3667_10,0.3382726157103241
9565_3,0.0419026029241645
4737_9,0.9064908252536638
12134_1,0.07010394377894312
9413_7,0.7804454105226242
1002_9,0.9965553082411254
4889_4,0.902017685859507
3453_1,0.0640059501633534
2763_2,0.011708298147397558
8248_8,0.504374698371001
1881_1,0.7067233725084896
3528_10,0.9424687964078776
3630_1,0.37553617954992313
11390_10,0.9995579965364366
3991_8,0.6958131347028005
7650_8,0.2718442253203089
4527_8,0.9263440461752842
10307_2,0.811994149192557
8872_4,0.04007071771465058
1741_10,0.8304682140592293
12170_9,0.8853491029950189
11196_4,0.012424590784622717
5524_10,0.7861632474200002
1926_3,0.06380122177943028
1279_8,0.8177035088587394
1444_8,0.409492829386211
8975_8,0.6897571152171261
7157_10,0.9989013802650905
11973_2,0.06353019287363217
7022_1,0.42366221498255024
6939_10,0.8018389210976139
6732_9,0.31673331909891034
3689_1,0.011100059916126812
10228_1,0.01788963348065723
6314_3,0.7809774433630013
4285_8,0.9429594253472301
10086_10,0.803940648724397
9899_1,0.13968547698479752
7556_10,0.8354393451271958
12299_3,0.023195324302559887
11872_3,0.04198347596213415
4257_1,0.0867410802763532
3028_7,0.43347052127039737
2545_10,0.9980546953167896
8036_4,0.046425264408749264
5948_2,0.2881081595130898
12113_1,0.20673060424282486
1738_4,0.09408116670100695
9808_10,0.8500770665057813
2629_4,0.28683985352059865
12003_9,0.6333788510588128
6725_8,0.8351511343322625
5383_8,0.9930800560245784
12097_1,0.010596277809444886
11402_9,0.9271591665101675
3877_3,0.3800545542956722
3765_4,0.22377526400437936
11431_7,0.9714609469080401
7419_3,0.04237156511839351
9844_8,0.8013539699839748
9753_1,0.10933138805301705
12377_1,0.8539971662944507
2775_10,0.17161254220034614
11106_1,0.014389700080156333
10015_8,0.6234131237441161
9473_9,0.966756225764992
3633_9,0.9798120599895602
9022_8,0.9962147094131408
608_1,0.00026779834534242157
10724_1,0.0004150859673208483
1059_10,0.9939719011290673
8413_3,0.017709644698343605
2013_1,0.04322738827029911
2814_10,0.25842293080890294
9166_4,0.5794821970759608
6566_7,0.6988348667901589
9352_10,0.6471063046489098
8123_1,0.22499238640649838
10825_3,0.04969378345620656
3735_8,0.988468282190191
7595_2,0.0028085088221365224
4946_1,0.000151658597765627
8327_9,0.9911180630586229
5140_2,0.0321597167345102
10986_1,0.061767626303120056
7385_8,0.172055652225918
3722_1,1.2019507004312524e-07
9799_2,0.030964128196775235
1288_8,0.7591656119617385
8089_1,0.3087474116816441
11279_4,0.12655097392047726
4845_10,0.9593554387645182
8354_8,0.9857738219594231
1373_10,0.04421254155946882
5431_7,0.6557849958724604
1245_2,0.01824278039774082
11429_7,0.9483983243949818
11606_4,0.9113466825746057
4192_10,0.1993343091447824
3443_1,0.01762991767468758
4957_2,0.49841079558331103
4971_8,0.9555466698158765
913_1,0.16811069994702244
10311_10,0.9374297362134876
10558_9,0.998736032975227
304_10,0.8460531071406093
7499_9,0.6830492689765538
6529_10,0.9824763065333482
2069_10,0.9980116865482551
1366_10,0.9952760982117955
10303_3,0.0725213301264981
4476_8,0.9936765548014862
8032_10,0.9982916042664336
8392_8,0.9609155420907267
10158_9,0.9839851918591047
10886_7,0.9835166576866267
1789_2,0.0795554828976668
3113_1,0.040221353566275604
7713_1,0.004480218149490378
2685_10,0.9869740169492144
9760_10,0.9219208569642597
12401_10,0.8177977466403509
2489_10,0.6262059901646303
6382_1,0.0345287037443974
2352_2,0.010262558844690736
9440_1,0.0010374877422220906
10695_10,0.6054370115234157
7297_8,0.5109665489038161
11703_4,0.4186986684979019
4733_1,0.022449509748266438
1769_4,0.3736029281240913
12219_7,0.985963248769295
1725_1,0.037704713290059276
1711_8,0.7338854296558271
7466_8,0.9376064709688863
6987_10,0.9138732659562835
12351_1,0.0005784848918273811
4929_10,0.996117615295022
10281_4,0.04911947093202529
11555_7,0.6427750070400396
2075_9,0.8228314687486002
755_10,0.683652053939698
11705_8,0.6602462060912658
1434_10,0.8812330279515923
6189_7,0.44782584507444606
3645_7,0.08975348447495295
2963_9,0.9965130375608399
3487_9,0.9901422405705388
6368_7,0.9856166377610808
2240_1,0.774415534388819
10126_9,0.9058236816713693
5366_1,0.3482180929368573
8058_10,0.7180523138707929
10746_8,0.9040767279539228
4852_3,0.10719599295174824
5371_7,0.6614901675841395
303_2,0.03552197910863626
7169_4,0.691509141732694
4284_3,0.07880508845434077
7539_2,0.01604515832659259
11410_1,0.1975118209128418
4710_2,0.10876837262800723
7660_1,0.3997614256618376
10378_8,0.8436903222654839
10580_10,0.9505100440706482
4295_1,0.020493878254431414
4433_1,0.2705548968921355
6959_9,0.9993981281805159
6769_4,0.3226330494892115
11996_1,2.8069889896475792e-05
10341_7,0.7961978681889857
2337_1,0.10482132254455728
11119_8,0.9230034160622897
4228_2,0.006235319711307697
3680_1,0.05409045537888355
11256_1,0.00806209886744425
1884_7,0.7821377051318917
4750_8,0.9762249819554385
4890_3,0.988216095166583
7159_10,0.9194599629884028
10622_1,0.0020574569324595827
11753_1,0.3958188950061604
8352_10,0.994681619943731
2188_9,0.9787081587896622
6913_9,0.964091324646044
9193_1,0.00013698012429815289
9572_4,0.2864071038804688
5136_2,0.31500034309872743
4799_2,0.012133916511545693
5045_8,0.9965963188429993
9538_1,0.004012704474793145
1565_4,0.30984965924381636
12134_7,0.9728427443921962
1437_8,0.5850269931224696
5319_9,0.9903494493276118
3709_10,0.9563811767316546
2642_8,0.8576032274505612
11143_9,0.9969005154377891
864_10,0.9867614570910931
9283_3,0.1244971856040622
5089_9,0.7223935126786061
9917_10,0.6708449779719761
3800_7,0.9659044394422195
6074_7,0.9586773188916676
6433_7,0.9975284822193521
6715_1,0.0003337680961149577
594_1,2.2036779886830395e-05
2469_1,0.0011478814882377017
3155_1,0.4891356261002725
7458_10,0.6470671116567785
2020_1,0.016855061602729017
6921_8,0.8832829657824932
9662_7,0.9892698962745693
9567_7,0.9922592878808973
5187_1,0.14821629332066302
6831_4,0.24912943221682654
7829_4,0.4583226639688006
3868_3,0.5561978258973795
2224_10,0.9957913278328792
12015_1,0.036429000691926734
841_1,0.0399695021509582
224_3,0.08178208727654679
4805_9,0.9979670097062505
7513_2,0.1347630356882176
7065_3,0.04104649966416163
6192_3,0.09229009152464869
6075_10,0.9572458449419466
10611_7,0.9807519749339877
10471_10,0.9807472385348911
4198_10,0.6177127321762742
10756_7,0.6448371961020262
11960_1,0.03372841840407466
2885_9,0.9232852436460743
6837_3,0.25438813587198494
1917_2,0.15379252484945016
7143_3,0.0017894427020123571
1762_10,0.992944683597717
12066_10,0.9992232344090263
8410_7,0.18772996476356774
10729_4,0.47924033047215325
6967_3,0.12811945601100222
734_7,0.5292920698165142
1524_10,0.9613107800458152
2479_9,0.13547225493526938
130_4,0.00023859094179712459
201_9,0.9990930800657375
6157_9,0.9974521493282578
9362_2,0.07930768063719743
3858_10,0.8664514875716941
9895_10,0.9978497608963555
9953_3,0.0008579734197259488
4667_7,0.7842713463162246
1951_1,0.0002837724999985818
8724_8,0.9923863172826716
2886_7,0.2899178552604876
7491_10,0.9999426247663192
10403_4,0.37318595949438416
7362_10,0.597997090929761
9466_9,0.9870011408684694
9079_7,0.9559457748150835
10171_1,0.04026094700423435
9511_9,0.5870556643870456
8775_1,0.011083985253337779
6462_2,0.5297294036119427
3129_2,0.11831633936607691
12461_1,0.012698166823848674
8541_10,0.06566246236871225
4241_7,0.84680227801228
6533_10,0.7550250687186341
12131_2,0.06639459937478882
11577_4,0.03969565819932119
6063_3,0.060020172739400586
1760_9,0.9232080187616741
3396_1,0.23712499528337128
5385_8,0.9524976011629772
7212_2,0.08524926440023704
3522_8,0.19903173334000662
1397_10,0.5743167757256297
387_8,0.9908126416678453
4143_9,0.9957107411948599
9483_2,0.32974260530343513
3250_10,0.997906134787963
8758_4,0.008040307074532812
7551_10,0.9725021169819065
2068_1,0.2515269625034841
9534_9,0.9807279018770828
11561_8,0.8790769371487559
3083_2,0.014374890694048407
2973_1,0.3357405543800638
6574_10,0.989732948241002
5442_2,0.02993070024600333
6343_3,0.32753925490223823
6723_1,5.540621409320313e-05
6252_8,0.18989883446681963
8465_1,0.017707918829380047
1906_7,0.10550911433338446
7492_7,0.89325202778733
5508_7,0.24349519135190317
5936_8,0.9140421028473423
5086_8,0.9204630860932932
2134_7,0.1146874398150258
8301_4,0.7941978976291872
8423_2,0.01492540817271257
6241_10,0.9962845530143111
8550_4,0.4009850484015197
3330_10,0.7626157915889656
8825_8,0.8187694904083579
8030_1,0.02269839043762101
4884_4,0.09787160144081192
8391_9,0.6576949009643633
9776_1,0.01952149048795343
1389_7,0.037415316283229076
12224_4,0.35107772701702006
2162_7,0.9702976262408564
8490_10,0.9861600855410517
12003_4,0.0001143983949072011
11043_3,0.25196965184263953
7266_2,0.020661537122529453
4480_10,0.6568311588796935
11954_9,0.9244803928191581
3280_2,0.3602651136638874
8084_2,0.005451533234567289
3913_4,0.9294850719167786
7353_10,0.9999697736875546
3161_10,0.9504902298353612
3941_1,0.3018680605483221
7992_9,0.9898733377404233
10742_10,0.9979090151792774
69_10,0.9962226326864208
10415_3,0.7012127536736913
4818_10,0.939935906567061
5563_10,0.6657104015768086
7018_10,0.920468225550036
8873_4,0.2828670123153483
10593_3,0.1418598680360095
12251_3,0.0976614574346149
731_4,0.24356201786333234
1195_10,0.9667488774299384
7337_1,0.3769800113641771
2448_7,0.9474652209621582
4444_2,0.8018437966775074
9223_2,0.0007421036689689027
463_8,0.9490142971934088
4335_4,0.0719281391280361
9635_8,0.10946623103117842
8738_4,0.32613710301939963
6724_1,0.013922721762771638
5504_1,3.2532164672323364e-05
10185_1,0.4290522140658086
901_9,0.9990191697122188
10452_8,0.9860512196589031
8289_10,0.9804158462144152
10112_1,0.0007345139242769464
9950_8,0.9727715910386444
8644_4,0.38892764325633006
11534_7,0.2753872196040461
5708_4,0.13246918289025733
6781_1,0.01267186808336756
3582_10,0.9268959837104602
4591_7,0.03347783620560462
3327_1,0.024186228404771033
9536_9,0.9752477151789791
3047_2,0.05447715456247184
2830_9,0.47420334305722517
4300_1,0.02151075106093252
4160_4,0.8303197277288602
11783_10,0.8062785967449175
6029_9,0.9620421000035906
6907_2,0.038292894432679865
691_2,0.0017360605088618042
585_1,0.5859940550598775
11182_3,0.5569929389937623
10433_2,0.00028631504777257023
11201_2,0.3385815511843038
588_7,0.8486532853525957
2522_10,0.713448352162132
7002_2,0.02272088847369868
2059_10,0.9955881136451383
4925_10,0.9981640704619275
7791_9,0.9982192264457069
6392_10,0.9696645073734258
3305_7,0.9818563623987704
11951_10,0.46162848888406055
12167_1,0.0005639906112435006
5814_10,0.9895353633536206
2590_10,0.8934345670314937
10571_3,0.056146877623733916
5452_4,0.08997686016349792
6480_10,0.967400441078404
11050_8,0.9901098067236576
11523_3,0.08615807799939869
6556_8,0.7882817731865085
597_9,0.9519075220982289
4049_3,0.5284141899940603
6652_8,0.9995718563412772
5591_4,0.058027930827358916
12295_1,0.0022159384707038845
11478_10,0.9329219393814019
6436_1,0.02242840225542487
2487_2,0.09495813340525215
7520_7,0.9469826352241606
5203_9,0.998472833098504
6162_10,0.9998619241158925
3840_4,0.023227105736386543
7471_10,0.998725982550837
5021_1,0.00012557437255493535
5593_10,0.9223749212753682
7489_10,0.4727300153945066
1208_10,0.8550424389339373
11983_10,0.9955108431826646
23_4,0.019555763581215153
3622_7,0.07254463644155551
7821_1,0.0014198422783942553
9726_3,0.004125613231317619
2890_10,0.997952399164187
11695_4,0.2179539084266757
3751_10,0.9902868208696859
5136_8,0.9699963014148573
8730_7,0.9376236045555519
4341_7,0.03797902948453311
9148_3,0.004513039119787029
6385_3,0.07724581374875955
8560_8,0.36762320041212143
766_2,0.11291227639841497
8847_10,0.8032937731419089
7455_1,0.002371612991322446
3187_8,0.3405853771066607
9683_1,0.06034166546199369
7744_10,0.6831147844882965
11136_10,0.9995830219247986
214_1,0.07165859310512092
2105_9,0.9870918105911772
1265_10,0.9396236945855969
9122_2,0.6123623399746602
9296_10,0.9981700470484012
8107_2,0.26251781648374
8134_2,0.0009049621926575608
3788_10,0.9924081271052195
2429_10,0.9140588949287204
8567_1,0.009860794933053814
7400_10,0.7915842343026633
1789_7,0.6137143391842576
11098_2,0.010221040393907246
918_10,0.04936046776917945
3389_10,0.8985574568204568
3754_1,0.264073995143014
8807_9,0.9510947557311898
7900_9,0.9998038512713745
6541_1,0.035616202457628955
981_1,0.019194537654834157
2142_9,0.9842737949298628
1639_1,0.0007820157175496863
4162_1,0.002491245813910875
2476_10,0.9938210454422335
9941_4,0.7282064797777392
4020_3,0.03821311150089868
6823_4,0.04844417404493386
6236_2,0.0008755301756954873
7793_4,0.1541250728071425
7431_9,0.9999478319449738
6864_7,0.17543154746077283
184_9,0.9263698787152668
735_7,0.34084299805764917
1673_8,0.9982666636244416
6209_1,0.0049963162071014556
4167_10,0.9977680865863923
7854_1,0.12587803217211108
6281_7,0.9649342815522659
3045_1,0.009706117843080767
598_9,0.8362863862473197
5411_10,0.9851385767395214
3781_4,0.006503941249387342
10627_2,0.09947884443857666
11283_2,0.24541850015697045
4594_8,0.3811407040768161
12424_7,0.7011105487442723
6705_8,0.4479491941563405
5274_8,0.3201529020923331
2107_7,0.28278228630216046
10685_7,0.3453774936966658
1992_10,0.8666113994517012
6711_1,0.0033101059120600527
1899_10,0.8607188073328089
6307_9,0.9577862834325463
5702_10,0.9479848393864727
6865_7,0.8845678224193979
5047_10,0.9865758351249992
2762_8,0.4676625648362394
2830_4,0.42938106695299194
9305_7,0.9158372116456546
4358_1,0.018265538172021072
7558_10,0.9990474297574383
8607_10,0.37771697820831535
4599_9,0.5871118586887907
5267_4,0.05969571580848623
5667_10,0.8906995551450458
10108_8,0.9921578598667771
8432_3,0.18365667782881306
845_2,0.1322074556161397
552_2,0.06497634833330171
169_7,0.6898373573031512
12311_1,0.2371331091800349
5884_3,0.3388522782915093
2938_4,0.4758016487571685
11378_7,0.750484129445427
7337_10,0.9865907475894429
4378_7,0.9559899161896002
4660_10,0.9997556226592115
2461_4,0.33042622207263794
7011_10,0.9999123421054452
9907_2,0.009714000231517476
6134_2,0.017720752768028057
1548_1,0.7945300489747888
157_3,0.5227208966573899
2189_2,0.0008121833623438302
9021_3,0.41124725185242866
7699_1,0.0786973025258149
9298_1,0.00494399601442312
539_3,0.6748956469375199
10243_2,0.017657900063805496
8659_9,0.9730353058738755
10748_8,0.7692487688709909
6757_4,0.003014486987577905
7196_8,0.7275447874835386
2579_9,0.930203468547649
5896_10,0.9760282073938411
2308_9,0.9519192758232852
12318_1,0.6649170542425563
12244_4,0.2957495592683582
10131_7,0.9392074970040684
3608_4,0.37000515273297524
10891_10,0.9973050672788284
10517_10,0.9975498972642955
2180_8,0.9011246015412413
2498_7,0.9998240967560702
3382_1,0.00040821101615695377
12196_4,0.3231945709876186
7079_3,0.06768727608524934
562_8,0.5620110615271472
984_3,0.43079956970608363
7756_10,0.9215704374668257
11553_1,0.690821210918184
1880_4,0.269476373823175
9842_7,0.9028618981270531
795_3,0.04350302614825941
11707_10,0.6674434295152567
8457_9,0.5931362804326041
2483_4,0.031085518381832756
4903_3,0.2124910954709053
12223_2,0.022657035957603378
8418_2,0.004917674034073811
6194_10,0.9977699911878588
3214_10,0.9957191129529077
12208_3,0.011566979043853523
7001_10,0.35108877409831396
8533_8,0.8598975306060834
8236_4,0.08013568776995565
2867_1,0.0008164604777314822
7876_9,0.7416094858804122
9640_8,0.906658951740274
11866_3,0.04594404127428706
4262_4,0.29198420518358764
5711_4,0.3453418479055477
214_9,0.836727830789717
9641_4,0.18345927119001174
9086_9,0.9987750679248953
12088_2,0.017658922344270668
76_8,0.9815178397648535
1537_10,0.9860691480839706
10510_2,0.04366531417845961
778_1,0.007489280879028033
458_9,0.4710298031205034
12472_1,0.001994650197485
7914_1,0.6786398905573259
8595_10,0.9923561612554544
7741_4,0.022086961606568107
9056_4,0.01299573842938099
538_4,0.48896882329760816
12049_4,0.5740557139125619
9613_8,0.9559247726382055
7051_4,0.27470823290403656
2549_7,0.6597616978171686
12139_3,0.07769238721251269
4006_7,0.6269031836272756
11662_10,0.9919615214515524
497_2,0.03613509345720158
5556_2,0.21577469960668838
8287_10,0.994878119154354
4712_9,0.9926513972677559
8237_1,0.00011021448414213954
4466_9,0.934406201348034
4141_1,0.02766037899794383
3303_10,0.9001074433100571
5384_2,0.013785178137382535
8494_1,0.0012758820323884113
5127_2,0.042059488775051834
6961_9,0.962058350995644
10856_1,0.03387895446879196
9421_7,0.9410459645266164
3776_10,0.9479650419642365
5958_1,0.0049376665417761164
6227_8,0.6548365225887628
10991_1,0.17288196258103158
7996_10,0.9706395635658598
12372_9,0.8909318342219117
1460_2,0.5635680978504943
10183_1,0.01133083299158381
2829_4,0.0017207101441248274
9797_4,0.1021792059137
2988_3,4.697040016155483e-05
3974_3,0.003012775814806885
11419_4,0.01340158315563661
11472_7,0.918080594395647
8489_7,0.8612930185658206
11938_4,0.17549570743421306
1057_8,0.8581359582546632
7213_1,0.12954253269646526
2615_10,0.9689657121182751
3101_1,0.0264871527208554
7553_1,0.043764685915105114
10258_1,0.006522592898713204
8551_10,0.9936947412573721
11233_4,0.009454649253002762
2996_4,0.5717191221270124
8670_3,0.4969039386372375
10586_9,0.5322898809936302
501_10,0.9841782491221968
11398_9,0.9920990260729114
9223_8,0.9597057493669777
5432_9,0.8853921843985532
7517_10,0.6350671074152218
11616_7,0.9272017201064342
5055_2,0.03317312462651641
9285_1,0.0214032338153435
5175_1,0.35139591227048
872_1,0.020621569443135406
8890_7,0.2889238161343233
178_2,0.008516530554917362
10660_4,0.05126636976866654
11461_4,0.12539391069206676
9461_8,0.9268273479631419
3992_3,0.0016736655404206578
1173_1,0.0001747112933365268
8261_10,0.9623784037358909
10007_4,0.007315384576070461
10751_10,0.6502259096794935
5021_8,0.9793129521114292
10553_7,0.9145390022084221
12464_8,0.943986137802604
8616_8,0.9583597063509115
9697_1,0.0015268871848162025
2800_1,0.0010878885112130033
521_1,3.849370974499466e-05
7535_10,0.7530684482782561
4352_9,0.8550853590408362
2246_10,0.7488169140140474
7039_4,0.1110281357518046
10344_4,0.4097658765168021
12195_10,0.9596066595468062
3671_4,0.6529490659112094
1767_2,0.41452320295155565
6536_1,0.043121932042239394
8951_1,0.33399582008826323
12462_9,0.9882369678552586
8489_2,0.002562709384544275
11884_10,0.9966666166052388
8602_1,0.00020797380057064363
9229_1,0.07956683952920986
10611_3,0.022914776665034393
6764_4,0.6096885657841532
2612_1,0.01871327154915901
213_3,0.20663108352693393
1987_2,0.019511504041115946
3082_9,0.9566345900254701
10504_7,0.08895722918823502
8862_9,0.9760055219149237
5512_10,0.7109191463609591
3198_10,0.9997487104320381
11521_1,1.4420969315528155e-06
9841_8,0.5302691963738887
1781_10,0.8908378797184059
8389_1,0.06461317321250448
10225_1,0.025640569588283566
1403_4,0.16859198327776329
3792_8,0.954518673520453
4361_9,0.8833125768465903
6579_7,0.7800907347066642
3891_2,0.22958346618898595
10782_8,0.8918885148775446
12290_2,0.0706003456041275
1710_1,0.07061770942630134
5507_7,0.5074446288933874
10523_1,0.0649150237865
6722_10,0.6002829900395265
3401_10,0.9936182242717904
8079_1,0.0037023623432751278
5650_10,0.7295735640078009
1843_4,0.24121015354805583
8228_7,0.773248607108144
1138_8,0.9885355897379824
7943_9,0.10117848658791033
2219_4,0.004886898692854959
11675_4,0.39043079114840795
7748_9,0.9927394816112743
3859_1,0.00012764706593391495
1497_1,0.0038449724455241648
2115_10,0.9926932894517453
9622_4,0.039685943400187426
9482_10,0.9809523278989507
9084_2,0.19035299584548238
2744_1,0.049228204655819015
6599_3,0.22162911784543965
10991_10,0.9585534493213945
8444_9,0.8808586028774629
1362_3,0.0904568559944935
6820_10,0.9988554587329418
10806_3,0.02911625705054264
5509_3,0.06228989544782698
1939_8,0.3730405549801522
498_1,0.12423602111903723
12238_10,0.011382940650535738
4154_4,0.40451674619159417
11557_1,0.004232610162860954
6658_7,0.8544844047715724
1183_2,0.023971912060656526
3764_10,0.40273917907420664
12421_3,0.1172707164493977
8166_1,0.3447964572505696
88_10,0.9906504916840867
6291_7,0.8177335989512584
4637_2,0.08778737391375367
4194_10,0.8972215737126397
9020_10,0.1044614436378996
9749_8,0.5357535659472031
3308_1,3.490252573964395e-05
2569_9,0.998391556599493
9696_8,0.8886233636891451
8680_1,0.05099930767147485
10469_3,0.005061685087215772
6208_1,0.04569641854611672
9862_3,0.5133731400924113
7663_10,0.9811285380218832
811_10,0.9425751974573188
5452_8,0.922369385310521
4347_10,0.9849481583749526
10922_8,0.9212992260829739
10466_3,0.014063428092127172
11650_8,0.9670312007266781
5126_4,0.10734149442720284
3454_8,0.9949100677084408
11021_10,0.8602279909077797
1160_1,0.026464004383890474
1948_10,0.9931170847440268
8741_10,0.8917193557194931
8996_4,0.6283030505587336
11572_2,0.08886879100715712
2183_7,0.7452848640228269
1779_9,0.8830891334231434
5466_10,0.9998956516516498
1756_1,0.0005675974301422653
7777_3,0.16293520756705943
429_3,0.006874308012028732
1736_10,0.8780476366026051
1746_10,0.9876804787023199
7613_8,0.9810751437707719
4315_10,0.7058338253955506
12186_10,0.1799593075747859
4231_8,0.9771123935604279
659_8,0.9646076507509477
7739_10,0.9939222272720564
43_10,0.9987310344288234
2960_4,0.1732133404075641
11665_4,0.005690682866935178
4399_9,0.985779436587215
6993_8,0.2411034433696096
6523_10,0.9716342593229211
7068_1,0.011714133730165915
3005_1,0.9109992369951935
10419_8,0.9996530075351856
3160_2,0.1498561361504436
1881_10,0.44678555949944404
5623_10,0.8236928786962152
2263_10,0.9667548657705419
5736_8,0.9766712360199884
550_3,0.010556061822444791
368_4,0.5890021162251227
9100_10,0.9388691970820298
930_3,0.04546005152820798
866_10,0.962505343981658
11251_7,0.6456561771656186
10708_9,0.5140282581507882
247_2,0.054139513212789085
4080_10,0.818898893980093
2104_10,0.9991959555509279
8_2,0.6313046577597528
1485_3,0.08592813510953994
3133_1,0.5100735959213956
331_10,0.9819630398814857
12213_1,0.11839248517746363
2825_3,0.011766737807393367
8316_3,0.346256878906277
11102_3,0.11503168779994442
9719_1,0.036192682743578806
1951_7,0.986156036020744
10577_1,0.0004354094567663327
9941_9,0.999946693669762
12246_1,0.10189740244627597
7579_4,0.06923622654304706
7111_7,0.5761551966070618
1068_3,0.2908412892929902
1872_4,0.7345565126558661
834_4,0.5514777741842699
12088_7,0.5147901162187745
7785_3,0.016946490651675722
7364_10,0.7291321158376474
4441_2,0.02367725705882534
3957_10,0.9991321354749835
7789_1,0.510417940195746
3296_1,0.34557407555359015
6656_8,0.5241224559076915
7366_2,0.00655016429613777
10579_10,0.9102103053223335
1292_8,0.5197261615544856
3172_10,0.9373585298967725
4948_10,0.9968118886972935
8690_3,0.04693400499987569
3279_1,0.00028706612641445577
7221_3,0.09822387219043299
6376_2,0.03608849088255391
4901_4,0.14789246319300908
1591_10,0.9980051037060612
2905_4,0.0672965419925789
8656_7,0.6522353479203176
10100_3,0.8266215006701685
6918_10,0.6035425763401199
7105_8,0.31389472079343866
8220_10,0.9021424508301805
916_3,0.053351080207765675
7831_8,0.04926595564860196
11118_10,0.9899850941137173
7993_10,0.8295306552778914
2665_3,0.11846485989109534
1680_2,0.1035403253343889
632_8,0.9342104905416173
5838_10,0.9990648397628358
4039_9,0.9362069224962114
309_3,0.4367091842572951
6715_7,0.26715739218740436
9130_4,0.4841245434984615
722_10,0.9725468592860982
9485_3,0.029125933858284606
5421_9,0.8896920334819352
2053_4,0.003478973640649636
8824_4,0.01885088039163931
906_4,0.6061077695644344
4325_4,0.17239463244958494
3131_1,0.38234262486625464
4732_10,0.5891725096930918
7628_1,0.00026614472883237445
3903_8,0.7554224212954268
2781_7,0.9442646375459592
2530_1,0.029671628529957136
8740_9,0.8548389460903038
9456_4,0.013030629010584457
8705_10,0.9327881548856491
9894_4,0.22939709717620288
7573_10,0.993182209293498
117_1,0.00028986642128086756
1578_7,0.2672251521808737
2822_9,0.3557475242314349
2544_10,0.9165827452788299
10988_10,0.9789237504129664
9846_3,6.129732173530091e-05
6242_3,0.43667018267985913
5626_3,0.7682084947929639
4053_9,0.661486403577131
10157_8,0.5208027652772286
10582_2,0.03479859404500355
11091_1,6.460869642118858e-06
10436_8,0.9859259044477072
3432_8,0.9633605712587437
3007_3,0.4568383138377735
11467_4,0.04861887132044566
9877_8,0.11440776559945313
4839_1,0.22099688474509943
2766_3,0.14430347087757622
11528_9,0.9879121572478172
4327_1,0.0011596976690323956
8087_10,0.3737159125774365
3394_10,0.9996948600915787
4690_4,0.5658494079887432
11642_8,0.7834256769524296
2603_1,0.19861336486420525
9578_8,0.8151090397217308
8316_10,0.9341146536370125
8184_9,0.999658131384667
9764_10,0.9890602577420287
3248_2,0.00022940816953615517
5784_3,0.021370737539694398
3686_1,0.0008926999276252116
10901_10,0.9213574207650999
606_9,0.9309157243300068
6887_1,0.12768483833368635
4240_4,0.6834885846434939
977_9,0.8095834795006586
2232_7,0.5215826256226498
4107_8,0.9916536807873654
11897_10,0.9919470274368731
10418_8,0.9999957069138999
5274_1,0.00015461555558070317
5978_10,0.9994148278281264
6781_7,0.8451009252052639
6704_10,0.8878609627586143
8290_4,0.0941752744093935
9826_8,0.14438212200783507
10066_1,0.6378671019308244
1135_1,0.04827460584945938
6683_9,0.9620101793788473
9991_8,0.9885267952711606
1710_10,0.9527512965555721
4774_2,0.003373396288990999
3621_2,0.41164733801237535
9258_1,0.0020684331152940128
12244_8,0.9918494406438053
401_1,0.008094105728290378
11869_10,0.9985577880420634
3092_3,0.33453548936043226
2910_7,0.9686399530758965
961_1,0.0065889673823419275
6927_7,0.08622557477357803
4819_2,0.028166085160412094
658_7,0.5748389269709325
5477_2,0.029140213071783275
7766_1,0.009559905731750267
4159_3,0.014646699941403388
5010_10,0.9176230122699263
11093_3,0.012078078890844264
7287_10,0.9996171168615806
3462_9,0.6916007757589802
1652_1,0.01841056852617917
12077_2,0.7229618120821385
3798_10,0.9123586848910505
2696_10,0.8954453625583428
2803_8,0.9739126568449311
11941_2,0.014057527733924434
8090_8,0.9217281297844285
6994_4,0.1488518158807082
1242_7,0.980217346728969
8828_9,0.9478957444659757
1346_1,5.406070433783552e-05
468_1,0.032424753385465375
3665_4,0.03594162783725822
4476_4,0.4136842163972486
6043_9,0.7724235701903575
5830_3,0.0003250003460627082
3159_10,0.8351893115099404
6975_1,0.047625753251934494
7338_1,0.00014410369281395304
1424_10,0.4614604226729378
6487_7,0.8910657007852273
3023_7,0.7295965567946804
4749_3,0.07957680445465735
4596_3,0.8351673573674661
4681_8,0.9961110091343451
4235_1,0.13194151879200322
2912_8,0.7860978098265221
6552_1,0.00041663370763085183
4329_1,0.31889728266707634
3876_1,0.011555126314925812
9168_9,0.9145385133403161
8747_10,0.7423030212813275
11842_10,0.9986987554604471
5612_10,0.7567127266590075
10371_8,0.865971678730677
4804_7,0.9717663874124371
4914_7,0.9988472098885106
2520_3,0.2469506827109598
8053_3,0.0426280747933418
11302_4,0.05277158431018887
4766_1,0.7918018750237308
1820_4,0.19672586290968036
4668_1,0.09668409362384575
3521_2,7.672625848583484e-05
3467_7,0.9923803767321207
1885_4,0.03423380140535694
4206_1,0.3889115513847299
2774_10,0.9379269944390495
12060_1,0.006737529530063563
5664_10,0.9931150644429183
7078_10,0.993473323452039
4797_8,0.9904705562632139
2735_3,0.0002852375605685278
7981_4,0.48572803463039704
10440_7,0.9251517856860801
11611_7,0.9902543834201257
5553_1,0.057732653337002726
12415_2,0.8775035287421057
10807_3,0.04018214989650849
5539_1,0.11264735740005148
9489_10,0.9717443692135095
11053_10,0.9869196141893972
7493_10,0.9981465712679165
10400_4,0.6712339774557593
9856_10,0.9850409372496524
6813_10,0.281527346620914
679_10,0.982942039834038
7502_3,0.0183322995787869
3842_7,0.8375824008983903
7800_10,0.9509186222003759
4253_9,0.660265040836554
2103_1,0.02437640572728525
9581_3,0.5059003525013309
7335_10,0.021174249023794594
3304_8,0.9884246944586732
12276_3,0.18199375882522514
5451_3,0.2395358906183392
1873_3,0.26141094453172165
5857_7,0.7681283803194471
5423_10,0.9928065581973764
6400_10,0.9852964667794926
6419_3,0.024786685679384184
3775_4,0.0969102391046324
5165_8,0.6115067867566409
6555_1,0.008074281435669642
3806_4,0.17199900322565123
8584_7,0.9426606180605536
5390_7,0.6627416331767029
10965_1,0.004232280433224811
6680_9,0.9997857449572338
5034_1,0.35619038149658894
7718_2,0.02236408220991994
2688_4,0.1636447989390711
9107_2,0.014000813239566616
5993_1,0.0005591321921782969
7456_10,0.9598126185255014
8581_8,0.8714212209442658
8852_3,0.18741902444884895
4239_10,0.9787745913151592
9012_10,0.5429595914579265
6661_9,0.9651893067990149
6786_10,0.15542982778899986
12257_3,0.19438931799944262
8700_8,0.9855631421876825
8848_8,0.9433955132091217
11377_4,0.3150070827462429
4722_2,0.07125623715077303
8546_9,0.7842193264312662
3091_4,0.01067201967372741
4124_7,0.35844474729275505
10860_10,0.9656893428939552
2684_10,0.9957622078316465
4968_10,0.993076531610318
10785_4,0.02020764441369049
4871_8,0.15988709872925475
1064_8,0.9997281360196287
9452_2,0.00011054970289629163
9965_1,0.05828920988590023
1358_10,0.7829558217626381
12094_10,0.9974797514637302
415_10,0.9539951669147928
8308_10,0.12275062104991709
11112_9,0.9219308015896682
6271_4,0.49001483128176015
7324_8,0.572786890285288
7950_8,0.9932952251651156
8880_3,0.0602234303166796
5610_7,0.99871248448342
3918_8,0.9833708544447124
7209_2,0.0024888483189397614
4916_10,0.905347649133998
6782_3,0.016228723098455126
5607_3,0.061269703801180735
5492_10,0.9847572074557291
2824_3,2.414717461928032e-05
1533_10,0.9888860835316214
9663_9,0.9721206832050421
11087_3,0.4606658223258361
3360_1,0.021572000707724807
12040_1,0.03715798563481053
329_10,0.9846255608847491
4819_7,0.6465804138119545
11985_8,0.9599301501812402
6491_4,0.029095927507728957
7151_10,0.9968497533405332
6807_10,0.9724632874104602
3353_10,0.8002302278402609
3592_10,0.9605406804139766
928_10,0.3769905573283136
3100_7,0.8643169196039162
7390_3,0.0008204678996706435
8466_8,0.4061060458277081
777_10,0.8431589776983133
10007_10,0.9787181476788092
7673_1,0.06720270095403727
8255_1,0.015766914181623803
3734_8,0.9609938731072843
6217_10,0.48052588643011196
2264_1,0.39161309349202267
7637_7,0.9995982408286467
3494_3,0.06387096094076969
1012_1,0.35986276422704555
9796_2,0.025633282817511985
444_2,0.006619927069337103
10968_8,0.8663447954373138
8328_10,0.9540175460301229
2417_8,0.47322837515478283
253_3,0.019514547425762994
3740_8,0.9481389668909488
5904_3,0.7972479860340586
6664_8,0.8369910553810329
12027_1,1.2057388398905909e-05
8658_10,0.8443347223737436
4505_1,0.009903905415156487
1008_10,0.7027454864305847
7922_3,0.7728893453836153
655_10,0.985410600661036
6383_10,0.8761132221385517
5868_1,0.2970314427493519
7827_10,0.8690281495121138
722_3,0.03156995900799836
3933_4,0.26150145910618355
1358_3,0.07700396279044643
8939_8,0.951347872056095
9502_10,0.8801600598229316
4798_9,0.905159204540397
7088_3,0.7093628150831383
9904_3,0.0008871204569185694
11214_2,0.01383096796253169
11293_8,0.7062677554605571
11924_10,0.9978962868614117
6168_8,0.955550598540494
4329_10,0.8723992153179979
10345_3,0.011263695599102862
5512_3,0.01562883705327233
1291_1,0.006444822536961944
7568_3,0.017778871351790605
2747_4,0.09780394506315217
7484_1,0.00041673894974415614
3915_2,0.03152718458580908
8527_4,0.16786434841524792
4686_10,0.4955045919635736
6909_1,0.10962097726729629
10587_10,0.44237816852262907
9167_8,0.9727168773334107
4739_4,0.26693283570398657
6266_4,0.0208832998235646
6155_10,0.9977218645447836
11409_9,0.4451623551822317
3874_7,0.41827520731957035
7049_3,0.5277322651445231
11158_2,0.06161525819613338
5714_10,0.9993695166439887
11248_1,0.00015590865656432918
8854_3,0.6677536326073896
3191_4,0.0807795397132254
5537_7,0.7962199671979722
4919_7,0.995173470557364
8109_9,0.9895435140493045
7476_4,0.14170655194627757
5890_10,0.9707299517052634
5837_10,0.9974664583395385
2623_9,0.9220474898648207
5033_1,0.5773915938038533
12055_8,0.9993696666135824
8420_4,0.3185745126198056
5854_10,0.9727513147397302
9631_7,0.8606495472543068
11705_3,0.006908269053594652
3869_7,0.7515898240649936
10836_9,0.8745167508958814
7027_1,0.01443935009754337
55_4,0.03926441506279787
11124_8,0.9986947798901972
3533_3,0.002308720191633106
1552_10,0.9967312737124181
11307_1,3.133771106349891e-06
11974_7,0.36011620686249673
7246_3,0.1407544488338963
10648_3,0.0031639070754637816
11991_10,0.03071911064030304
10494_8,0.6514050246521954
8109_1,0.006145453869711688
4764_1,0.01861625056032258
3527_1,0.013236585925187288
4059_9,0.9407779498062954
3729_4,6.828150338871827e-08
5073_4,0.9491893245808994
4984_9,0.9105064201741984
2371_10,0.9756395395396857
9597_10,0.99644085503345
10823_9,0.8748338956786081
3123_10,0.9156452483105536
2951_10,0.8972987996228797
9800_1,0.17330369706670126
1824_3,0.6340971558684187
6238_2,0.12534544811358328
8830_9,0.8806118302157949
12355_8,0.6301903421246214
4002_10,0.9890696837938512
405_10,0.5081019615042494
4314_1,0.19672109128498141
9201_10,0.999917738105644
10466_8,0.8431075188378704
3736_2,0.030495131919752567
1641_10,0.999975540858956
3381_1,0.02696915797004716
11711_9,0.9630162248127919
4970_3,0.5411911378298557
6958_10,0.9999807703489259
646_9,0.9952848991444078
3590_9,0.9845272850387722
7218_9,0.758084598731637
5091_10,0.9994455876192884
8820_2,0.9584097353777551
3938_8,0.7884954293907904
2616_10,0.23869626198708857
7808_1,0.21239483082658633
3508_10,0.913830690244133
8974_8,0.9189093298223285
4383_4,0.9364516280331917
6360_4,0.04140388346746157
2759_8,0.9793623772670937
7417_1,0.00012224402993109453
10880_1,0.00038316777088551727
5488_2,0.10103176031604626
8015_9,0.30167108523164854
6484_3,0.06610172980720254
10117_1,6.151876677478661e-05
11363_1,0.004990723051093945
3334_7,0.9712444152727482
3369_7,0.4389113241444489
9609_1,0.022883889003326413
8396_10,0.6768710485138233
8267_10,0.9756547899191816
10335_7,0.9190658934295376
1973_4,0.018166559506431097
7123_10,0.971494544150104
6949_9,0.9989654766445412
10652_4,0.3465379425638725
10256_4,0.0002810967873579815
4557_9,0.9884073582393567
8929_1,0.030679894359309363
2429_1,0.025392963584824724
3994_1,0.08827725262314334
11454_7,0.14446884867058848
11874_4,0.02571873388234472
4891_3,0.005062381632021621
2216_7,0.9125264714406863
2039_4,0.019466499235199306
505_1,0.07267504906500856
313_1,0.005876080625414092
3383_2,0.02060299217228376
9453_7,0.5237872643643673
426_9,0.006391621170579008
311_10,0.9958508731220942
11291_10,0.7206319595531044
835_8,0.7547160017608078
2143_9,0.615215351485184
8200_2,0.5973348423743032
11716_2,0.9860489340032506
3786_2,0.5220994004795906
3818_4,0.014621431336755768
12106_1,0.0021532620731366235
2605_4,0.026082623853400138
10518_7,0.7967910087068562
3932_8,0.1254635247752771
7515_4,0.022689639157086203
9857_10,0.8558863502164502
449_3,0.5010290313172304
3573_9,0.9120421458426651
10198_8,0.6618640552562866
2286_9,0.9697244057022514
6906_3,0.3952000383925368
3807_2,0.11205263731922432
11602_8,0.9494220933418263
10201_7,0.9018626535817401
8717_8,0.9984225435489742
10411_10,0.9996065969151712
11099_3,0.18085820134558647
5619_10,0.6312800539465554
9252_10,0.9924719919004955
6097_10,0.9914407931357258
6467_1,0.31586455595087637
2757_2,0.05642916273715821
1869_10,0.9884529086351781
5192_2,0.28672214160830134
11399_10,0.8211962217542365
898_3,0.36558492235631146
6820_2,0.2247968551722455
768_2,0.04308841255643994
1783_10,0.5519840056942492
8102_9,0.9516584423459788
7818_2,0.062980266040378
2444_10,0.9895450185723659
3965_4,0.08087481560822839
7086_4,0.9444140751124074
10556_3,0.02560569221695922
5221_1,0.013760150452897623
4322_10,0.9956860297618226
7371_1,0.001789630322686864
1318_8,0.9464069640754462
8142_3,0.060486816894551695
3413_10,0.7689482210279457
3845_9,0.9864061667545361
7323_1,0.10284370730181622
5273_3,0.060447996495474866
11812_4,0.7026806810818883
5737_7,0.7437874099051885
7260_2,0.1951862385888511
5018_3,0.022057085319092333
7779_10,0.9993884039719158
894_7,0.20211934386389252
11940_3,0.019635796213808624
2471_7,0.6453831814455835
6605_10,0.8364804107263001
282_10,0.8168950795725988
12402_3,0.03087461947001144
7974_1,0.034008465418409926
12280_7,0.939275545654609
10917_2,0.0015613940880540873
12164_1,2.1877085899144424e-07
3181_1,0.016131849545995402
11240_1,0.18508608475252242
11255_9,0.8533060540672656
2318_2,0.10863849819463879
4976_7,0.7817494174572598
1822_8,0.9845286608867164
11724_7,0.8150031905944027
3499_3,0.6851804300906472
9439_9,0.4240869125592209
5469_10,0.9839994066740012
7612_9,0.9919208148930335
3947_8,0.6361302651796253
11269_1,0.004862824060104778
5771_8,0.9495391944609733
4461_8,0.9817191619979213
5683_9,0.9890915047658704
639_1,0.032658600779381555
9896_3,0.5947895945115429
5131_8,0.9401574067256978
5961_3,0.014846653235899288
5741_2,0.1221484991803958
6418_4,0.8535311407678419
5416_1,0.000638177221502667
3114_7,0.9693149624139791
3587_3,0.04131481746624045
5472_10,0.964811680652625
9802_9,0.8552803781982409
4313_3,0.6181008987590465
2921_7,0.9084931176370817
11468_8,0.5016286898004626
12250_10,0.8204834011367216
3481_10,0.9175934419053763
2067_2,0.0003810926719620853
8574_4,0.09376663840176865
861_9,0.9316154024711546
10381_2,0.008803689315553085
5479_1,0.9161245555662698
1107_9,0.9794496346312036
4475_1,0.0013587044986216577
469_2,0.2952377918675447
605_4,0.1081546477732964
2182_1,0.005966732086465488
9401_7,0.9429113800557737
2518_8,0.8954898028149629
5329_8,0.4918558824250384
3202_1,0.08086452181256944
256_4,0.6010676013152101
7235_3,0.11837910456411467
4661_3,0.8624816220504115
11045_1,0.0034029388264465634
1417_4,0.5862297308718128
4186_10,0.5923430793335531
985_4,0.1737391233775552
6553_1,0.00017640686675796737
3118_1,0.020555812132305135
3297_1,0.07126540164352035
5843_10,0.38780537068753446
7645_7,0.5097555666001804
11958_1,0.009562926278424342
10823_3,0.10072638794358818
5097_4,0.12379218540262564
4344_10,0.996985000005295
5442_8,0.9055698452826166
11969_10,0.0037891124879013832
7015_10,0.9860159825274761
1419_4,0.8530410429053549
914_1,0.005014732765519266
11911_8,0.3381429990690341
5930_8,0.8549266270343517
3853_10,0.9312621060261239
9404_1,0.0028444580469795203
207_9,0.9995819733243525
2018_1,0.31991705754451943
11192_7,0.7497765822480612
6679_4,0.3952802188360767
1184_3,0.008420492099242147
3291_10,0.8618084618470235
12323_9,0.9994926352284157
7524_1,0.03584498462970886
443_8,0.9963557164428113
7964_1,0.18093444779616424
730_1,0.0391636736640747
8969_7,0.862780687094576
8581_3,0.04009844750145175
12152_4,0.0036379322986048682
4528_10,0.8971993624751834
5984_2,0.08960738967203184
4446_10,0.4743413942241607
7039_8,0.8948296008617646
591_8,0.6297934366235775
6869_7,0.889546370964252
1836_7,0.9916525352358407
4183_10,0.9531913966802442
8590_1,0.5876997483904925
5647_10,0.32742845671522985
11076_10,0.9292189059676164
11241_1,0.1846924054167257
876_10,0.9215623203175989
8390_1,0.007468907480047258
1462_9,0.9763160984718491
8362_7,0.7718099956885663
3400_1,0.1207116987311905
2318_8,0.9950810460219661
5389_4,0.9938197486179877
8617_4,0.01613930374377903
9200_10,0.9021014025667122
8878_10,0.7007592345313042
12110_1,0.19914737978887445
9101_10,0.9738872217698236
4967_3,0.10340044369312823
12436_1,0.009682128171710921
8845_4,0.7578162772036326
3420_4,0.25000959911764736
7428_7,0.9794261659731706
11769_10,0.9725638502127462
7025_1,0.23375870233170093
1561_10,0.7532010378796496
3704_1,0.006591174589261857
3529_8,0.3109438269883862
12234_4,0.0038003545374969507
10600_3,0.014904615456494354
1028_4,0.48063129747940186
6764_10,0.9893080171236797
1815_2,0.15683956031998345
10953_4,0.0061703393117969775
2809_7,0.28346347544293604
8393_10,0.9704327252970141
2743_1,0.6145769567632782
10711_10,0.8065148583224852
6173_10,0.9997935063290373
9664_7,0.2326433566080102
6335_3,0.023154618145522537
1665_4,0.03957391242200637
4174_10,0.9989539324944126
2038_1,0.5706703516172607
3717_10,0.8808844736692807
9361_10,0.8213547878564952
415_1,0.18062346664151027
1460_9,0.9945365189542013
5915_4,0.14660649916024768
7187_3,0.3220298422826879
11050_1,0.020781087220017026
8822_10,0.6436512466135706
12407_1,0.021474857545273295
4543_2,5.023327111861515e-06
10560_9,0.9990207766810708
9108_10,0.9903926504364967
2999_9,0.33553904423576425
1703_7,0.5190004998743798
206_2,0.008552073447833122
2095_3,0.0036584298857928396
6454_8,0.9807235184273798
2773_1,0.000137142377141807
6252_1,0.0017222170524695388
2848_7,0.2358149205365128
6887_10,0.99788987977703
8660_1,0.08366686330742748
1675_9,0.7915509803257508
9842_1,0.0009544124030797709
9118_10,0.9577206036595892
5793_4,0.144416893365909
941_10,0.9970308715647092
8832_1,0.3902328646182072
7584_3,0.05979713732674535
9746_10,0.9901983247819542
1965_10,0.6236686707244136
5346_10,0.9945494397274406
9738_4,0.4871310831481663
5905_9,0.9725617019467167
336_1,0.007085914389245657
5621_1,0.007711986423484915
5976_10,0.9653362339666353
3000_8,0.9106615846922848
5172_7,0.9555096861903449
311_3,0.0891385649425802
2035_4,0.015212093568174588
6084_10,0.9769365318806336
7284_9,0.9279192942692566
6449_8,0.9580286447781198
8671_3,0.02251030227548844
636_9,0.9938413689631922
11330_8,0.9972934270203118
1300_1,0.13894836562334684
11538_1,0.021931093711402845
5159_3,0.058982769628304094
3742_9,0.9949368651845268
11281_9,0.40069364339218005
4128_1,0.5737620781904692
4382_7,0.14181598904082132
862_3,0.04021778224160158
5941_8,0.8571940833184727
8576_3,0.4737746659314475
10570_1,0.00027136721731302874
10682_3,0.2175444385886466
12497_10,0.5135214250434109
2026_7,0.9930561625321382
9657_10,0.9975823468985678
999_8,0.8946159829949913
1664_2,0.6724720585623237
1795_8,0.38932252294119624
4280_4,0.8888738378331015
952_10,0.9195130482107801
4725_7,0.9662703494116411
8162_2,2.385837027249741e-06
10062_9,0.5856490930123242
4719_10,0.9237044976402681
10388_4,0.05568099133465343
6183_9,0.829006709081106
3703_8,0.997420482365605
11259_4,0.4599302285796273
8578_8,0.9749940201597908
12040_9,0.999530157957858
6500_7,0.9845213952189591
3473_10,0.8137594746242953
11784_4,0.4158650593760633
613_10,0.99914338273042
4631_1,0.3854511114291432
2426_10,0.6571283883026888
7088_7,0.8182675772782741
5851_7,0.9630636686157711
3904_2,0.002404366097344205
1329_7,0.3827112065416362
2160_7,0.13086493309063077
4796_10,0.9892829448422114
8760_1,0.8835766892320226
7859_8,0.5788634749848409
4251_10,0.9802544004138142
8143_4,0.003810876611031209
11713_9,0.9906007009483299
5037_10,0.9798248483579072
9621_7,0.926767525522206
2600_10,0.9963834814506252
2027_1,0.006129066269611154
8225_1,0.02264327808076304
12463_10,0.2159030008603551
7842_8,0.5174052920571348
4768_2,0.09907365930802904
2644_1,0.0005435400117042482
4193_7,0.49423735045485834
5150_7,0.8469230392081691
5942_7,0.9904950655226834
8293_1,0.017512734989280014
6046_10,0.030518443117561925
12148_9,0.9867880124952697
966_10,0.2856519685311798
6428_8,0.8532024699555636
12465_2,0.007937131950032029
342_10,0.059539554329892
9246_4,0.0016745957784618053
8683_4,0.7909540473537154
627_7,0.027216597006716317
5614_4,0.5021571749580478
4546_3,0.08344052165349658
4384_1,0.002348067878909393
3144_1,0.010722263947903307
9530_10,0.2218280511811957
10558_4,0.03349150580159967
619_1,0.002116932862514156
11594_9,0.9229489863474498
6511_7,0.46953337333995876
8351_7,0.9885348366908284
9163_3,0.029760117644222032
12078_1,0.09569253557900839
5489_8,0.8227972056045258
4191_1,0.02436034523256031
2373_10,0.8988075724746576
8664_4,0.6405900469628488
4556_2,0.08466960530869026
9004_8,0.9506503169300659
1357_4,0.008971748269751103
152_10,0.8422188419189561
2977_1,0.0005520391114270901
8812_1,0.03399339728747103
8544_4,0.01653608181187488
4821_2,0.045206842147176365
7874_8,0.4881834070246168
1689_1,0.1651048802841546
9654_1,0.02128010032450397
9363_2,0.20858803265869508
8959_1,0.011009571545373506
6113_1,0.10528532418816529
10702_1,0.02417262193293048
1839_4,0.06381908617371775
10587_1,0.0634213101527689
11715_3,0.9408114391941558
12252_8,0.9935999449474985
9480_3,0.0002914914418243637
6438_1,0.36482551198067625
3762_9,0.9894544352899092
5350_10,0.725094306825566
3927_9,0.8832197664651608
9598_2,0.028078277800860595
3930_3,0.00017204948117446035
6647_1,0.00440831019424106
9251_10,0.9284920900092973
5926_2,0.006532908650931613
11530_8,0.871651152176613
1625_3,0.09568033350270778
10515_8,0.627914033492916
11185_10,0.16480251558804163
8675_10,0.9894710822428852
3701_1,0.8963033184156086
9222_10,0.7553400693019502
6253_10,0.9766750704862156
4657_7,0.9368159743153227
10013_9,0.6794573228792349
4938_10,0.9985248599703026
3073_10,0.7817428052175683
9081_8,0.9726900405477463
6928_8,0.9761325371459723
217_3,0.005537212123516395
2927_3,0.08877618146870198
2379_1,0.005141333654703326
10476_2,0.3600791727848772
8640_10,0.9548221275637627
2810_3,0.03364550119816369
6433_1,0.08835245056725391
6390_10,0.23317519278965923
11829_8,0.8597892103551878
7581_10,0.9853883630425384
11836_3,0.1254521983048211
2794_1,0.05352039716228068
5263_1,0.030984574003200004
1041_10,0.9571690342362033
7296_1,0.010709520769940006
10557_8,0.9912051332899978
5339_9,0.8762926643890487
4766_8,0.9970011196091736
8126_3,0.2800356242758242
9876_2,0.0022753542652485617
2443_4,0.025652006641183302
10179_10,0.4880312878031805
6211_3,0.028232531464140568
925_10,0.9384670793007319
5050_8,0.9990502161600692
1891_10,0.9989914253206039
4767_3,0.3495808709204825
11625_10,0.9988801382292436
3388_2,0.0010408306156373423
4908_3,0.07110509226243335
11205_9,0.6713563418584333
2228_10,0.9895587060348607
11236_1,0.33212345840446206
2367_10,0.9547212414536584
5060_3,0.011552247987644166
3292_1,0.014166137725892652
11282_2,0.2529620894596311
5307_10,0.9829827292617359
6963_4,0.0069255797915105085
1319_10,0.9910445504943828
9660_1,0.01033233836752029
7254_9,0.9987793119270363
9441_10,0.9939530499984665
3838_4,0.09533883222760971
6209_8,0.8337023239244606
3049_9,0.946992428067538
3033_4,0.43883555532523205
784_4,0.0009911208093620013
3921_3,0.0004101490225339179
9196_8,0.780830881718255
7652_3,0.9749955619014021
11650_1,0.0010019895910431283
1548_10,0.4403135818593714
10770_7,0.8275869565636821
3283_9,0.8407654730921412
1567_1,0.7138737824082685
10405_4,0.46051555727127613
6980_1,0.003016574780482855
12218_4,0.4168824134659657
5250_10,0.9999983687593224
11977_10,0.9555066471447736
10602_2,1.3976525094803362e-07
11178_10,0.9289968982344474
9590_10,0.8814724427320597
1260_10,0.9995819095417717
8367_10,0.959080026050376
2571_7,0.557045301839418
7422_1,0.00027183287312875035
5486_7,0.7765635372020624
2282_8,0.9781475634954856
6119_2,0.2421467580748165
1433_8,0.9971433927385052
12365_4,0.026931161560864218
10535_3,0.3261287969002004
5464_1,0.19877604639713836
9983_7,0.9770396730444575
10209_7,0.8152495984660749
3777_1,0.5476533259700528
12443_10,0.9788874831460419
1488_4,0.8017820371785354
8670_9,0.9442229988774098
1258_10,0.997222212458374
9_7,0.5351844527946423
12175_9,0.9932866895746024
211_10,0.9690556882860407
6329_7,0.9622555596086969
8866_10,0.6632941602689281
5911_9,0.9939636541822678
6100_1,0.3035098185303469
6342_9,0.7345368042087213
5455_4,0.7083770284406107
1215_1,0.00784528304004504
11020_3,0.032497716673859756
7975_1,0.0006427663716356041
6720_2,0.0023142398188447846
8986_10,0.9746062245557293
4874_9,0.8061498399956345
7204_1,0.0015137322543682544
2612_10,0.861272156877481
6923_9,0.9952466057706656
5742_10,0.21818990604549227
5044_3,0.03600588593330929
5013_9,0.83532588713377
9752_8,0.9967034632291409
1112_8,0.9997885783843666
10925_8,0.9897626871088495
7012_4,0.012817331500768985
11484_10,0.9867739234819846
883_4,0.6863065672528602
2398_10,0.9991149559345107
8990_8,0.5728119887319649
1194_10,0.9668181540704219
2313_1,0.32012359080234304
9584_1,0.00018987008450210073
11638_10,0.9698384133436233
5995_3,0.7090263186112395
4456_10,0.999108049144128
321_1,0.039872866409954896
7147_1,0.5571576514473897
10212_4,0.003146561314811644
7960_10,0.9122498052747364
8022_7,0.8302460736306952
11649_9,0.9830035921190017
8442_8,0.9163599376193193
8976_1,0.0011910450621058087
9199_10,0.9849648919418696
8925_10,0.9972901273704218
3079_2,7.850301725895151e-05
7727_10,0.9906884691666883
2338_1,0.3651670018188331
3221_2,7.195786301180923e-05
288_7,0.2151873431668855
7150_10,0.9901274637752462
7520_1,0.001979392710928491
11477_10,0.6983205009869465
7765_9,0.9969168125557897
10062_4,0.12171387186401944
10616_10,0.6395530083472994
10592_8,0.9201361986812393
6745_4,0.4746483981835541
7912_2,0.2489825385196897
1130_8,0.8723620161056325
11096_4,0.04678393734244486
10081_1,0.038145649143344736
3808_10,0.9325558302807836
394_4,0.054076078968490496
7080_3,0.03488665090610312
4479_10,0.9887947239311514
11417_7,0.45834797023350227
8402_3,0.6241484891765915
6669_9,0.7912758146555509
1494_10,0.9279185916199909
7980_3,0.5635177409125821
11366_10,0.8067268342106971
7566_1,0.008430608985534408
3778_1,0.10460884343622276
317_2,0.04154644125821192
8475_7,0.8594327307631724
11012_2,0.08312946677302092
11936_4,0.5241469796149135
145_9,0.4914360926304556
11427_1,0.102767855920436
2204_1,0.07480304123854213
3373_8,0.6917952122282555
4640_4,0.9658873707982454
521_7,0.5370341977405851
2871_2,0.8189848369730035
9823_8,0.5406998852075687
5893_1,0.11548866777727616
8541_2,0.014762811237037784
3403_3,0.01610029657737596
8660_9,0.42053477215712265
7046_3,0.013288660434695116
338_1,0.0016323649299106338
9541_1,0.04380857321291138
12179_7,0.5421319414588478
9663_3,0.19607353627928495
6948_3,1.0045185781926672e-05
10308_10,0.7726060736259699
11027_10,0.9760372270372035
6174_3,0.013353011051959074
10151_8,0.681779034830951
10665_1,0.039408419815904025
6453_2,0.08986283560493757
3619_2,0.0038841970285895646
3114_1,0.0037048913357153445
1309_2,0.0029573470617950785
8468_1,0.06638566215041454
8292_10,0.995867749698045
1955_1,0.0311256361312971
4498_9,0.9915099795936838
8075_9,0.9349490781076156
10528_8,0.6049264015292948
253_10,0.9988170344568217
9467_4,0.26768392400483476
4018_10,0.9826982881857134
2644_10,0.9856535318254626
7240_7,0.9849766567576094
10929_7,0.9966958762429547
9743_10,0.7536771779178668
4641_3,0.09794837699831735
5711_10,0.8485980285544967
4912_2,0.10042268043431646
455_1,0.5622457031719329
2749_8,0.3016216025105347
8780_8,0.8334594487122926
2626_10,0.9972607812255024
11745_2,0.006013081771733812
6952_8,0.9826013854269976
4645_2,0.22951170592642484
10372_10,0.9901247152149638
4282_2,0.15111908336074578
2195_1,0.008685406106576457
11058_3,0.07802990924968493
9507_4,0.791375571749981
389_10,0.947681947697979
4388_10,0.5732181994139507
9540_1,0.001108955177286032
6610_4,0.8535793408592851
8796_10,0.9748786784757719
3746_1,0.00029998199489727795
11083_1,0.008972591086481373
9901_1,0.012658368512891989
4165_1,0.0886328850448488
8928_9,0.9896426965718623
8173_10,0.9994424978310349
5161_1,0.018783080159633935
11458_4,0.003272017031620671
11206_9,0.09755924482188941
3532_7,0.585623420122952
5088_1,0.15378581716904408
11699_8,0.0851783511647892
10114_2,0.0018539295013527636
8626_9,0.3912163379983453
6702_2,0.1522288608958812
3504_1,0.09320496280939856
3353_4,0.11237250264370237
6960_10,0.9825653996273735
5529_10,0.959767393692384
5510_9,0.9716433914472185
1868_10,0.9222379040369276
11166_10,0.9946944362025506
8411_2,0.012784142184502204
9561_10,0.2201139926111033
11290_2,0.02963090891127292
1167_4,0.3260086511379432
9577_3,0.24177232999751408
1496_10,0.9998950928342406
3042_10,0.9856028552858164
4021_4,0.058075479941453345
6643_10,0.8834821509909737
806_10,0.9844600726915562
1520_2,0.10682974223138968
11133_10,0.6933460503858283
2783_1,0.006442576682438573
9570_10,0.9678333816582512
2349_3,0.01192246362821032
2242_9,0.726746350636486
6113_10,0.9883866423634011
2153_1,0.45329724208760547
9167_3,0.3598703449399577
156_3,0.2229867872401364
10607_7,0.8677950677693563
4270_4,0.0017391146751544666
4713_1,0.003032603556767506
2895_7,0.649559115088937
8240_1,0.11947686825073602
12241_2,0.060283719630688085
2919_10,0.9992498001291199
11110_2,0.01755168352540547
4502_8,0.33563164042885474
11957_1,0.009289456867070865
12338_2,0.2405928135473836
2474_1,0.12957061059343883
781_4,0.06354869610804612
7528_1,0.09208900726751451
3252_2,0.002328778093218063
6778_8,0.9364809535729083
3149_10,0.7933103943141064
436_4,0.0026482154095361994
2586_1,0.18660855538752827
3610_8,0.09812913906480444
4392_10,0.9967166864776167
8914_1,0.4479498165411955
2197_1,0.005108138767455084
3323_10,0.9891431726390096
975_4,0.2790602318457439
9407_3,0.8544613154857748
12005_7,0.9903731371447664
1911_1,0.0035022776390985777
3956_10,0.9999130338731338
1441_8,0.9971433927385052
10787_3,0.013034931336813011
4569_10,0.99708072622784
11685_10,0.9719856097074071
7810_10,0.8916349324608113
3951_3,0.01891846436545074
6050_10,0.21014794394694455
2758_2,0.007838363225179093
2664_10,0.9368549718611658
1537_2,0.001014544903030106
7988_1,0.6703338948634674
6090_10,0.9989636314467987
11509_10,0.6526974253533074
2227_3,0.08527494394231948
865_3,0.17033914840143943
7138_8,0.864782703798639
7924_8,0.9092413334699677
10104_1,6.926133980143081e-05
3917_2,0.0036422714255820777
169_4,0.2894781691875419
8630_7,0.9813787766359315
7895_7,0.7479776619641533
5485_10,0.976436815813823
8390_8,0.8715563269462622
11497_7,0.9654187605746022
8964_3,0.04409841222355715
4647_4,0.2370725561406063
12231_7,0.5358475643126018
9634_4,0.7625979560937289
8582_10,0.996433948993903
9237_4,0.19748249551177308
2847_8,0.8382370842560608
10940_1,0.0032713472052120266
2990_10,0.9976607337298253
8377_8,0.8232092634183504
1206_3,0.4352682029822448
11719_9,0.9818671429692901
7003_1,0.13820629505089263
8012_4,0.43502950334207363
2572_10,0.6360253929255794
4126_8,0.9598914385810483
9190_8,0.8418646131899757
9625_8,0.9860922224932643
4706_10,0.5181443400159207
8697_2,0.05657565016446626
435_7,0.9787631294348629
81_3,0.8269190980267074
6713_8,0.6477991048232152
5840_10,0.998629175583647
5671_8,0.8725004510759254
5064_3,0.12217838436110054
1149_3,5.376687310538007e-06
12324_10,0.9565945364755541
6705_1,0.04589521592030264
243_9,0.8999233448273771
306_10,0.9183346235635532
7134_3,0.021608803098372875
3227_10,0.9957751969025588
1363_10,0.7288181156389748
5134_9,0.7617666123704416
5269_1,0.3388899444676937
10915_4,0.004237690978411074
7591_2,0.07824910816587383
2326_2,0.03969774980695962
688_4,0.600468645217887
878_10,0.9772464293758651
10245_9,0.7631035984821309
7388_2,0.004064025789910201
4304_1,1.4420969315528155e-06
6752_10,0.859503170704648
6881_8,0.9973882443180775
10230_2,0.4796428936809367
6901_1,0.1441858093101531
441_10,0.9995938378769407
4743_4,0.22324739841202207
6228_7,0.4857646104688932
2563_7,0.7163189490206407
6237_1,0.0076676002980037685
8619_3,0.10832739455732743
2749_4,0.8783350762311009
12355_3,0.21863845457193012
4915_2,0.0255672138929484
12234_7,0.8674923051723852
3756_4,0.05818069183707151
10051_8,0.8852423933475406
5068_9,0.9531352097278113
7767_10,0.9964671329140764
12069_1,0.2521113751372601
10634_3,0.01225264464021976
2787_1,0.01693822591081722
5281_1,0.1369229617018576
1496_1,1.82942588946197e-06
8963_4,0.011714797292893564
983_7,0.012144342589329902
8337_4,0.0018949471242701089
783_1,0.158047493470166
9939_8,0.8988542528154824
6507_8,0.9869688680595784
3488_4,0.1378889909778222
9304_9,0.3296298795649106
8664_10,0.7710107213489156
2722_10,0.9713844482854751
7716_10,0.6696149407566262
8512_4,0.5568853734915485
6002_7,0.9965053847310912
1213_3,0.8980139531557845
6351_7,0.9995511888973315
3049_4,0.01828430372250599
10897_4,0.07393216378298861
1936_4,0.03053137331342901
12368_9,0.8402286091731528
10982_1,0.00291958879854707
4116_4,0.03638405525208521
8243_7,0.18224459535106557
11506_2,0.34340538454551894
291_3,0.019686052008311833
7745_1,0.010293890711199216
12190_9,0.996345590580934
7068_10,0.8680765720136057
9649_3,0.45101350730258466
773_1,0.30720848092000574
1727_10,0.9990898298442913
346_2,0.4925358539779106
4629_9,0.9611606529316409
2509_1,0.0008669226343486152
3664_3,0.009177788852885465
1024_9,0.9672089090955794
9514_1,0.004193048730291386
3483_3,0.004477784745719276
10053_4,0.9436877980016721
255_10,0.9814843601362959
1922_10,0.5039829781702566
10416_4,0.200874609076619
9154_9,0.9749828150436225
12359_3,0.3080087555324037
4850_4,0.03534456794116721
12398_10,0.9237736359959938
8910_1,0.0010934977711400534
3797_8,0.9613479397125625
2428_9,0.8757912938008926
7062_4,0.5342903288069516
7130_9,0.9961744500810193
7343_1,0.08775108744925264
7735_8,0.8867980029263706
4104_3,0.013208921883719967
11518_1,0.00019581125797298447
10784_4,0.5864439954977656
3687_1,0.043404979931728115
796_10,0.802027352274568
2613_1,0.040477729397846114
3962_9,0.9130488670027161
4637_9,0.8039734295471299
10076_3,0.018676598709302373
2643_9,0.9951022764917861
3588_1,0.2268963633025587
6788_1,0.9723015758935422
1445_4,0.6789220203039097
10630_7,0.6502454594131214
9173_10,0.9751795291515886
3998_3,0.0018165337148279503
11853_1,0.043468668544516184
2982_1,0.013016984906727553
2536_4,0.7239665156270577
5912_10,0.9631658670884724
3267_8,0.7902756851310573
8966_4,0.5810783370264446
7671_3,0.057712663486481755
1962_1,0.10464119536109703
3574_1,0.061937515954805636
10580_1,0.15545035947808214
10103_9,0.7509661023702892
2101_8,0.7923689955360693
9804_10,0.8737594484984266
12413_9,0.22638914841259775
9696_2,0.03613983241076619
8988_1,0.004051224204992748
882_9,0.9389196505543435
8098_3,0.2259406768448224
6072_3,0.5825665014551031
9484_10,0.9961503330176368
3448_10,0.9994616864411291
12074_10,0.9931472769749548
5880_1,0.009180524816015752
7658_1,0.0013057442312722992
1286_8,0.8348576727175825
7013_10,0.9847596527653322
3590_1,0.052242733863239736
695_4,0.061268752997076535
8889_9,0.4026994808730919
735_1,2.6178533828809517e-07
2041_7,0.6241930765502859
12041_3,0.04099009171102701
4918_3,0.278553088812145
1428_3,0.021345802896022427
1846_4,0.01352431813521473
11103_10,0.8842819657891136
1026_10,0.9876071600385489
9731_3,0.4192197836907054
7481_1,0.008522884975442372
10191_10,0.9658051272364138
8262_4,0.002214082513757517
903_10,0.4228487214173577
4212_2,0.6678816298043595
11611_1,0.0008252881981862616
7814_1,0.0004400837760980925
5116_10,0.937816096877642
150_4,0.009417786778189836
3618_2,0.002162644033178622
10870_1,0.012186546096244992
8523_1,7.524978353675657e-06
2193_10,0.8985492954744333
10237_10,0.9958273903838877
2139_10,0.9922787679139706
7691_7,0.9451475860423171
9374_1,0.03665740114828257
11426_7,0.9865238675312461
12319_1,2.538796705353777e-05
6817_2,0.3217581358649436
745_1,0.005207181049567337
6632_1,0.09336873263414765
7149_8,0.6742521852146957
9558_3,0.1248795892840653
10509_1,0.046737881765598246
1528_2,0.33970970011179163
3422_10,0.9632226359526237
6112_8,0.20718081397949947
3606_4,0.6679936154332644
8768_7,0.34783454741257575
2871_8,0.7543595632392324
12404_10,0.9901423120923769
6936_3,0.5310575583132913
855_4,0.1724996008703923
5703_3,0.0419026029241645
9446_1,0.0043323582009368875
1407_7,0.6729258588868685
8422_10,0.9762703057137595
40_4,0.31212883467639957
344_4,0.024383614867368956
11019_10,0.9953076967766544
869_1,0.18686632247385926
2245_10,0.9876181766884157
10002_8,0.9949940901826996
5110_10,0.997329989153067
3201_9,0.8802176599900287
10621_10,0.8490567996332761
1213_7,0.48985580022126524
2147_10,0.8964407787271623
828_7,0.9431689933211354
7600_8,0.7601576344844496
4472_4,0.244302952098126
2759_2,0.036281576022319816
10890_1,0.0010389202611867953
1637_10,0.8228122567461178
1667_10,0.9701858122095465
10433_8,0.9962782688166822
11350_4,0.006324172975858458
9437_3,0.5162114298355988
3748_3,0.3787275393611083
8062_10,0.9976614121804622
11981_10,0.5742217758377725
4214_7,0.28033493080780286
6496_8,0.5726661299921522
4489_4,0.3075555557114938
5965_7,0.7941545444148561
2785_8,0.9984347138370765
6838_9,0.9973428027712065
4678_9,0.9381535543394962
8564_10,0.9175532187834297
4375_9,0.9544693201635821
4654_10,0.9614250373356302
2077_10,0.9288734645536645
12491_4,0.04364331532655291
11483_10,0.9956649406376995
11130_8,0.9261262748023227
2177_2,0.8749360658397507
1376_8,0.06895394132827783
3557_2,0.0002741084468566617
8039_3,0.06903545310320595
6951_1,0.32833972189517896
3440_2,0.33572372146290286
10192_1,0.004559953553963873
5874_10,0.9974994698300925
4258_10,0.8353029803777472
8838_4,0.15902109744309828
1090_8,0.8587511857295821
10570_10,0.9756983942147438
3421_7,0.20345080125316736
1626_7,0.9795906371057321
9887_2,0.32423251922817325
4079_4,0.03544109209088617
8826_8,0.6793899067645095
8805_2,0.0001258131896065969
9121_3,0.8393023516618119
10916_3,0.1733450975239243
9717_3,0.5162512331725158
8662_4,0.37405282217219643
7393_3,0.3508565682248195
12304_10,0.9877215366536297
7063_3,0.5455197846638002
7955_10,0.9625516744366124
2266_9,0.9810156325876803
3490_7,0.5834726682286017
11145_3,0.6242830841267594
1668_2,0.00040710468730869985
1011_8,0.9823542545064347
8300_7,0.01689911224433264
9995_8,0.930277826219997
1326_8,0.9780144904749737
5232_2,0.3964753648425627
363_10,0.9794162214158658
11772_2,0.755565968151954
8771_3,0.00036532596705930856
927_3,0.49144584743673647
2569_2,0.00640034201800096
5558_10,0.7531915720098659
12375_10,0.9376130122956514
2338_10,0.9961813621915999
5773_10,0.9996839382967027
4664_7,0.9798088333197598
12295_7,0.6427750070400396
4123_8,0.9377298897453107
1553_10,0.9985323895471853
3770_10,0.40575323728814794
12011_2,0.007227279516139536
8033_1,0.024603088509518856
1395_7,0.6635611757662675
8614_7,0.8170278545458561
3784_8,0.8873463298527687
8769_8,0.8157833291957131
888_8,0.8560305452012492
7799_2,0.9519766804447208
6031_3,0.3732384319212936
11584_2,0.002351958252024715
4570_7,0.31678845876542555
6990_8,0.9533819594486254
7290_1,0.018305433023750817
1186_1,0.005183017312094583
1329_4,0.5703578201494379
6793_10,0.9920746075368632
8562_10,0.271203032382982
8841_4,0.022439945573274143
9234_1,0.4288606404450854
2992_3,0.022344973920780206
3761_4,0.021926758563794644
1144_1,2.6309285353329648e-05
11737_10,0.9853663605414608
6628_10,0.9901249262758223
7619_4,0.8652333881615277
5074_3,0.1937703085752338
2056_1,0.019403545213795222
812_7,0.9771068617861518
615_3,0.17070578548582968
1473_3,0.447891716562713
11642_1,0.2367537425200848
2957_8,0.3867386287050885
3223_7,0.33992230558123804
4491_10,0.9937532896051453
11617_8,0.8669717066864274
2209_8,0.09584692176196312
10250_4,0.001680376798332227
8707_3,0.06246165496613546
3581_2,0.13557340480401625
3089_2,0.0035050236998550102
9367_4,0.18806111093893496
8890_3,0.018406510960549134
4657_3,0.014980006072591458
8474_1,0.12359970979457562
1542_3,0.0441983146826054
9024_8,0.44579531175042136
3176_1,0.27462955804885353
11219_8,0.9937067417061359
1086_2,0.08713717522754266
11230_4,0.6247896963474744
2543_3,0.07681751521113482
3391_4,0.8782768673363854
5876_10,0.576365314736854
6712_2,0.5511456835092157
12468_1,0.0053840348050129
1801_10,0.9931282569079737
6727_10,0.9501746350832808
3072_3,0.000264384356007692
6079_7,0.9180573156862407
1409_10,0.8575165860351627
7709_2,0.0053949248425980865
11484_2,0.8383644315991572
10843_2,0.0007154015815374414
3964_7,0.6399635592748291
5691_7,0.5165124507675667
5837_1,0.03569170891910494
963_8,0.9999559557141732
3530_8,0.911917836857443
6558_8,0.9856341351643629
3084_4,0.05513764864867973
3025_8,0.9562931340540795
9396_8,0.35767021063269255
7530_1,0.02022257650451405
6301_4,0.02992229979244257
2934_10,0.9752025265168225
8286_9,0.9719056161421407
12122_10,0.9854472866880489
2799_8,0.45596158190183617
3516_7,0.0284459768646814
5715_10,0.9799929192456304
6525_3,0.7098104774012148
12308_10,0.8278585236435342
1305_9,0.6353450883828887
8190_2,0.10521578306587845
8170_1,0.8217202096026134
2355_7,0.9937336171357449
9714_3,0.03271494886929978
9667_8,0.897884311527551
4861_1,0.007659613919718174
10028_10,0.9991410396704942
3256_2,0.5259296295345363
5974_2,0.11061846797658623
9185_10,0.9949292398867633
2507_10,0.7157209365690195
8910_10,0.9800233370371036
6791_1,0.33399582008826323
1692_10,0.34028688099175264
5520_10,0.8753404611402791
10119_10,0.9936172165646283
1226_1,0.13021240965021544
5998_7,0.220954961771521
4421_1,0.013001039985443474
7660_8,0.8637185901162499
5532_4,0.5526530474632133
2869_3,0.458508577932947
3795_2,0.0032446867774520638
3602_10,0.9999938904125707
1453_10,0.9362119379685063
1298_8,0.9741993927540729
6331_1,0.008750401944062553
7694_3,0.005157895704144303
11568_10,0.6542715122548742
6426_7,0.6394243548777168
609_7,0.17123302548067323
3352_4,0.530117880016689
12451_3,0.0354162171534675
3228_7,0.9958172222529166
945_7,0.0633652666431552
8283_10,0.9296653317965214
10780_7,0.8750217302154987
2944_1,0.0020349697220360843
5697_7,0.7242276181766238
9066_3,0.28570607568233714
6254_7,0.8757564494994062
384_4,0.015207504880340101
1961_9,0.9908706405798378
10085_2,0.12067836272558302
1726_10,0.9751955983628792
7937_1,0.00835159856750354
2561_10,0.878425586160696
9899_9,0.9998272202690908
8694_2,0.23220045822421598
4217_8,0.7132808510525193
2425_3,0.842309918253247
5809_1,0.057084006068697124
3122_7,0.8275891301980536
1522_10,0.989146557005908
5582_10,0.7773865501602067
12357_2,0.020256213573127485
3166_10,0.6982612232457401
3176_9,0.7212811677475197
9320_9,0.9998840695758611
8187_1,0.00476950875605317
5573_1,0.0010997515001481524
9078_2,0.5253512573982966
6706_4,0.3750769282020973
8882_8,0.937625105743476
2489_3,0.22090310238646688
2768_10,0.6686050930114575
2384_3,0.48241436162495105
12494_8,0.6580996088383575
10375_3,0.06326884935009772
403_7,0.7480246178202057
6334_3,0.10189170721153573
9136_1,0.4949121173883847
10698_1,0.006843731363412635
2203_4,0.2316776132055801
2122_1,9.64509860382416e-05
2904_4,0.39170253191987275
12367_9,0.954154687641467
9638_8,0.9941649083263149
2005_1,0.0005572454752853017
4963_8,0.7067624757358885
7575_1,0.2259015914652563
9989_1,0.18623088939377563
8776_4,0.899346906130503
10188_10,0.695210914619248
8238_1,0.12588697588517297
9244_4,0.6968070240678748
11142_2,0.006597057265636846
4365_7,0.6571022938014084
5877_4,0.26475334206217266
12135_8,0.9862534265648227
3526_3,0.42574026741462945
5209_4,0.16458162390783662
5991_2,0.017168221182761952
10888_1,0.054803368418815904
1303_3,0.007417523389239724
5764_4,0.1222465219065258
2933_10,0.9907404672600136
7297_1,0.028081393849843293
11156_10,0.6356098899085603
1353_1,0.18028762248543698
10017_1,0.7231421798371672
4203_3,0.6196236231678601
4546_9,0.9988451677993949
6039_1,0.0015593872154647916
5804_3,0.03074920682905171
9085_4,0.6908973623688696
10774_10,0.9850218438530162
2178_7,0.2463680835674341
2958_2,0.010474649928777688
11469_8,0.9103668961506087
5378_2,0.9322571767485491
4583_8,0.155547269950177
9539_10,0.996665958718533
5090_8,0.7677460571217599
12036_4,0.007432950994936952
1766_9,0.9690593685157458
11536_7,0.9548250734464965
4792_9,0.9400675052115554
7615_1,0.16620771201570678
9624_1,0.00015128200877775628
5230_9,0.9925654023200335
939_4,0.607498715501842
2353_7,0.29551578705454495
8760_9,0.7558558158148957
3231_9,0.9961103392223593
8183_7,0.9810485247502072
2156_10,0.1940651612511878
245_2,0.008896561877348526
12048_1,0.004662907788015757
6572_9,0.45196676100841204
10848_9,0.7352158010318657
9576_10,0.7507479156712672
3174_1,0.021478512837085323
9824_8,0.7145494929911843
8199_1,0.08549597017293095
10911_3,0.028484173798812178
2452_1,0.8653319142281461
7574_3,0.09177408017879266
8363_7,0.9358445836592956
3672_9,0.9886378472574412
11693_10,0.999239633662643
9731_10,0.9643149726703973
280_1,1.8132159858507303e-05
10065_8,0.992328266911334
10284_9,0.6607225010047402
7990_1,0.0012433515890742572
12256_4,0.9687660898300289
7558_1,0.007217026077185618
9636_2,0.03352580651768247
8632_2,0.4145062805258988
6157_3,0.13309772514039003
9429_7,0.6016962418018404
1447_1,0.2128337709101429
10948_8,0.9238467993769264
12300_4,0.03972747979702193
10208_1,0.14529067897490291
5889_3,0.8256292068781128
2376_9,0.889785337561371
3354_2,5.164792201029091e-07
9530_1,0.10925402162186902
2469_10,0.9904020223356449
2229_10,0.9701434483581627
12326_10,0.6116935315586671
8097_2,0.5138661629346698
6502_3,0.5572934931644138
8877_8,0.9999223057044808
5408_7,0.47389118882842574
3589_4,0.08293346718675809
5934_3,0.007698088365750317
3653_10,0.9990437996390283
6900_1,0.0023319926100211223
3395_9,0.9954816844120361
10302_7,0.7137020632066715
10527_3,0.0335209451571637
10080_10,0.9847356025733581
5818_10,0.9612806895854853
3178_10,0.9506941009329752
10636_8,0.9529461177469781
9586_2,0.9043520510843089
8548_2,0.5047413261349618
2851_1,0.0010721520895978678
6874_7,0.9318112048136501
5850_8,0.9941806455220936
2392_10,0.987379150269189
7434_2,0.5795300107098822
11879_10,0.9424174994529402
1190_10,0.8402690573861632
8411_10,0.7935845619379209
4833_9,0.39634248515946496
5853_1,0.022979843343619234
5485_4,0.008850765493372652
111_3,0.12619376943272384
6376_10,0.9839071071651604
5425_1,0.10261363399689911
3189_2,0.03404017541816899
5053_8,0.9718681403219592
1171_1,0.5761359983003334
2206_4,0.00848287325756481
11912_4,0.29287084276756375
9874_7,0.5339384917639027
3439_9,0.9233974886683256
4221_8,0.40077911327496535
6830_3,0.035928593826145716
960_8,0.79741325484543
11862_1,0.6331661441152523
8231_7,0.49334695413788826
11765_1,0.02195028261714878
9849_1,0.09667331481315658
7518_4,0.5054456546370103
3014_1,0.014265818886000278
2534_10,0.9800598421730314
5197_10,0.8868005114152454
6775_2,0.20675830237285064
4649_1,0.021264711030489058
10748_3,0.12029507847144223
6943_4,0.46269660679732727
9692_1,0.0007667005494077135
11972_7,0.054232003755845797
7251_9,0.9996668380981494
459_4,0.5057352188532489
1101_8,0.40506612876526954
358_4,0.04315090409446474
7543_1,0.009892890638202265
3980_3,0.3154148431657252
1276_3,0.02238375629342109
12111_8,0.8994479389226235
11876_4,0.0692044597801685
5473_8,0.9967188963376516
1296_1,0.005789834153118159
7224_9,0.7251427488829947
8035_10,0.9782827824229511
10436_1,0.04112507327980173
8475_1,0.14850922244385018
4293_2,0.059691655634981
9867_2,0.00031208089542843003
4101_1,0.10761544199469487
6220_1,6.635460624183367e-05
6246_4,0.1556216443919168
2907_8,0.8573062912340763
4532_2,0.0010483116032165712
10753_8,0.501309625644362
328_10,0.9992795428642626
1941_1,0.05574979999489341
7586_9,0.47776524480058863
11294_1,0.051944142209426246
7534_9,0.9852667331592193
2675_3,0.172054697304973
3837_10,0.9997053973475237
5349_9,0.9765327638402547
641_1,0.0007960492535368532
9273_8,0.5898847835006299
8120_4,0.6179962668743593
10610_1,0.045727809746016694
1829_1,1.0411725944531357e-06
6406_10,0.9832208761570981
4029_10,0.9923979339604099
10845_10,0.9265037409905656
2573_4,0.629640400347745
2033_3,0.1659813349853848
9633_4,0.6149862653985733
6243_1,0.20132140772770554
7596_10,0.6568689105075269
4208_8,0.9227979113609269
6984_8,0.5842684173359713
3656_1,0.016326754483847055
2434_1,0.0036411286967616557
10340_7,0.26312578804563164
6130_9,0.9769716874166324
8093_7,0.2702160894910356
7962_1,0.137521478057451
12178_7,0.042199999068038854
10931_2,2.0185606296663605e-05
6857_10,0.8505985538851173
11091_8,0.9990794568449629
4167_2,0.3240837805717979
679_4,0.38885827272212997
10147_1,0.0022806557318675296
6875_1,0.003220643775748074
923_10,0.9997020430625578
6200_8,0.11812497582870515
7208_8,0.998636252297856
5363_8,0.9858418034596222
4067_8,0.05424253582668546
1773_7,0.5697189425531073
1498_10,0.970043311403145
10497_10,0.5382031870764917
3444_10,0.9861316422603909
588_2,0.03728020132351006
9678_9,0.8919942101252696
1983_9,0.22275288669361354
5012_3,0.30658988784788044
12240_2,0.35012089209242997
5071_2,0.17220845221426972
5078_2,0.006380175686643757
10069_3,0.1350999197207043
7407_8,0.5997629057351181
7207_1,0.00862794973879932
2155_10,0.7987323343001055
59_10,0.9918693110191429
2531_1,0.22339589821782635
7772_8,0.9820667455298651
11465_10,0.6874575923748218
